replicate,iteration,logLik,alpha_T,alpha_H,alpha_W,E,delta_c,delta_s,sigma,tau,method,job_id
0,0,,0.544152021408081,0.5515354871749878,0.47106078267097473,4.487590789794922,0.0,0.0,0.5201476216316223,0.4704859256744385,mif,28
0,1,-1081.3050537109375,0.39767560362815857,-0.4179937243461609,1.87705397605896,20.13020896911621,-0.28156375885009766,0.3203870356082916,0.25706708431243896,0.4291136562824249,mif,28
0,2,-990.0454711914062,0.22568820416927338,-0.5286915302276611,1.7521893978118896,20.39792251586914,-0.5912544131278992,0.31494033336639404,0.38279202580451965,0.30598846077919006,mif,28
0,3,-891.2431640625,0.04618758708238602,-0.5376226305961609,1.6942687034606934,18.235658645629883,-0.18116900324821472,0.14927434921264648,0.4560209810733795,0.19065098464488983,mif,28
0,4,-817.665771484375,0.027317028492689133,-0.31582537293434143,1.3484967947006226,10.725597381591797,0.3585810363292694,0.54429030418396,0.4126444160938263,0.18738007545471191,mif,28
0,5,-791.0554809570312,0.020416365936398506,-0.15627740323543549,0.4557785987854004,7.520880699157715,0.7299365997314453,-0.10775242000818253,0.39385324716567993,0.1645362228155136,mif,28
0,6,-785.1212158203125,0.027109209448099136,0.28864139318466187,0.29311057925224304,5.376705169677734,1.1417241096496582,0.26632335782051086,0.44704580307006836,0.12416505813598633,mif,28
0,7,-888.9873657226562,0.01902078278362751,0.0029757581651210785,0.27478572726249695,4.442564964294434,-0.9439756274223328,0.6619629859924316,0.4318505525588989,0.184760183095932,mif,28
0,8,-819.7764892578125,0.028149377554655075,-0.08844664692878723,0.6553646326065063,8.671268463134766,-0.2890024483203888,0.43480122089385986,0.4450048804283142,0.10380061715841293,mif,28
0,9,-878.1847534179688,0.01973867416381836,0.02086879312992096,0.7713894248008728,10.622978210449219,0.26910585165023804,0.3331984281539917,0.43313807249069214,0.11440066248178482,mif,28
0,10,-809.4627685546875,0.010872721672058105,-0.21107858419418335,0.8036724328994751,9.203340530395508,0.09287065267562866,0.3824872672557831,0.41497930884361267,0.14837965369224548,mif,28
0,11,-823.4822387695312,0.01850045472383499,-0.003435122547671199,0.7279835343360901,9.262763977050781,0.21431241929531097,0.35427752137184143,0.40613946318626404,0.129448801279068,mif,28
0,12,-831.3463745117188,0.01232748944312334,0.2670011520385742,0.3167051374912262,6.23302698135376,-0.17083632946014404,0.5355187058448792,0.43097758293151855,0.220913827419281,mif,28
0,13,-785.673583984375,0.010484518483281136,0.24732232093811035,0.8034807443618774,8.678725242614746,0.3644073009490967,0.5232366919517517,0.41229304671287537,0.18636174499988556,mif,28
0,14,-810.461181640625,0.00901494175195694,-0.11875919997692108,0.6361775994300842,7.305886268615723,0.16896042227745056,0.4498313069343567,0.41478073596954346,0.19349932670593262,mif,28
0,15,-785.9864501953125,0.007762155495584011,-0.145232692360878,1.1730600595474243,10.780355453491211,0.5843766331672668,0.4141889214515686,0.39395391941070557,0.13502533733844757,mif,28
0,16,-865.6642456054688,0.006537851877510548,-0.011496447026729584,0.9538142681121826,11.430536270141602,-0.03205151483416557,0.32979512214660645,0.43771520256996155,0.09411275386810303,mif,28
0,17,-798.7735595703125,0.0054980251006782055,0.05755845457315445,0.8192769885063171,11.210769653320312,0.1511421799659729,0.2571184039115906,0.42363348603248596,0.17192630469799042,mif,28
0,18,-780.1481323242188,0.007872520014643669,0.2186419665813446,0.6397677063941956,10.523004531860352,0.406165212392807,0.11771848797798157,0.44406768679618835,0.1793542057275772,mif,28
0,19,-788.4088745117188,0.0051787244156003,0.11856196820735931,0.718106210231781,7.63718318939209,0.6763887405395508,0.3809716999530792,0.42323392629623413,0.1886882781982422,mif,28
0,20,-788.9308471679688,0.006105428095906973,0.24471870064735413,0.682428240776062,9.523200988769531,0.06514213234186172,0.2481519728899002,0.4114474654197693,0.15886282920837402,mif,28
0,21,-797.0220336914062,0.005739727057516575,0.3950428366661072,0.064909927546978,4.316046714782715,0.30514222383499146,0.044517647475004196,0.4554409086704254,0.15650248527526855,mif,28
0,22,-817.1121215820312,0.010509219020605087,0.15803641080856323,0.3687133193016052,4.604037284851074,0.6495588421821594,0.5469104051589966,0.4164744019508362,0.21472549438476562,mif,28
0,23,-784.4921264648438,0.009436255320906639,-0.06222063675522804,0.6506361365318298,6.772679328918457,0.23672820627689362,0.4620794653892517,0.422138512134552,0.17097163200378418,mif,28
0,24,-830.8726806640625,0.007442127447575331,0.20045331120491028,0.45488518476486206,7.072400093078613,-0.1696290820837021,0.5000625848770142,0.39407193660736084,0.1230713278055191,mif,28
0,25,-826.0996704101562,0.010280601680278778,0.09910707175731659,0.45462357997894287,7.922262668609619,0.1439226120710373,0.3273392915725708,0.3552117347717285,0.1872372180223465,mif,28
0,26,-777.2144165039062,0.01254462730139494,-0.10502182692289352,0.8125931620597839,8.443666458129883,0.4097917973995209,0.3725891411304474,0.4012853801250458,0.18476729094982147,mif,28
0,27,-781.056396484375,0.012787364423274994,-0.25020459294319153,0.6391422748565674,6.32435941696167,0.24682721495628357,0.36094218492507935,0.40556949377059937,0.20184968411922455,mif,28
0,28,-820.0265502929688,0.013094247318804264,-0.13761566579341888,0.7773211598396301,8.423398971557617,0.057424865663051605,0.5317041873931885,0.3773433268070221,0.19760067760944366,mif,28
0,29,-819.0390625,0.010380594059824944,0.06660901755094528,0.7610746622085571,10.130155563354492,0.005286566447466612,0.38034144043922424,0.3879738450050354,0.17842316627502441,mif,28
0,30,-799.0082397460938,0.01067410409450531,0.0703195258975029,0.5537303686141968,7.721351623535156,-0.11803172528743744,0.46774694323539734,0.45212116837501526,0.09536989778280258,mif,28
0,31,-799.5216064453125,0.00971393845975399,-0.09619314223527908,0.7671347260475159,7.929952144622803,0.32256031036376953,0.4180896580219269,0.4168988764286041,0.12691888213157654,mif,28
0,32,-808.60107421875,0.009861873462796211,-0.1308361142873764,1.0167635679244995,8.14770793914795,0.3426320552825928,0.6039983034133911,0.37793219089508057,0.14847725629806519,mif,28
0,33,-786.244384765625,0.008893823251128197,-0.012284316122531891,0.5034940242767334,7.646657466888428,0.07294439524412155,0.4890253245830536,0.4255876839160919,0.166827991604805,mif,28
0,34,-821.9633178710938,0.009755943901836872,0.13189303874969482,0.6250792145729065,8.853164672851562,-0.01124812662601471,0.43165212869644165,0.3857279419898987,0.135051891207695,mif,28
0,35,-873.6337280273438,0.011347737163305283,0.009917073883116245,0.5223981142044067,8.01856517791748,0.05920730531215668,0.3217695951461792,0.4339148998260498,0.10313355922698975,mif,28
0,36,-855.4296875,0.00962257944047451,0.05758038908243179,0.4446563720703125,7.397148609161377,0.14767366647720337,0.22924822568893433,0.39723441004753113,0.1385858654975891,mif,28
0,37,-826.2896728515625,0.010344970971345901,0.01772301271557808,0.48209404945373535,6.04056453704834,0.06611073017120361,0.564289927482605,0.38861575722694397,0.14414082467556,mif,28
0,38,-808.6689453125,0.011148403398692608,-0.02247648313641548,0.5159705877304077,7.446803092956543,0.12583208084106445,0.21712379157543182,0.45284005999565125,0.11706340312957764,mif,28
0,39,-827.244140625,0.010805727913975716,-0.07131675630807877,0.7308850884437561,8.680036544799805,0.11719903349876404,0.37200433015823364,0.4016442596912384,0.1044846922159195,mif,28
0,40,-930.8273315429688,0.011276542209088802,-0.2970358729362488,0.9942516684532166,9.264720916748047,0.26816606521606445,0.5593627095222473,0.38434210419654846,0.10238653421401978,mif,28
0,41,-917.2460327148438,0.01169481873512268,-0.1338197886943817,0.7363870739936829,8.281604766845703,0.2698456048965454,0.32181549072265625,0.3876306116580963,0.10803121328353882,mif,28
0,42,-828.3936157226562,0.012665456160902977,0.11376862227916718,0.7803595066070557,8.731788635253906,0.25850751996040344,0.48411649465560913,0.45381999015808105,0.1290159672498703,mif,28
0,43,-850.4171142578125,0.016032196581363678,0.0745011419057846,0.5663523077964783,9.2572660446167,-0.021840425208210945,0.4879396855831146,0.35891759395599365,0.12904217839241028,mif,28
0,44,-863.6475219726562,0.016375740990042686,-0.09082306176424026,0.7814794778823853,8.768497467041016,0.25070470571517944,0.5115761756896973,0.4120035767555237,0.09999122470617294,mif,28
0,45,-870.7084350585938,0.016897834837436676,-0.17869645357131958,0.7245867848396301,7.780957221984863,0.09733782708644867,0.45039087533950806,0.38236504793167114,0.09836503863334656,mif,28
0,46,-849.8536376953125,0.017064020037651062,-0.08398681879043579,0.4698030352592468,6.292318344116211,0.2670738995075226,0.21203480660915375,0.43214958906173706,0.08466299623250961,mif,28
0,47,-955.5465087890625,0.02071193978190422,-0.10066616535186768,0.4520668387413025,6.467182159423828,0.06996424496173859,0.4314175546169281,0.4639548659324646,0.07330651581287384,mif,28
0,48,-1046.2796630859375,0.02248188480734825,-0.15057475864887238,0.3008098006248474,6.238630771636963,0.23713596165180206,0.3621889650821686,0.4130699932575226,0.065358467400074,mif,28
0,49,-1113.6085205078125,0.021421311423182487,0.049949903041124344,0.2108260542154312,5.554890155792236,-0.03586561605334282,0.21287813782691956,0.39489245414733887,0.06833133846521378,mif,28
0,50,-1049.4017333984375,0.017417604103684425,-0.01033877208828926,0.18348848819732666,5.761035442352295,0.18287304043769836,0.1211857944726944,0.37942859530448914,0.07218106836080551,mif,28
0,51,-954.7444458007812,0.016613774001598358,0.06726621091365814,0.1796346753835678,5.071852207183838,0.24308717250823975,0.14330224692821503,0.3709867596626282,0.08568252623081207,mif,28
0,52,-1005.3696899414062,0.01860649883747101,-0.03640452027320862,0.29187870025634766,4.568896293640137,-0.4403626620769501,0.3383336067199707,0.3963770270347595,0.08825835585594177,mif,28
0,53,-898.018798828125,0.01876353658735752,-0.07283541560173035,0.2999827563762665,5.263001441955566,-0.2621779143810272,0.4864906966686249,0.4082334041595459,0.10297118127346039,mif,28
0,54,-819.7258911132812,0.019727028906345367,0.011639678850769997,0.32955822348594666,6.042592525482178,0.2667252719402313,0.5205844640731812,0.38417917490005493,0.12023835629224777,mif,28
0,55,-792.6115112304688,0.019756438210606575,-0.05815057456493378,0.4318901300430298,6.412715911865234,0.11881682276725769,0.3437477946281433,0.3376172184944153,0.1529231071472168,mif,28
0,56,-788.0595703125,0.022689232602715492,-0.07178081572055817,0.5335797667503357,7.8215155601501465,0.1299755573272705,0.3420877158641815,0.33528634905815125,0.1588299572467804,mif,28
0,57,-861.4838256835938,0.02262750267982483,-0.07141388207674026,0.4664442837238312,8.240875244140625,0.09844044595956802,0.3049367666244507,0.35122793912887573,0.1346888542175293,mif,28
0,58,-805.1654663085938,0.025058163329958916,0.03671941161155701,0.3902928829193115,7.767472743988037,-0.166324183344841,0.39395031332969666,0.3546657860279083,0.13042324781417847,mif,28
0,59,-829.5017700195312,0.02508912980556488,0.007524990942329168,0.3011564314365387,8.147294044494629,-0.09281279891729355,0.36637890338897705,0.4023383855819702,0.12518824636936188,mif,28
0,60,-805.218994140625,0.0242563895881176,0.013844071887433529,0.45954498648643494,8.131429672241211,-0.03025347925722599,0.35838788747787476,0.3981528878211975,0.12378370016813278,mif,28
0,61,-870.437255859375,0.02407168224453926,-0.02357480674982071,0.558228611946106,9.598210334777832,-0.17729495465755463,0.564004123210907,0.34861084818840027,0.10599356889724731,mif,28
0,62,-905.2133178710938,0.02376331388950348,-0.11498574167490005,0.6264585256576538,9.302005767822266,0.09066297858953476,0.4078746438026428,0.3570552468299866,0.11101189255714417,mif,28
0,63,-886.3912353515625,0.022774316370487213,-0.09083268791437149,0.5540463328361511,9.777521133422852,-0.11958304792642593,0.38589295744895935,0.3297639489173889,0.10999753326177597,mif,28
0,64,-843.0960693359375,0.024178989231586456,-0.03143402561545372,0.5664416551589966,8.291701316833496,-0.05453445017337799,0.3627053201198578,0.3914265036582947,0.11148052662611008,mif,28
0,65,-843.2467651367188,0.02499254420399666,-0.1344386339187622,0.494720458984375,7.771891117095947,0.05209163576364517,0.42739999294281006,0.35139337182044983,0.12155713886022568,mif,28
0,66,-828.9784545898438,0.026832174509763718,-0.1303737312555313,0.6183129549026489,8.677549362182617,-0.06287127733230591,0.4336813986301422,0.3898720443248749,0.10374606400728226,mif,28
0,67,-859.3897094726562,0.02574913017451763,-0.11884982138872147,0.6761402487754822,7.917108058929443,0.06347790360450745,0.37464824318885803,0.3451310396194458,0.12363207340240479,mif,28
0,68,-868.0979614257812,0.024948369711637497,-0.19192694127559662,0.5309967398643494,7.884063243865967,0.07876675575971603,0.3925587832927704,0.33029478788375854,0.13285066187381744,mif,28
0,69,-857.1348266601562,0.024179231375455856,-0.16561312973499298,0.4244948923587799,7.962722301483154,0.17504416406154633,0.40013113617897034,0.3701607584953308,0.12056275457143784,mif,28
0,70,-822.7981567382812,0.02431568130850792,-0.19266082346439362,0.5145342350006104,8.080960273742676,0.14846979081630707,0.27909618616104126,0.33735883235931396,0.12138059735298157,mif,28
0,71,-839.5601196289062,0.024917595088481903,-0.20593884587287903,0.4869207441806793,7.041058540344238,0.11655667424201965,0.20246578752994537,0.33566996455192566,0.13838602602481842,mif,28
0,72,-821.4605712890625,0.024711333215236664,-0.16802135109901428,0.44671180844306946,6.115859508514404,0.08523204177618027,0.29269155859947205,0.360677570104599,0.13425017893314362,mif,28
0,73,-811.4493408203125,0.023526523262262344,-0.19986885786056519,0.5584689974784851,7.240634918212891,0.22137780487537384,0.41284212470054626,0.3603566288948059,0.1516954004764557,mif,28
0,74,-796.0156860351562,0.023419709876179695,-0.21361029148101807,0.5691741704940796,7.266301155090332,0.06734848022460938,0.37463709712028503,0.36201971769332886,0.1461872160434723,mif,28
0,75,-811.4177856445312,0.023492908105254173,-0.20088976621627808,0.590422511100769,8.48623275756836,0.10377674549818039,0.3255235552787781,0.35231029987335205,0.13391926884651184,mif,28
0,76,-830.4254760742188,0.024518482387065887,-0.23334293067455292,0.5303390622138977,7.436890602111816,0.1845991164445877,0.3190515339374542,0.32295912504196167,0.1370389312505722,mif,28
0,77,-823.2319946289062,0.024617785587906837,-0.2186727225780487,0.6521046161651611,8.287558555603027,0.2569809556007385,0.22369399666786194,0.3327491283416748,0.15854288637638092,mif,28
0,78,-782.7886352539062,0.02458728477358818,-0.2280452847480774,0.5534728765487671,7.647379398345947,0.023161208257079124,0.4074050188064575,0.3648703992366791,0.15363086760044098,mif,28
0,79,-785.098388671875,0.025317206978797913,-0.195406973361969,0.5450471043586731,8.215269088745117,0.0823523998260498,0.44390159845352173,0.3625967502593994,0.1585754156112671,mif,28
0,80,-807.3880004882812,0.025612561032176018,-0.20269644260406494,0.5655946731567383,7.800263404846191,-0.06522050499916077,0.41151177883148193,0.32257598638534546,0.16773022711277008,mif,28
0,81,-800.6767578125,0.02696395479142666,-0.18566446006298065,0.4814648926258087,7.319632053375244,0.009935947135090828,0.3326776325702667,0.3387879729270935,0.16983190178871155,mif,28
0,82,-800.228515625,0.026537589728832245,-0.17435409128665924,0.5216307640075684,7.696372032165527,0.028348606079816818,0.3616879880428314,0.34723642468452454,0.16732650995254517,mif,28
0,83,-792.009521484375,0.027159351855516434,-0.1372673213481903,0.4485694468021393,7.496537685394287,0.043529219925403595,0.261574387550354,0.35522758960723877,0.15480944514274597,mif,28
0,84,-817.034423828125,0.027637656778097153,-0.13198517262935638,0.5159794688224792,8.303874015808105,-0.02281193993985653,0.2705390751361847,0.32656070590019226,0.14946970343589783,mif,28
0,85,-836.0487060546875,0.027872921898961067,-0.13455753028392792,0.4104613661766052,8.151313781738281,0.13024266064167023,0.19072787463665009,0.3442811071872711,0.1436927169561386,mif,28
0,86,-803.3892211914062,0.027342526242136955,-0.13478277623653412,0.39647015929222107,7.232969284057617,0.04959183186292648,0.2944887578487396,0.3681034445762634,0.1420210748910904,mif,28
0,87,-804.0257568359375,0.02732893079519272,-0.11184895783662796,0.30314138531684875,6.712026596069336,-0.04145244508981705,0.18242086470127106,0.3787737786769867,0.13727495074272156,mif,28
0,88,-801.5572509765625,0.02751678228378296,-0.11619921028614044,0.3174840211868286,6.570175647735596,-0.0885775089263916,0.19060274958610535,0.3791063725948334,0.13223262131214142,mif,28
0,89,-813.1049194335938,0.027087785303592682,-0.12064222246408463,0.33819425106048584,6.563760280609131,-0.11316975206136703,0.3130045235157013,0.37314218282699585,0.1271221786737442,mif,28
0,90,-822.8426513671875,0.027621911838650703,-0.09690114855766296,0.3500020503997803,6.688151836395264,0.044570766389369965,0.29079729318618774,0.3566341996192932,0.12434707581996918,mif,28
0,91,-785.6231079101562,0.027772823348641396,-0.10745559632778168,0.36661839485168457,7.2219743728637695,0.01226035039871931,0.31368762254714966,0.3538501262664795,0.13252055644989014,mif,28
0,92,-806.0269165039062,0.02724732644855976,-0.09677831828594208,0.4392179548740387,7.425005912780762,0.04826079681515694,0.2678673565387726,0.35696977376937866,0.12997113168239594,mif,28
0,93,-814.302490234375,0.027144411578774452,-0.09111019968986511,0.45604050159454346,7.96005916595459,0.09496338665485382,0.21157531440258026,0.34856271743774414,0.12119729071855545,mif,28
0,94,-828.1952514648438,0.027023859322071075,-0.09232956171035767,0.40711259841918945,7.848515510559082,0.12577225267887115,0.3031681180000305,0.375747948884964,0.12516702711582184,mif,28
0,95,-796.1881713867188,0.026497796177864075,-0.08090412616729736,0.3627234995365143,7.402185440063477,0.14406725764274597,0.24971267580986023,0.35532844066619873,0.13309171795845032,mif,28
0,96,-813.8896484375,0.026498643681406975,-0.07629914581775665,0.39227575063705444,7.498918533325195,0.1511494517326355,0.276023805141449,0.3338991403579712,0.14346106350421906,mif,28
0,97,-803.6546020507812,0.02701406739652157,-0.10811564326286316,0.4507681727409363,7.735799789428711,0.06108851730823517,0.2333744317293167,0.3223891258239746,0.14428821206092834,mif,28
0,98,-829.4122314453125,0.026539918035268784,-0.12246362119913101,0.40398308634757996,7.535149574279785,0.04818528890609741,0.33072978258132935,0.3408544361591339,0.14073430001735687,mif,28
0,99,-838.1434326171875,0.026725640520453453,-0.10277258604764938,0.4300107955932617,7.751847267150879,0.026830900460481644,0.20028409361839294,0.33437445759773254,0.14066050946712494,mif,28
0,100,-825.1559448242188,0.026148846372961998,-0.08846151828765869,0.4242260754108429,7.633489608764648,0.14692522585391998,0.26165488362312317,0.3406435251235962,0.13792884349822998,mif,28
0,101,-814.7246704101562,0.02657892554998398,-0.08646842837333679,0.4373381733894348,7.973908424377441,0.08671686053276062,0.20321837067604065,0.35663315653800964,0.1449776589870453,mif,28
0,102,-809.843505859375,0.0266858022660017,-0.10623791813850403,0.4680965542793274,7.952992916107178,0.06086140498518944,0.2629792094230652,0.3519521653652191,0.14205163717269897,mif,28
0,103,-790.1878051757812,0.027516737580299377,-0.08630169928073883,0.4549587666988373,7.735487937927246,0.09284088015556335,0.29981690645217896,0.35083410143852234,0.14213120937347412,mif,28
0,104,-806.5982666015625,0.02748297154903412,-0.0825837254524231,0.4288267195224762,7.730661392211914,-0.020458389073610306,0.3206637501716614,0.35815632343292236,0.14420156180858612,mif,28
0,105,-785.3001708984375,0.02707603946328163,-0.08077546954154968,0.38932469487190247,7.468053817749023,0.04215102270245552,0.30447691679000854,0.35737621784210205,0.145156592130661,mif,28
0,106,-785.1600341796875,0.027432752773165703,-0.051592957228422165,0.40921035408973694,7.385594367980957,0.07224815338850021,0.25053977966308594,0.34689566493034363,0.14782488346099854,mif,28
0,107,-802.8583984375,0.02720547653734684,-0.0627342164516449,0.3954145610332489,7.470393657684326,0.034886933863162994,0.30992603302001953,0.34056150913238525,0.14763663709163666,mif,28
0,108,-823.8413696289062,0.02723296731710434,-0.06591556966304779,0.3483833968639374,7.675136089324951,0.023824436590075493,0.30887457728385925,0.3404204547405243,0.15229085087776184,mif,28
0,109,-827.1784057617188,0.02696915715932846,-0.07301828265190125,0.3529861569404602,7.861246585845947,0.11306857317686081,0.3102326989173889,0.32652372121810913,0.14801627397537231,mif,28
0,110,-827.4869995117188,0.026890644803643227,-0.06521457433700562,0.38622045516967773,7.876112461090088,0.1417130082845688,0.349509596824646,0.3241204619407654,0.14786547422409058,mif,28
0,111,-815.7869873046875,0.027288751676678658,-0.05803320184350014,0.381543904542923,8.313871383666992,0.05801872909069061,0.4044632017612457,0.33569246530532837,0.1472625434398651,mif,28
0,112,-809.0325317382812,0.0270087867975235,-0.05189760774374008,0.37224024534225464,8.3832368850708,-0.020183710381388664,0.40792787075042725,0.35347288846969604,0.14697328209877014,mif,28
0,113,-776.4122314453125,0.027207527309656143,-0.05182984843850136,0.37704065442085266,7.929742336273193,0.015279029496014118,0.4325987696647644,0.35102829337120056,0.15004883706569672,mif,28
0,114,-774.0607299804688,0.02716837450861931,-0.03513685241341591,0.3938543498516083,7.729228973388672,-0.01592743769288063,0.37692320346832275,0.34343016147613525,0.15178519487380981,mif,28
0,115,-788.8179931640625,0.02683151513338089,-0.045985475182533264,0.41912052035331726,7.660251617431641,0.056034013628959656,0.3279283940792084,0.34783869981765747,0.15517470240592957,mif,28
0,116,-786.7554321289062,0.026614263653755188,-0.040431249886751175,0.4484112858772278,7.712130546569824,0.029695777222514153,0.2953782379627228,0.35071295499801636,0.15358750522136688,mif,28
0,117,-783.9470825195312,0.026394151151180267,-0.04290769621729851,0.4453539550304413,7.737120151519775,0.10014637559652328,0.28067103028297424,0.35212305188179016,0.15804770588874817,mif,28
0,118,-803.2666015625,0.026571422815322876,-0.0558709092438221,0.4467293918132782,7.724844455718994,0.023015029728412628,0.18089193105697632,0.3549118936061859,0.1548285335302353,mif,28
0,119,-807.7679443359375,0.026090556755661964,-0.06457971036434174,0.44222551584243774,7.70816707611084,0.05086348578333855,0.22022774815559387,0.3434200584888458,0.15563979744911194,mif,28
0,120,-808.1742553710938,0.025855425745248795,-0.07763396948575974,0.43191808462142944,7.913952827453613,0.07657445222139359,0.23674041032791138,0.33056801557540894,0.15732544660568237,mif,28
0,121,-791.6708984375,0.025623342022299767,-0.06669764220714569,0.42640426754951477,8.04289436340332,0.07928702235221863,0.24835193157196045,0.3392469882965088,0.1614551544189453,mif,28
0,122,-808.0926513671875,0.025800097733736038,-0.07466951012611389,0.40801915526390076,7.918939113616943,0.04792805388569832,0.26608893275260925,0.33663105964660645,0.1608792096376419,mif,28
0,123,-792.8505859375,0.025490552186965942,-0.0664287805557251,0.37906184792518616,7.662410736083984,0.1007426306605339,0.29084500670433044,0.33618271350860596,0.1613565981388092,mif,28
0,124,-789.6487426757812,0.025479990988969803,-0.07023266702890396,0.37308570742607117,7.543119430541992,0.07164454460144043,0.30320054292678833,0.33608323335647583,0.1613265872001648,mif,28
0,125,-801.66064453125,0.025676338002085686,-0.07113688439130783,0.3711496591567993,7.5207839012146,0.05214281380176544,0.3014448285102844,0.3409757912158966,0.16155771911144257,mif,28
0,126,-801.4774169921875,0.02559564635157585,-0.07282353937625885,0.3920738101005554,7.544833660125732,0.0777541920542717,0.2989954948425293,0.33577287197113037,0.16428403556346893,mif,28
0,127,-779.0746459960938,0.025570174679160118,-0.06939509510993958,0.4161524772644043,7.725106239318848,0.0165390707552433,0.33101028203964233,0.33922213315963745,0.1636907160282135,mif,28
0,128,-769.8721313476562,0.025307243689894676,-0.0619802363216877,0.43081018328666687,7.717324733734131,0.007183216977864504,0.3526079058647156,0.3373594880104065,0.16512168943881989,mif,28
0,129,-792.3336791992188,0.025492126122117043,-0.051896654069423676,0.4163628816604614,7.891557693481445,0.018068687990307808,0.37705478072166443,0.3330419659614563,0.16656623780727386,mif,28
0,130,-781.6797485351562,0.025454167276620865,-0.046408604830503464,0.43659430742263794,7.803042411804199,0.005591425579041243,0.3843286633491516,0.3339744210243225,0.1690809726715088,mif,28
0,131,-787.5194091796875,0.02552853338420391,-0.040766194462776184,0.41974470019340515,7.703710079193115,-0.010545839555561543,0.3495714068412781,0.3349713683128357,0.16627269983291626,mif,28
0,132,-789.8155517578125,0.025599416345357895,-0.0469992533326149,0.42873716354370117,7.714217662811279,-0.00043939161696471274,0.3205539584159851,0.32824966311454773,0.16498549282550812,mif,28
0,133,-792.5751342773438,0.025593558326363564,-0.04336507245898247,0.42471522092819214,7.572447776794434,0.014887389726936817,0.32763639092445374,0.3281009793281555,0.16721096634864807,mif,28
0,134,-783.3670654296875,0.02551625296473503,-0.04977918416261673,0.43010058999061584,7.534641265869141,0.027618922293186188,0.31297460198402405,0.3277783989906311,0.16819971799850464,mif,28
0,135,-795.8875122070312,0.025776216760277748,-0.05757465586066246,0.4339717924594879,7.5173187255859375,0.13006854057312012,0.3248032033443451,0.3267490565776825,0.1663721352815628,mif,28
0,136,-782.048828125,0.025730516761541367,-0.05496647208929062,0.43221986293792725,7.463957786560059,0.06690070778131485,0.33497416973114014,0.323474645614624,0.16449666023254395,mif,28
0,137,-787.8871459960938,0.025754833593964577,-0.05476415157318115,0.4171605706214905,7.603876113891602,0.014274927787482738,0.3432210683822632,0.32181987166404724,0.16342024505138397,mif,28
0,138,-806.280517578125,0.02562059834599495,-0.0590549074113369,0.42546191811561584,7.679364204406738,-0.01443579513579607,0.379363477230072,0.32232987880706787,0.16265079379081726,mif,28
0,139,-788.2962036132812,0.025559131056070328,-0.04937576875090599,0.4229041635990143,7.7327423095703125,-0.01942441426217556,0.36204463243484497,0.3245784044265747,0.16303478181362152,mif,28
0,140,-793.2426147460938,0.0256192609667778,-0.04659039154648781,0.4178835451602936,7.786853313446045,-0.025308605283498764,0.3800680339336395,0.3242734968662262,0.16364824771881104,mif,28
0,141,-790.1074829101562,0.025431673973798752,-0.041882697492837906,0.41556596755981445,7.8042311668396,-0.0180660430341959,0.34323614835739136,0.32258784770965576,0.16351723670959473,mif,28
0,142,-798.9180908203125,0.025568649172782898,-0.0312237236648798,0.41318854689598083,7.768371105194092,0.040046341717243195,0.3694630265235901,0.3208896219730377,0.1636790782213211,mif,28
0,143,-808.0150146484375,0.02545252814888954,-0.03701699525117874,0.4186837375164032,7.729321479797363,0.0666436180472374,0.375466912984848,0.31827670335769653,0.16290591657161713,mif,28
0,144,-806.37451171875,0.025589335709810257,-0.03671189397573471,0.4092036783695221,7.769413948059082,0.10413986444473267,0.3916639983654022,0.31978559494018555,0.1621641367673874,mif,28
0,145,-796.3386840820312,0.0254831500351429,-0.03675944358110428,0.4123353362083435,7.789090633392334,0.13870929181575775,0.401946485042572,0.31675803661346436,0.1618586927652359,mif,28
0,146,-812.019287109375,0.02524951845407486,-0.03210025653243065,0.4065084755420685,7.705875873565674,0.13676497340202332,0.39951518177986145,0.31749197840690613,0.16110247373580933,mif,28
0,147,-807.2315063476562,0.02523641102015972,-0.037379585206508636,0.40119025111198425,7.667929649353027,0.12073936313390732,0.37086883187294006,0.3183645009994507,0.15874193608760834,mif,28
0,148,-804.7232055664062,0.025220688432455063,-0.0366830974817276,0.3977256417274475,7.778468132019043,0.10474717617034912,0.3648528456687927,0.320934534072876,0.1570153832435608,mif,28
0,149,-796.3705444335938,0.02523244544863701,-0.03887709975242615,0.3982260227203369,7.622503280639648,0.12489877641201019,0.38551416993141174,0.32331961393356323,0.1545654833316803,mif,28
0,150,-810.7802734375,0.025107529014348984,-0.0379345528781414,0.3914112448692322,7.510887145996094,0.10922987014055252,0.37137365341186523,0.32148975133895874,0.15356896817684174,mif,28
0,151,-805.1212158203125,0.025031454861164093,-0.0411241315305233,0.3972919285297394,7.553555965423584,0.1029510498046875,0.34843263030052185,0.31958773732185364,0.15204079449176788,mif,28
0,152,-813.7947998046875,0.025102369487285614,-0.04093431681394577,0.4010319113731384,7.555169582366943,0.1088951975107193,0.35702741146087646,0.313835084438324,0.15198175609111786,mif,28
0,153,-818.8966064453125,0.025096865370869637,-0.036611564457416534,0.39993995428085327,7.573153495788574,0.0957578718662262,0.3636508882045746,0.3154573440551758,0.15074753761291504,mif,28
0,154,-794.0292358398438,0.025125253945589066,-0.040867988020181656,0.40944555401802063,7.615153789520264,0.08113067597150803,0.3551463484764099,0.3170125484466553,0.14960633218288422,mif,28
0,155,-825.8485107421875,0.025123704224824905,-0.04204723238945007,0.4065643846988678,7.699495792388916,0.06606971472501755,0.35765090584754944,0.32006755471229553,0.15032817423343658,mif,28
0,156,-803.5342407226562,0.02520674839615822,-0.0386255644261837,0.4141125977039337,7.739476203918457,0.07317028939723969,0.3624207079410553,0.3206014037132263,0.15097133815288544,mif,28
0,157,-817.8245239257812,0.025211621075868607,-0.03979417309165001,0.4114658832550049,7.711278915405273,0.06801353394985199,0.3398573696613312,0.31873971223831177,0.15134114027023315,mif,28
0,158,-802.4215698242188,0.025178920477628708,-0.03732270747423172,0.4075350761413574,7.657070636749268,0.06225054711103439,0.3568105697631836,0.3202623426914215,0.1509435921907425,mif,28
0,159,-811.443359375,0.02518417313694954,-0.03812822327017784,0.4066498577594757,7.667818069458008,0.06275135278701782,0.35803231596946716,0.3179292678833008,0.15090370178222656,mif,28
0,160,-819.8058471679688,0.02516169659793377,-0.041333410888910294,0.4131823182106018,7.637035846710205,0.058750566095113754,0.3643026649951935,0.3138180673122406,0.15002954006195068,mif,28
0,161,-823.2803955078125,0.025236640125513077,-0.04158076271414757,0.4146294593811035,7.587667942047119,0.07241952419281006,0.33171966671943665,0.31302177906036377,0.1501399129629135,mif,28
0,162,-825.8157348632812,0.025309083983302116,-0.043373335152864456,0.4139963984489441,7.583693027496338,0.06534238159656525,0.31135302782058716,0.3118135631084442,0.14953197538852692,mif,28
0,163,-824.8005981445312,0.025275815278291702,-0.04270888492465019,0.4188985228538513,7.574551105499268,0.06397256255149841,0.31489917635917664,0.31287455558776855,0.14838901162147522,mif,28
0,164,-832.5282592773438,0.025351425632834435,-0.04662546515464783,0.4163269102573395,7.587261199951172,0.0658363625407219,0.30453968048095703,0.3120250999927521,0.14725646376609802,mif,28
0,165,-832.919189453125,0.025482602417469025,-0.04365673288702965,0.4244300425052643,7.59748649597168,0.09181752800941467,0.28771403431892395,0.31270331144332886,0.14692454040050507,mif,28
0,166,-815.428955078125,0.025532886385917664,-0.04420159012079239,0.42030206322669983,7.566147327423096,0.08031554520130157,0.2832548916339874,0.3127670884132385,0.1477050632238388,mif,28
0,167,-825.9853515625,0.02549653872847557,-0.0449717715382576,0.4190777540206909,7.577426910400391,0.0845986008644104,0.29043713212013245,0.3136409819126129,0.14783304929733276,mif,28
0,168,-823.2440185546875,0.025488492101430893,-0.04441136121749878,0.42069125175476074,7.583038330078125,0.0854552611708641,0.2915358245372772,0.3142312169075012,0.14697156846523285,mif,28
0,169,-829.6407470703125,0.025488752871751785,-0.043070897459983826,0.425081342458725,7.5916852951049805,0.08861093968153,0.291482537984848,0.31415221095085144,0.1474013477563858,mif,28
0,170,-833.44775390625,0.02540120668709278,-0.04406764358282089,0.41958510875701904,7.60766077041626,0.09844040125608444,0.2776096761226654,0.31318703293800354,0.1475091278553009,mif,28
0,171,-814.3897094726562,0.025381768122315407,-0.04498612880706787,0.4145289361476898,7.60927677154541,0.09172952175140381,0.28344953060150146,0.31432852149009705,0.14771123230457306,mif,28
0,172,-825.0637817382812,0.025265024974942207,-0.04500272125005722,0.41067564487457275,7.644340515136719,0.09144163876771927,0.2875308096408844,0.3139764368534088,0.14803418517112732,mif,28
0,173,-820.064208984375,0.025238696485757828,-0.047556884586811066,0.4121093451976776,7.646198272705078,0.08782310038805008,0.2865462601184845,0.3143271207809448,0.14785809814929962,mif,28
0,174,-836.475830078125,0.02520827390253544,-0.04742377623915672,0.4123089611530304,7.674722671508789,0.10573405772447586,0.2834318280220032,0.3136068880558014,0.14797501266002655,mif,28
0,175,-823.3773803710938,0.02516825497150421,-0.048105575144290924,0.4095495641231537,7.7401442527771,0.11804608255624771,0.282378226518631,0.3120799660682678,0.14779669046401978,mif,28
0,176,-826.3155517578125,0.02514727972447872,-0.0461258701980114,0.4057618975639343,7.7391462326049805,0.10523755848407745,0.2764299213886261,0.31286466121673584,0.14722411334514618,mif,28
0,177,-822.7103271484375,0.025121361017227173,-0.04633021727204323,0.40973347425460815,7.743095874786377,0.09352585673332214,0.27374470233917236,0.3125026524066925,0.1466270387172699,mif,28
0,178,-839.3125610351562,0.025157533586025238,-0.04460510239005089,0.40909701585769653,7.733529567718506,0.08968813717365265,0.282900869846344,0.3138827681541443,0.14618255198001862,mif,28
0,179,-820.0625610351562,0.025236820802092552,-0.044615358114242554,0.4089360237121582,7.744698524475098,0.08692655712366104,0.27317187190055847,0.31270062923431396,0.14624308049678802,mif,28
0,180,-846.009765625,0.025243686512112617,-0.044493213295936584,0.4078725278377533,7.762368679046631,0.08170539140701294,0.2885952889919281,0.3127702474594116,0.14608632028102875,mif,28
0,181,-832.6646728515625,0.025269638746976852,-0.043999187648296356,0.4051811099052429,7.750903129577637,0.0789685994386673,0.2895073890686035,0.3130614161491394,0.14591357111930847,mif,28
0,182,-834.6254272460938,0.025265008211135864,-0.0447920523583889,0.4034780263900757,7.763577461242676,0.07612033933401108,0.2861742675304413,0.313299298286438,0.1459440290927887,mif,28
0,183,-827.7158813476562,0.025243578478693962,-0.044034626334905624,0.40360039472579956,7.760420322418213,0.08124997466802597,0.29555603861808777,0.3132953345775604,0.14652028679847717,mif,28
0,184,-829.9212646484375,0.025190507993102074,-0.04424082115292549,0.40695300698280334,7.7572221755981445,0.08326072245836258,0.3011578321456909,0.31358349323272705,0.14650282263755798,mif,28
0,185,-813.0768432617188,0.025157587602734566,-0.04419538751244545,0.40753400325775146,7.743996620178223,0.08358058333396912,0.30311211943626404,0.31336092948913574,0.1466684490442276,mif,28
0,186,-815.606689453125,0.02516016736626625,-0.042651016265153885,0.4081716239452362,7.728119850158691,0.08970918506383896,0.2994294762611389,0.3132736086845398,0.14631056785583496,mif,28
0,187,-834.56298828125,0.0251629501581192,-0.042499978095293045,0.40916192531585693,7.733555316925049,0.08875767886638641,0.30115899443626404,0.3131791949272156,0.1464225798845291,mif,28
0,188,-831.0143432617188,0.025165854021906853,-0.043896544724702835,0.4083574712276459,7.718136310577393,0.09110726416110992,0.29803356528282166,0.3138807415962219,0.1463942527770996,mif,28
0,189,-829.6387939453125,0.02516048401594162,-0.042375292629003525,0.4049926996231079,7.720386981964111,0.08738549798727036,0.2982305884361267,0.31306153535842896,0.1462557315826416,mif,28
0,190,-831.958740234375,0.02518305554986,-0.04257965832948685,0.40227416157722473,7.727206230163574,0.08815078437328339,0.29868534207344055,0.3123290538787842,0.14611877501010895,mif,28
0,191,-839.3380126953125,0.025219053030014038,-0.04073556512594223,0.3990076184272766,7.727670192718506,0.08030728250741959,0.3008440434932709,0.3123282194137573,0.14626365900039673,mif,28
0,192,-824.5966796875,0.02522343583405018,-0.04079962149262428,0.39950430393218994,7.7342209815979,0.08298437297344208,0.30049237608909607,0.3117554783821106,0.14692014455795288,mif,28
0,193,-834.6790161132812,0.02525084838271141,-0.04016219079494476,0.39827126264572144,7.725956916809082,0.08631503582000732,0.3082539737224579,0.31154578924179077,0.14709165692329407,mif,28
0,194,-806.3958740234375,0.02527102455496788,-0.040068916976451874,0.39996081590652466,7.726813793182373,0.08862524479627609,0.30590519309043884,0.31098031997680664,0.147028386592865,mif,28
0,195,-812.53271484375,0.02527683414518833,-0.040554679930210114,0.3995673358440399,7.698370933532715,0.09343966096639633,0.30739903450012207,0.3110658526420593,0.14723099768161774,mif,28
0,196,-837.4173583984375,0.025261495262384415,-0.040474288165569305,0.3987243175506592,7.7066216468811035,0.09073754400014877,0.30916887521743774,0.3111796975135803,0.14737273752689362,mif,28
0,197,-824.331787109375,0.025261206552386284,-0.04019058123230934,0.3976212441921234,7.709382057189941,0.09076736867427826,0.30559486150741577,0.3111308813095093,0.1470688432455063,mif,28
0,198,-830.8428344726562,0.025260737165808678,-0.04046584665775299,0.3985164165496826,7.719630718231201,0.09168089926242828,0.30168333649635315,0.3109273910522461,0.14688175916671753,mif,28
0,199,-844.1244506835938,0.025253137573599815,-0.04079335182905197,0.3976552486419678,7.709578514099121,0.09555186331272125,0.2937173545360565,0.31055399775505066,0.14672207832336426,mif,28
0,200,-835.0924072265625,0.025280866771936417,-0.04084403067827225,0.399325966835022,7.706755638122559,0.09377878904342651,0.29439520835876465,0.31112727522850037,0.14675742387771606,mif,28
0,201,-830.3875732421875,0.025310616940259933,-0.04077998176217079,0.39888525009155273,7.700331211090088,0.09684821963310242,0.29023241996765137,0.31120455265045166,0.14699780941009521,mif,28
0,202,-830.3358154296875,0.0253039188683033,-0.041286855936050415,0.39910513162612915,7.693748474121094,0.0977490171790123,0.289951890707016,0.31109821796417236,0.1468760073184967,mif,28
0,203,-832.4625244140625,0.02528357319533825,-0.041784320026636124,0.40010306239128113,7.690509796142578,0.09599503874778748,0.29132914543151855,0.311191201210022,0.14708615839481354,mif,28
0,204,-832.0372314453125,0.02529650554060936,-0.04188151657581329,0.40050211548805237,7.682904243469238,0.09916513413190842,0.2956542372703552,0.3115612268447876,0.14716200530529022,mif,28
0,205,-831.3424682617188,0.02529386430978775,-0.04269009828567505,0.4002467691898346,7.669878959655762,0.10035766661167145,0.2929301857948303,0.31190091371536255,0.14736448228359222,mif,28
0,206,-827.4291381835938,0.02528715319931507,-0.04259852319955826,0.39975011348724365,7.681309223175049,0.09737053513526917,0.29242751002311707,0.31202590465545654,0.14735056459903717,mif,28
0,207,-842.6419067382812,0.025298558175563812,-0.042000871151685715,0.40046581625938416,7.683071136474609,0.09503862261772156,0.2935771644115448,0.3124835789203644,0.14747342467308044,mif,28
0,208,-835.24853515625,0.025311745703220367,-0.041766051203012466,0.400361567735672,7.677460670471191,0.09616562724113464,0.29475292563438416,0.3122234046459198,0.14728069305419922,mif,28
0,209,-818.912109375,0.025324415415525436,-0.0419832319021225,0.3988325297832489,7.683223247528076,0.09841389954090118,0.2972305715084076,0.31179723143577576,0.1470954269170761,mif,28
0,210,-830.8232421875,0.025330068543553352,-0.04212375730276108,0.3982639014720917,7.685420036315918,0.09810926765203476,0.2966214120388031,0.3118792772293091,0.14704518020153046,mif,28
0,211,-824.9087524414062,0.0253134835511446,-0.04233533516526222,0.39708802103996277,7.694205284118652,0.10033951699733734,0.2955068349838257,0.3120453357696533,0.14687438309192657,mif,28
0,212,-831.6355590820312,0.02530410699546337,-0.042618997395038605,0.3962631821632385,7.6943817138671875,0.10664919763803482,0.29554054141044617,0.3120634853839874,0.14667946100234985,mif,28
0,213,-815.6463012695312,0.025298140943050385,-0.04271167516708374,0.3959479331970215,7.68276309967041,0.10938121378421783,0.2962801456451416,0.3124163746833801,0.1465741991996765,mif,28
0,214,-834.917724609375,0.025299709290266037,-0.04284963756799698,0.39541149139404297,7.68587589263916,0.10795565694570541,0.29474693536758423,0.3119584321975708,0.14663508534431458,mif,28
0,215,-828.9815673828125,0.025301029905676842,-0.0429067499935627,0.3968336284160614,7.68102502822876,0.10661883652210236,0.2967219948768616,0.31237664818763733,0.14657112956047058,mif,28
0,216,-817.2977294921875,0.025298871099948883,-0.042678508907556534,0.3964248597621918,7.682448387145996,0.10710762441158295,0.29792270064353943,0.31260359287261963,0.14660333096981049,mif,28
0,217,-839.352294921875,0.025304287672042847,-0.04253583401441574,0.3968864977359772,7.686689853668213,0.10636147856712341,0.2991507053375244,0.312998503446579,0.1466236114501953,mif,28
0,218,-813.0157470703125,0.02531568706035614,-0.04258407652378082,0.3969115912914276,7.688718795776367,0.10529017448425293,0.29833534359931946,0.31310051679611206,0.1465713530778885,mif,28
0,219,-813.3668823242188,0.025300463661551476,-0.04306107759475708,0.3975774049758911,7.690583229064941,0.10714197903871536,0.2979707419872284,0.31350886821746826,0.14656782150268555,mif,28
0,220,-833.559326171875,0.02530047483742237,-0.04278796538710594,0.3973201811313629,7.690460205078125,0.10649146884679794,0.2991272509098053,0.3137606084346771,0.14660319685935974,mif,28
0,221,-818.9551391601562,0.02529788762331009,-0.04270352050662041,0.39715710282325745,7.687776565551758,0.10626567155122757,0.29893958568573,0.3136312961578369,0.1466723382472992,mif,28
0,222,-830.8245239257812,0.025282861664891243,-0.042535968124866486,0.3965774178504944,7.6879706382751465,0.10767367482185364,0.29791340231895447,0.3135162591934204,0.14662930369377136,mif,28
0,223,-847.6032104492188,0.025272037833929062,-0.04265715926885605,0.39745306968688965,7.69184684753418,0.1066199317574501,0.29931753873825073,0.313780814409256,0.14659421145915985,mif,28
0,224,-838.1981811523438,0.02527262270450592,-0.04292475804686546,0.3975217640399933,7.683563709259033,0.10948918759822845,0.30005720257759094,0.3140665888786316,0.14639905095100403,mif,28
0,225,-836.197998046875,0.02526964619755745,-0.0430426299571991,0.39655348658561707,7.6808295249938965,0.10976962745189667,0.3012361228466034,0.3145097494125366,0.14638076722621918,mif,28
0,226,-818.9293212890625,0.02527073584496975,-0.04304390028119087,0.3972291350364685,7.680115222930908,0.1081443652510643,0.3008941113948822,0.31444066762924194,0.14635828137397766,mif,28
0,227,-816.0242309570312,0.025271115824580193,-0.0429413765668869,0.3964073657989502,7.684593200683594,0.10775529593229294,0.2996680438518524,0.3145141303539276,0.14640671014785767,mif,28
0,228,-808.0949096679688,0.025276171043515205,-0.04258347302675247,0.3958156108856201,7.684370040893555,0.1102447584271431,0.29777124524116516,0.31465283036231995,0.14645442366600037,mif,28
0,229,-833.4362182617188,0.025278335437178612,-0.04247380793094635,0.39538633823394775,7.691219329833984,0.11024420708417892,0.29877546429634094,0.31443923711776733,0.14647868275642395,mif,28
0,230,-823.9298706054688,0.02526930347084999,-0.04233597591519356,0.395145446062088,7.69612979888916,0.11104925721883774,0.29983752965927124,0.31469786167144775,0.14653031527996063,mif,28
0,231,-817.3466186523438,0.025270013138651848,-0.04225335642695427,0.3955676853656769,7.687324047088623,0.10907737910747528,0.2984599173069,0.3147048354148865,0.14650478959083557,mif,28
0,232,-838.89306640625,0.02527289278805256,-0.04231998696923256,0.3950510621070862,7.692470073699951,0.10834654420614243,0.2978093922138214,0.3147733807563782,0.14663168787956238,mif,28
0,233,-829.3258666992188,0.025286147370934486,-0.042542893439531326,0.39481690526008606,7.688995361328125,0.10919823497533798,0.2982654273509979,0.3146808445453644,0.14660361409187317,mif,28
0,234,-819.4004516601562,0.025279559195041656,-0.04280734807252884,0.3945920765399933,7.6899285316467285,0.11071963608264923,0.2973935902118683,0.31467488408088684,0.14662453532218933,mif,28
0,235,-822.3297119140625,0.025278232991695404,-0.042771391570568085,0.3946150541305542,7.685309886932373,0.10985047370195389,0.2983536124229431,0.3147844672203064,0.14668288826942444,mif,28
0,236,-826.0775146484375,0.02527281455695629,-0.0427556112408638,0.39426636695861816,7.68398904800415,0.10937556624412537,0.30079880356788635,0.3149619400501251,0.14663930237293243,mif,28
0,237,-842.2408447265625,0.025273213163018227,-0.04287908598780632,0.39413341879844666,7.680453777313232,0.11102814972400665,0.30180004239082336,0.3150404691696167,0.14664848148822784,mif,28
0,238,-834.4998779296875,0.025271905586123466,-0.042684923857450485,0.39391472935676575,7.68109130859375,0.10899291932582855,0.3023422360420227,0.3150716722011566,0.14658567309379578,mif,28
0,239,-813.6888427734375,0.02527168206870556,-0.0428701788187027,0.3931189179420471,7.6826276779174805,0.10928238183259964,0.3018011748790741,0.3150748610496521,0.14655280113220215,mif,28
0,240,-829.9903564453125,0.025268934667110443,-0.04248514398932457,0.3927338123321533,7.6848883628845215,0.10857755690813065,0.30207347869873047,0.3151879906654358,0.14645102620124817,mif,28
0,241,-824.9631958007812,0.025263959541916847,-0.042668163776397705,0.3928757309913635,7.685861587524414,0.10964400321245193,0.303262323141098,0.3152047395706177,0.1464173048734665,mif,28
0,242,-822.2349243164062,0.02526148408651352,-0.042558230459690094,0.3927099108695984,7.69207239151001,0.10884048789739609,0.3027096390724182,0.31514209508895874,0.14641635119915009,mif,28
0,243,-812.511962890625,0.02526085078716278,-0.04249627888202667,0.3925759196281433,7.688746452331543,0.10942335426807404,0.302341490983963,0.3152732849121094,0.1464352160692215,mif,28
0,244,-825.6022338867188,0.02526421844959259,-0.04239731281995773,0.39234980940818787,7.686729907989502,0.11021581292152405,0.30176010727882385,0.3153708875179291,0.14644944667816162,mif,28
0,245,-816.374267578125,0.025265663862228394,-0.04234610125422478,0.3923458456993103,7.6860737800598145,0.11054137349128723,0.30114632844924927,0.3155389428138733,0.14643235504627228,mif,28
0,246,-813.270263671875,0.025269176810979843,-0.04231299087405205,0.3928333520889282,7.685014724731445,0.1101784035563469,0.30121782422065735,0.31562748551368713,0.1463426649570465,mif,28
0,247,-823.3977661132812,0.02526910975575447,-0.042265649884939194,0.39335718750953674,7.685091972351074,0.10949447751045227,0.3012967109680176,0.31571507453918457,0.14636902511119843,mif,28
0,248,-825.832275390625,0.025268271565437317,-0.042504291981458664,0.3932897448539734,7.686336040496826,0.10827459394931793,0.29990631341934204,0.3156408667564392,0.14643548429012299,mif,28
0,249,-824.080078125,0.025271236896514893,-0.04220971465110779,0.39328867197036743,7.68804407119751,0.10891744494438171,0.2990064024925232,0.31546419858932495,0.146429181098938,mif,28
0,250,-822.3768310546875,0.025270983576774597,-0.042298126965761185,0.3929893374443054,7.688623428344727,0.10785476863384247,0.2998846471309662,0.31545689702033997,0.14638885855674744,mif,28
0,251,-812.0703735351562,0.025270964950323105,-0.04219194874167442,0.39259615540504456,7.685647010803223,0.10850130766630173,0.3005158007144928,0.31542855501174927,0.14642368257045746,mif,28
0,252,-824.158447265625,0.025272544473409653,-0.04241082817316055,0.39248359203338623,7.687509059906006,0.10868093371391296,0.3002193868160248,0.3154464364051819,0.14635661244392395,mif,28
0,253,-819.6339111328125,0.025272266939282417,-0.04252239689230919,0.39258816838264465,7.687375068664551,0.10830308496952057,0.3008531332015991,0.31529998779296875,0.14633239805698395,mif,28
0,254,-823.3283081054688,0.025274183601140976,-0.04275510087609291,0.3926038146018982,7.685733318328857,0.1091926097869873,0.3013654053211212,0.315319687128067,0.1462964415550232,mif,28
0,255,-830.6741333007812,0.025276821106672287,-0.0427684411406517,0.39234307408332825,7.684736251831055,0.10920841246843338,0.30230218172073364,0.31536221504211426,0.1462712287902832,mif,28
0,256,-817.595947265625,0.025278503075242043,-0.042728256434202194,0.3927004337310791,7.683539867401123,0.10958787798881531,0.3011777102947235,0.31528782844543457,0.14630526304244995,mif,28
0,257,-831.81201171875,0.025273188948631287,-0.0426332987844944,0.39264199137687683,7.685179710388184,0.11042487621307373,0.3007480502128601,0.3152593672275543,0.1463170349597931,mif,28
0,258,-834.19677734375,0.025270657613873482,-0.04268411919474602,0.3926830589771271,7.682682991027832,0.11086175590753555,0.30105671286582947,0.31526485085487366,0.14635178446769714,mif,28
0,259,-837.8778686523438,0.025269977748394012,-0.04240850731730461,0.39260241389274597,7.685020446777344,0.11082247644662857,0.3011597990989685,0.3152534067630768,0.1463763564825058,mif,28
0,260,-830.00390625,0.02527085691690445,-0.042394187301397324,0.3925004303455353,7.682919025421143,0.11061318963766098,0.3015628755092621,0.3152342736721039,0.14639383554458618,mif,28
0,261,-818.1051025390625,0.025272350758314133,-0.042375244200229645,0.3923884928226471,7.681190013885498,0.11121736466884613,0.30208534002304077,0.3152320384979248,0.1464158445596695,mif,28
0,262,-825.8289794921875,0.025268953293561935,-0.04239486902952194,0.39229848980903625,7.682023525238037,0.11104471981525421,0.3018967807292938,0.31519556045532227,0.14635202288627625,mif,28
0,263,-811.4921264648438,0.025271881371736526,-0.04221692308783531,0.3922339677810669,7.683019638061523,0.10999862104654312,0.30199572443962097,0.3152657747268677,0.14637285470962524,mif,28
0,264,-825.0665283203125,0.02527271956205368,-0.042316604405641556,0.3921338617801666,7.684096813201904,0.11012811213731766,0.30228471755981445,0.3152252435684204,0.14640381932258606,mif,28
0,265,-827.0479736328125,0.025273634120821953,-0.042332153767347336,0.3920861780643463,7.683005332946777,0.10967478156089783,0.3023633360862732,0.31518739461898804,0.14637599885463715,mif,28
0,266,-824.8672485351562,0.02527281455695629,-0.04235661402344704,0.39192160964012146,7.683481216430664,0.11025089025497437,0.30246153473854065,0.3152552843093872,0.14642053842544556,mif,28
0,267,-832.4813842773438,0.025271356105804443,-0.0424291156232357,0.39172545075416565,7.683558464050293,0.11019308865070343,0.3022937476634979,0.31523627042770386,0.14640894532203674,mif,28
0,268,-823.7047729492188,0.025272000581026077,-0.04231450706720352,0.39154255390167236,7.682953834533691,0.1096801832318306,0.30203044414520264,0.3152898848056793,0.1464047133922577,mif,28
0,269,-823.1619873046875,0.025268826633691788,-0.04225241020321846,0.39142096042633057,7.681911468505859,0.11005987226963043,0.3016098141670227,0.31533533334732056,0.1464083343744278,mif,28
0,270,-830.809814453125,0.025267772376537323,-0.04222438856959343,0.3916071951389313,7.6818952560424805,0.10990335792303085,0.3011568486690521,0.3152939975261688,0.14644984900951385,mif,28
0,271,-807.9042358398438,0.02526509203016758,-0.04224185273051262,0.3916648328304291,7.682435512542725,0.10994882136583328,0.3009587824344635,0.3153528869152069,0.14644809067249298,mif,28
0,272,-825.6702270507812,0.025263827294111252,-0.04220528528094292,0.39163991808891296,7.6826701164245605,0.10938532650470734,0.3009527027606964,0.31542888283729553,0.1464412659406662,mif,28
0,273,-816.9791259765625,0.02526494674384594,-0.04221968725323677,0.3915575444698334,7.681563854217529,0.10950164496898651,0.30119583010673523,0.3153802156448364,0.1464253067970276,mif,28
0,274,-818.6678466796875,0.025266941636800766,-0.04226994141936302,0.3914496600627899,7.682129383087158,0.1098492294549942,0.3009636104106903,0.3153850734233856,0.14642120897769928,mif,28
0,275,-824.9711303710938,0.0252663753926754,-0.04230542108416557,0.39136162400245667,7.682616710662842,0.10975290089845657,0.3009137511253357,0.315356969833374,0.14639872312545776,mif,28
0,276,-823.5869750976562,0.025264650583267212,-0.04229138419032097,0.39123982191085815,7.683228492736816,0.11010216921567917,0.3003115952014923,0.3154063820838928,0.14639097452163696,mif,28
0,277,-819.6251831054688,0.025263819843530655,-0.04224406182765961,0.39111119508743286,7.683073043823242,0.11087346822023392,0.29961639642715454,0.3154362440109253,0.1463932991027832,mif,28
0,278,-821.823974609375,0.025263916701078415,-0.04216277226805687,0.3910786211490631,7.683446407318115,0.1110171526670456,0.29961198568344116,0.31540775299072266,0.14638647437095642,mif,28
0,279,-823.2401123046875,0.025264663621783257,-0.04212724417448044,0.3911128342151642,7.68333101272583,0.11097972095012665,0.2993728816509247,0.3153965473175049,0.14638517796993256,mif,28
0,280,-828.5003662109375,0.02526460401713848,-0.04206979274749756,0.39121317863464355,7.682342052459717,0.11119870841503143,0.29925885796546936,0.3154452443122864,0.1463613510131836,mif,28
0,281,-821.346923828125,0.025264520198106766,-0.04205375164747238,0.39101463556289673,7.680906295776367,0.11110299825668335,0.29883813858032227,0.31545817852020264,0.1463518738746643,mif,28
0,282,-817.4781494140625,0.02526332624256611,-0.04214291274547577,0.39115089178085327,7.680166244506836,0.11092245578765869,0.298618346452713,0.31546249985694885,0.14634713530540466,mif,28
0,283,-814.3028564453125,0.025263043120503426,-0.04213844984769821,0.3909912407398224,7.67884635925293,0.11076094210147858,0.29850608110427856,0.31545668840408325,0.14633464813232422,mif,28
0,284,-826.3871459960938,0.025261465460062027,-0.04215940833091736,0.3911377191543579,7.678811550140381,0.11061139404773712,0.29854169487953186,0.31538692116737366,0.14635640382766724,mif,28
0,285,-827.2373046875,0.025260815396904945,-0.042072903364896774,0.3911551833152771,7.676997661590576,0.11014661937952042,0.2987101376056671,0.3153834640979767,0.1463300883769989,mif,28
0,286,-817.0556640625,0.02526167593896389,-0.042054999619722366,0.3911452889442444,7.677206039428711,0.10966900736093521,0.2987443506717682,0.31537145376205444,0.1463419497013092,mif,28
0,287,-831.6758422851562,0.025261519476771355,-0.0419987291097641,0.39124155044555664,7.677460670471191,0.10982058942317963,0.29884305596351624,0.31542548537254333,0.14634709060192108,mif,28
0,288,-835.1922607421875,0.025260820984840393,-0.04198380559682846,0.39122188091278076,7.678030014038086,0.1096532866358757,0.2990175187587738,0.3153950572013855,0.14635075628757477,mif,28
0,289,-833.4962768554688,0.025261759757995605,-0.041989680379629135,0.3911900520324707,7.67742395401001,0.10962949693202972,0.29929518699645996,0.3154090940952301,0.14636151492595673,mif,28
0,290,-829.7201538085938,0.025262948125600815,-0.04192448407411575,0.3912084698677063,7.676891326904297,0.1094546690583229,0.29907140135765076,0.31541651487350464,0.1463642418384552,mif,28
0,291,-813.8807983398438,0.025262314826250076,-0.041956543922424316,0.39104464650154114,7.676959037780762,0.10930460691452026,0.2991265654563904,0.3154115080833435,0.14636258780956268,mif,28
0,292,-824.0679321289062,0.025262128561735153,-0.042001623660326004,0.3909747898578644,7.676234245300293,0.10951600968837738,0.29914653301239014,0.3153908848762512,0.14636044204235077,mif,28
0,293,-819.7869262695312,0.025262687355279922,-0.04197603464126587,0.3911099135875702,7.676258087158203,0.10972250252962112,0.29916268587112427,0.31540408730506897,0.1463586986064911,mif,28
0,294,-819.4225463867188,0.025261972099542618,-0.04197492077946663,0.3910955786705017,7.676723003387451,0.10941217094659805,0.29900068044662476,0.3153899312019348,0.14635556936264038,mif,28
0,295,-804.5704956054688,0.025262773036956787,-0.04198108986020088,0.39108943939208984,7.67673397064209,0.10888785123825073,0.29900339245796204,0.3154151141643524,0.1463623046875,mif,28
0,296,-816.9951782226562,0.02526339329779148,-0.04197448119521141,0.3911592364311218,7.67572546005249,0.10903261601924896,0.2989586293697357,0.3154168725013733,0.14636372029781342,mif,28
0,297,-819.8204956054688,0.02526347152888775,-0.04198124632239342,0.39117658138275146,7.675793170928955,0.10877710580825806,0.2991275489330292,0.3154052197933197,0.1463574916124344,mif,28
0,298,-818.6970825195312,0.025263994932174683,-0.041961006820201874,0.391232430934906,7.675591945648193,0.10877234488725662,0.2989365756511688,0.3154294490814209,0.14634869992733002,mif,28
0,299,-825.47900390625,0.02526462823152542,-0.04202127829194069,0.39122650027275085,7.675167083740234,0.1087639331817627,0.2988879978656769,0.3154560625553131,0.14634788036346436,mif,28
0,300,-821.843994140625,0.025263633579015732,-0.042002033442258835,0.3912452459335327,7.675105094909668,0.10867427289485931,0.29925447702407837,0.31547605991363525,0.14635084569454193,mif,28
0,301,-815.6742553710938,0.02526359260082245,-0.04201613366603851,0.39129969477653503,7.675511360168457,0.10864903032779694,0.29923322796821594,0.31547385454177856,0.14635027945041656,mif,28
0,302,-835.052978515625,0.02526283822953701,-0.0420244038105011,0.3911764323711395,7.674901962280273,0.10861833393573761,0.2991218864917755,0.3154638409614563,0.14635223150253296,mif,28
0,303,-818.9807739257812,0.02526293508708477,-0.04205184057354927,0.391181617975235,7.674353122711182,0.1084926500916481,0.2991650402545929,0.31548088788986206,0.14635658264160156,mif,28
0,304,-815.2484741210938,0.025261640548706055,-0.042059220373630524,0.3912254869937897,7.6749091148376465,0.10854067653417587,0.29918840527534485,0.3154783248901367,0.14636342227458954,mif,28
0,305,-810.463134765625,0.025262586772441864,-0.04208468645811081,0.39120757579803467,7.674867153167725,0.10847283154726028,0.2990723252296448,0.31549137830734253,0.14636912941932678,mif,28
0,306,-833.7901000976562,0.02526291087269783,-0.04208702966570854,0.39116472005844116,7.67549467086792,0.10845088958740234,0.29903650283813477,0.31548362970352173,0.14636580646038055,mif,28
0,307,-812.891357421875,0.025262633338570595,-0.042100951075553894,0.3911992907524109,7.675179958343506,0.10855607688426971,0.29926198720932007,0.3154951333999634,0.14636166393756866,mif,28
0,308,-817.0970458984375,0.02526247128844261,-0.042113296687603,0.39121800661087036,7.675652503967285,0.10851626843214035,0.29924488067626953,0.3154945373535156,0.14636912941932678,mif,28
0,309,-831.1632080078125,0.02526291087269783,-0.04211195558309555,0.3912697732448578,7.675520420074463,0.10855036973953247,0.29934409260749817,0.3154853284358978,0.1463657021522522,mif,28
0,310,-826.3485107421875,0.025262176990509033,-0.042106930166482925,0.39124301075935364,7.67563009262085,0.10856764018535614,0.2993190884590149,0.31547972559928894,0.1463737040758133,mif,28
0,311,-819.103271484375,0.025261640548706055,-0.04209867864847183,0.3912454843521118,7.6755499839782715,0.10858239978551865,0.2993333637714386,0.31548696756362915,0.1463731974363327,mif,28
0,312,-809.130615234375,0.025261759757995605,-0.0421060174703598,0.39125776290893555,7.67585563659668,0.10864280164241791,0.2993023097515106,0.31548237800598145,0.14638395607471466,mif,28
0,313,-839.4072875976562,0.025261616334319115,-0.04213897883892059,0.3912503719329834,7.675381660461426,0.10867302864789963,0.2993312180042267,0.31550025939941406,0.14637979865074158,mif,28
0,314,-817.9012451171875,0.0252626221626997,-0.042156197130680084,0.39130428433418274,7.675088882446289,0.10872302204370499,0.29936614632606506,0.31549814343452454,0.14637678861618042,mif,28
0,315,-811.068359375,0.025263439863920212,-0.04215078800916672,0.3913043141365051,7.6751251220703125,0.10873498767614365,0.29940640926361084,0.31549978256225586,0.14637517929077148,mif,28
0,316,-835.5823364257812,0.025264019146561623,-0.04215703532099724,0.39135199785232544,7.675511360168457,0.10864431411027908,0.2995108366012573,0.3155093789100647,0.1463700383901596,mif,28
0,317,-828.39990234375,0.02526373602449894,-0.04215242713689804,0.39134570956230164,7.675586223602295,0.10861140489578247,0.2994679808616638,0.3155040442943573,0.14637914299964905,mif,28
0,318,-831.4310913085938,0.025263436138629913,-0.0421469509601593,0.39137357473373413,7.675337314605713,0.10861705988645554,0.29942217469215393,0.31549903750419617,0.1463809758424759,mif,28
0,319,-807.7141723632812,0.025263892486691475,-0.04216255620121956,0.39137834310531616,7.6757493019104,0.1085469126701355,0.29949089884757996,0.31549152731895447,0.14638136327266693,mif,28
0,320,-835.4776000976562,0.02526368759572506,-0.04216717556118965,0.39136841893196106,7.675853729248047,0.10863349586725235,0.29942581057548523,0.3154888153076172,0.14637836813926697,mif,28
0,321,-828.5288696289062,0.025264102965593338,-0.042180467396974564,0.3913818299770355,7.676060199737549,0.10864581167697906,0.2993580400943756,0.31548118591308594,0.14638173580169678,mif,28
0,322,-816.2603759765625,0.025263849645853043,-0.04218170419335365,0.39136841893196106,7.676146507263184,0.10858368128538132,0.29921606183052063,0.315487265586853,0.14638474583625793,mif,28
0,323,-817.737548828125,0.025264080613851547,-0.04215763509273529,0.39135023951530457,7.6763715744018555,0.10864616930484772,0.299237996339798,0.31549271941185,0.1463853418827057,mif,28
0,324,-817.0208129882812,0.025264550000429153,-0.04215341806411743,0.39137133955955505,7.676682472229004,0.10869963467121124,0.2991204857826233,0.3155018985271454,0.14638027548789978,mif,28
0,325,-809.3662719726562,0.025264663621783257,-0.04217403382062912,0.3913539946079254,7.676885604858398,0.10864903777837753,0.2990967333316803,0.31551894545555115,0.1463807076215744,mif,28
0,326,-825.451904296875,0.025264699012041092,-0.0421781949698925,0.3913576602935791,7.677114486694336,0.10877308994531631,0.29904884099960327,0.3155175447463989,0.1463858187198639,mif,28
0,327,-833.9097290039062,0.025264892727136612,-0.04218775033950806,0.3913162052631378,7.677030563354492,0.10882668942213058,0.29895225167274475,0.31551393866539,0.1463896483182907,mif,28
0,328,-830.5590209960938,0.025264881551265717,-0.042182616889476776,0.3913112282752991,7.6770853996276855,0.10891958326101303,0.2989192605018616,0.31552213430404663,0.1463923454284668,mif,28
0,329,-830.9861450195312,0.025265000760555267,-0.042162708938121796,0.39130616188049316,7.676784992218018,0.10895037651062012,0.2988468110561371,0.31552281975746155,0.14639520645141602,mif,28
0,330,-820.4910888671875,0.025265194475650787,-0.04216095060110092,0.3913174569606781,7.676570892333984,0.10903874784708023,0.29894495010375977,0.3155287206172943,0.14639633893966675,mif,28
0,331,-822.3178100585938,0.025265242904424667,-0.04217519238591194,0.3913257420063019,7.676363945007324,0.10900983959436417,0.298884779214859,0.3155284523963928,0.14639757573604584,mif,28
0,332,-812.6427001953125,0.02526581473648548,-0.04216079041361809,0.3913562595844269,7.676450252532959,0.10905354470014572,0.2988734841346741,0.3155209720134735,0.14639359712600708,mif,28
0,333,-809.7855834960938,0.025265634059906006,-0.04217752814292908,0.3913416862487793,7.676501274108887,0.1090543195605278,0.2988598048686981,0.31552934646606445,0.14639343321323395,mif,28
0,334,-841.1943359375,0.025265615433454514,-0.04216856509447098,0.39132359623908997,7.676658630371094,0.10910997539758682,0.29882752895355225,0.3155246675014496,0.14639593660831451,mif,28
0,335,-832.85107421875,0.02526542916893959,-0.042175643146038055,0.3913188576698303,7.67676305770874,0.10913337022066116,0.29872819781303406,0.315524160861969,0.1463991105556488,mif,28
0,336,-828.2860107421875,0.025265783071517944,-0.04216757416725159,0.39129507541656494,7.676545143127441,0.10920976102352142,0.29877158999443054,0.31552398204803467,0.1464022397994995,mif,28
0,337,-815.3992309570312,0.025265567004680634,-0.04216371104121208,0.3912689685821533,7.676556587219238,0.10920034348964691,0.29877275228500366,0.31552350521087646,0.14640340209007263,mif,28
0,338,-829.4189453125,0.02526538074016571,-0.04217611625790596,0.3912520110607147,7.676567554473877,0.10914462059736252,0.29874682426452637,0.31552931666374207,0.1464017629623413,mif,28
0,339,-822.8153686523438,0.025265254080295563,-0.04217846691608429,0.39123180508613586,7.67636775970459,0.10917036235332489,0.29877740144729614,0.3155299425125122,0.14640304446220398,mif,28
0,340,-828.86572265625,0.025265194475650787,-0.042178910225629807,0.3912178874015808,7.676636695861816,0.10920768231153488,0.2987791895866394,0.31552040576934814,0.14640165865421295,mif,28
0,341,-819.3742065429688,0.025265537202358246,-0.042188309133052826,0.3912261426448822,7.6766533851623535,0.10924128443002701,0.29875779151916504,0.315518856048584,0.14640191197395325,mif,28
0,342,-816.0909423828125,0.025265375152230263,-0.04218199849128723,0.3912433981895447,7.676596641540527,0.10919509828090668,0.29877984523773193,0.3155176341533661,0.1464010775089264,mif,28
0,343,-818.9230346679688,0.025265350937843323,-0.04219156503677368,0.39124560356140137,7.676563739776611,0.10916148871183395,0.29877474904060364,0.3155168294906616,0.14639976620674133,mif,28
0,344,-832.5117797851562,0.025265216827392578,-0.04219714179635048,0.39122718572616577,7.676590919494629,0.10915228724479675,0.2987813949584961,0.3155159652233124,0.14639848470687866,mif,28
0,345,-813.519287109375,0.025265399366617203,-0.04220054671168327,0.3912251889705658,7.676483154296875,0.10915958881378174,0.29877886176109314,0.31551802158355713,0.14639988541603088,mif,28
0,346,-830.6156616210938,0.02526513859629631,-0.04220417141914368,0.39122745394706726,7.676539897918701,0.10914081335067749,0.2987667918205261,0.31551647186279297,0.1463995724916458,mif,28
0,347,-838.77294921875,0.025265170261263847,-0.04221092164516449,0.39122486114501953,7.676395416259766,0.10913494974374771,0.298785924911499,0.31551551818847656,0.14640076458454132,mif,28
0,348,-818.3243408203125,0.025265086442232132,-0.04221339523792267,0.39123499393463135,7.676581859588623,0.10911273211240768,0.29878270626068115,0.3155199885368347,0.14639872312545776,mif,28
0,349,-813.2642211914062,0.025265086442232132,-0.04221762716770172,0.3912360966205597,7.676481246948242,0.10908476263284683,0.29872941970825195,0.3155186176300049,0.14639714360237122,mif,28
0,350,-809.838134765625,0.025265121832489967,-0.04221731051802635,0.39122021198272705,7.676479339599609,0.10906818509101868,0.2987493872642517,0.3155224025249481,0.14639616012573242,mif,28
0,351,-843.1847534179688,0.025264790281653404,-0.0422213114798069,0.3912295997142792,7.676492214202881,0.10902442783117294,0.2987390160560608,0.31552040576934814,0.14639629423618317,mif,28
0,352,-818.802734375,0.025264663621783257,-0.042213454842567444,0.3912274241447449,7.676477432250977,0.10902521014213562,0.29878509044647217,0.3155258595943451,0.14639496803283691,mif,28
0,353,-847.845458984375,0.025264646857976913,-0.04220409318804741,0.3912169933319092,7.6763200759887695,0.1090313196182251,0.2988353371620178,0.31552770733833313,0.1463954746723175,mif,28
0,354,-821.8247680664062,0.025264650583267212,-0.0421983040869236,0.3912150263786316,7.6763386726379395,0.10905180871486664,0.29884734749794006,0.3155290484428406,0.14639493823051453,mif,28
0,355,-826.5977783203125,0.025264550000429153,-0.04219914227724075,0.39120593667030334,7.676422595977783,0.1090458333492279,0.2988565266132355,0.3155308663845062,0.14639440178871155,mif,28
0,356,-814.3471069335938,0.025264646857976913,-0.04220011830329895,0.3912028670310974,7.676349639892578,0.10906550288200378,0.29890814423561096,0.3155328333377838,0.1463940441608429,mif,28
0,357,-841.17431640625,0.025264639407396317,-0.04220271483063698,0.39120620489120483,7.676426410675049,0.10907237976789474,0.2989298105239868,0.3155384957790375,0.146393820643425,mif,28
0,358,-827.6461181640625,0.02526473067700863,-0.0422089621424675,0.39120370149612427,7.676523208618164,0.1090417355298996,0.29895123839378357,0.31553393602371216,0.14639270305633545,mif,28
0,359,-831.9154663085938,0.025264808908104897,-0.04220481216907501,0.39119237661361694,7.676494121551514,0.10902285575866699,0.2989406883716583,0.31553173065185547,0.146391823887825,mif,28
0,360,-815.6582641601562,0.025264760479331017,-0.042206741869449615,0.39118877053260803,7.676558017730713,0.1090501993894577,0.29894933104515076,0.3155317008495331,0.14639349281787872,mif,28
0,361,-824.197509765625,0.025264598429203033,-0.04220857098698616,0.3911881148815155,7.676666259765625,0.10904425382614136,0.29895099997520447,0.31553515791893005,0.14639386534690857,mif,28
0,362,-817.65771484375,0.025264663621783257,-0.04220760986208916,0.39119383692741394,7.676592826843262,0.10902243107557297,0.2989710867404938,0.31553542613983154,0.1463961899280548,mif,28
0,363,-809.2756958007812,0.025264550000429153,-0.042211633175611496,0.3912052512168884,7.67657470703125,0.10903434455394745,0.298958957195282,0.31553441286087036,0.14639577269554138,mif,28
0,364,-839.850341796875,0.025264550000429153,-0.042213138192892075,0.3912089169025421,7.676611423492432,0.1090158000588417,0.29897192120552063,0.3155323266983032,0.14639589190483093,mif,28
0,365,-827.6065063476562,0.025264471769332886,-0.04221422225236893,0.391205370426178,7.6766037940979,0.1090228483080864,0.2989625036716461,0.31553202867507935,0.14639797806739807,mif,28
0,366,-828.4535522460938,0.025264572352170944,-0.0422220416367054,0.39120903611183167,7.676506996154785,0.1090182289481163,0.2989526093006134,0.3155295252799988,0.14639808237552643,mif,28
0,367,-827.5969848632812,0.02526460960507393,-0.042220763862133026,0.3912038207054138,7.6765031814575195,0.10901442170143127,0.2989405393600464,0.3155283033847809,0.14639848470687866,mif,28
0,368,-811.8673706054688,0.02526460960507393,-0.04222085699439049,0.39120304584503174,7.676461219787598,0.10901333391666412,0.2989400625228882,0.3155234158039093,0.14639848470687866,mif,28
0,369,-831.965576171875,0.025264639407396317,-0.042215943336486816,0.39120715856552124,7.676466464996338,0.10899923741817474,0.2989550828933716,0.31552064418792725,0.14639848470687866,mif,28
0,370,-833.0885620117188,0.025264784693717957,-0.04221609979867935,0.3912009298801422,7.6764631271362305,0.1090092808008194,0.2989479899406433,0.3155251145362854,0.14639952778816223,mif,28
0,371,-821.7492065429688,0.025264844298362732,-0.04221780225634575,0.3911938965320587,7.6764445304870605,0.10899820178747177,0.2989436686038971,0.31552422046661377,0.14640022814273834,mif,28
0,372,-829.1434936523438,0.025264760479331017,-0.042216233909130096,0.3911864161491394,7.676459312438965,0.10901415348052979,0.2989383041858673,0.31552284955978394,0.1464003622531891,mif,28
0,373,-829.5408325195312,0.025264771655201912,-0.04221523180603981,0.39118024706840515,7.676517963409424,0.10898629575967789,0.2989450693130493,0.31552553176879883,0.1464015245437622,mif,28
0,374,-816.1646728515625,0.025264760479331017,-0.04221514239907265,0.39118364453315735,7.676505088806152,0.10899581015110016,0.2989422678947449,0.31552594900131226,0.14640085399150848,mif,28
0,375,-816.8097534179688,0.025264808908104897,-0.0422179289162159,0.3911856710910797,7.6765031814575195,0.1090010553598404,0.2989503741264343,0.3155252933502197,0.14639976620674133,mif,28
0,376,-810.2420043945312,0.02526480332016945,-0.0422198623418808,0.3911963999271393,7.676465034484863,0.10898204147815704,0.2989398241043091,0.3155275583267212,0.1463996171951294,mif,28
0,377,-844.557373046875,0.02526477724313736,-0.042222607880830765,0.39119914174079895,7.67638635635376,0.10900021344423294,0.29897743463516235,0.3155282437801361,0.14640018343925476,mif,28
0,378,-828.6631469726562,0.025264760479331017,-0.04222157225012779,0.3912009298801422,7.676408290863037,0.1089998185634613,0.2989780008792877,0.31552791595458984,0.14639940857887268,mif,28
0,379,-823.7850952148438,0.025264699012041092,-0.04221954196691513,0.39119821786880493,7.676466464996338,0.10897435247898102,0.2989710569381714,0.31552654504776,0.1464005410671234,mif,28
0,380,-819.7832641601562,0.025264693424105644,-0.04221799969673157,0.39119088649749756,7.676514148712158,0.10895289480686188,0.2989692986011505,0.3155254125595093,0.14640124142169952,mif,28
0,381,-822.1876831054688,0.0252646766602993,-0.042217232286930084,0.3911902904510498,7.676448345184326,0.10895057767629623,0.2989647090435028,0.31552445888519287,0.14640115201473236,mif,28
0,382,-826.777099609375,0.025264663621783257,-0.04221859574317932,0.3911918103694916,7.676402568817139,0.10894845426082611,0.2989746630191803,0.3155252933502197,0.1464012861251831,mif,28
0,383,-820.9326171875,0.0252646766602993,-0.04221726953983307,0.39118531346321106,7.676441192626953,0.1089448630809784,0.2989661395549774,0.31552571058273315,0.14640069007873535,mif,28
0,384,-838.1065673828125,0.025264736264944077,-0.04221709817647934,0.391183465719223,7.676483154296875,0.10894981026649475,0.2989693582057953,0.3155243992805481,0.146401047706604,mif,28
0,385,-822.5086059570312,0.025264687836170197,-0.042217787355184555,0.39117878675460815,7.676459312438965,0.10895213484764099,0.2989758849143982,0.31552571058273315,0.1464008390903473,mif,28
0,386,-840.7470703125,0.025264687836170197,-0.042219046503305435,0.3911798298358917,7.676486968994141,0.10895159095525742,0.2989645004272461,0.3155286908149719,0.1464005559682846,mif,28
0,387,-831.5213012695312,0.025264687836170197,-0.04222005605697632,0.39118263125419617,7.676512241363525,0.10895910859107971,0.298960417509079,0.31553107500076294,0.1464005559682846,mif,28
0,388,-846.0136108398438,0.025264736264944077,-0.042219020426273346,0.3911800980567932,7.676576614379883,0.10894186794757843,0.2989632189273834,0.3155304193496704,0.14640052616596222,mif,28
0,389,-829.9334716796875,0.025264687836170197,-0.042222797870635986,0.39117705821990967,7.676589488983154,0.10894178599119186,0.29895278811454773,0.3155311644077301,0.14639964699745178,mif,28
0,390,-825.1751708984375,0.025264687836170197,-0.04222416505217552,0.39117881655693054,7.6765947341918945,0.10893145948648453,0.2989480495452881,0.31553220748901367,0.14639908075332642,mif,28
0,391,-822.8582763671875,0.025264687836170197,-0.042225539684295654,0.3911791443824768,7.676559925079346,0.10892799496650696,0.2989535629749298,0.31553077697753906,0.1463984102010727,mif,28
0,392,-818.0534057617188,0.025264687836170197,-0.042225468903779984,0.39117762446403503,7.676568984985352,0.10892143100500107,0.2989656925201416,0.3155301511287689,0.14639794826507568,mif,28
0,393,-837.136474609375,0.025264687836170197,-0.042225535959005356,0.39117786288261414,7.676547050476074,0.10892622917890549,0.2989734709262848,0.3155292570590973,0.1463986188173294,mif,28
0,394,-838.781005859375,0.025264736264944077,-0.042222049087285995,0.3911777436733246,7.676545143127441,0.10892918705940247,0.2989727258682251,0.31552955508232117,0.14639872312545776,mif,28
0,395,-827.58544921875,0.025264736264944077,-0.04222336411476135,0.39117857813835144,7.67652702331543,0.10893405973911285,0.2989722490310669,0.3155297636985779,0.14639799296855927,mif,28
0,396,-832.4075317382812,0.025264736264944077,-0.042222362011671066,0.39117535948753357,7.676525115966797,0.10894225537776947,0.2989806830883026,0.31552931666374207,0.14639820158481598,mif,28
0,397,-822.8778076171875,0.025264736264944077,-0.04222215712070465,0.3911760449409485,7.676516056060791,0.10894996672868729,0.2989793121814728,0.31552931666374207,0.14639811217784882,mif,28
0,398,-833.1058959960938,0.025264736264944077,-0.042222268879413605,0.39117515087127686,7.676510810852051,0.10895475000143051,0.2989872395992279,0.3155306577682495,0.14639823138713837,mif,28
0,399,-832.403076171875,0.025264736264944077,-0.042221665382385254,0.3911741375923157,7.676512241363525,0.10895231366157532,0.2989814579486847,0.3155301511287689,0.14639845490455627,mif,28
0,400,-825.9485473632812,0.025264736264944077,-0.04222235456109047,0.3911721706390381,7.6765217781066895,0.10894906520843506,0.2989763617515564,0.31552982330322266,0.14639854431152344,mif,28
0,401,-844.0327758789062,0.025264736264944077,-0.04222007095813751,0.39116907119750977,7.676516056060791,0.10895509272813797,0.2989710569381714,0.31552863121032715,0.14639858901500702,mif,28
0,402,-837.699951171875,0.025264736264944077,-0.042219534516334534,0.3911665081977844,7.676517963409424,0.10896050184965134,0.29897066950798035,0.3155292570590973,0.14639881253242493,mif,28
0,403,-827.3460693359375,0.025264736264944077,-0.04221881553530693,0.3911661207675934,7.676519870758057,0.10896273702383041,0.2989653944969177,0.31553032994270325,0.14639906585216522,mif,28
0,404,-809.7510375976562,0.025264736264944077,-0.042218782007694244,0.3911671042442322,7.676519870758057,0.10896209627389908,0.2989611327648163,0.31552985310554504,0.14639878273010254,mif,28
0,405,-837.0435180664062,0.025264736264944077,-0.04221821576356888,0.3911686837673187,7.676517963409424,0.10896368324756622,0.29895779490470886,0.31553035974502563,0.14639852941036224,mif,28
0,406,-821.8826904296875,0.025264736264944077,-0.042217981070280075,0.3911689519882202,7.676519870758057,0.10896153002977371,0.2989507019519806,0.3155309557914734,0.14639881253242493,mif,28
0,407,-824.416259765625,0.025264736264944077,-0.042218513786792755,0.39116907119750977,7.676534175872803,0.10895751416683197,0.29895704984664917,0.3155299425125122,0.1463993340730667,mif,28
0,408,-823.3860473632812,0.025264736264944077,-0.04222011938691139,0.3911671042442322,7.676534175872803,0.10896346718072891,0.29896074533462524,0.3155297636985779,0.14639928936958313,mif,28
0,409,-806.3049926757812,0.025264736264944077,-0.04221884533762932,0.391169935464859,7.676534175872803,0.10896853357553482,0.29896295070648193,0.31553032994270325,0.14639930427074432,mif,28
0,410,-823.8328857421875,0.025264736264944077,-0.04221717268228531,0.391170471906662,7.676534175872803,0.1089601144194603,0.2989598214626312,0.3155299425125122,0.14639912545681,mif,28
0,411,-828.391845703125,0.025264736264944077,-0.04221776872873306,0.39117059111595154,7.676534175872803,0.10896005481481552,0.29896214604377747,0.31553077697753906,0.14639925956726074,mif,28
0,412,-829.4471435546875,0.025264736264944077,-0.04221787676215172,0.39117148518562317,7.676534175872803,0.10896186530590057,0.29895856976509094,0.31553125381469727,0.1463993340730667,mif,28
0,413,-831.8411865234375,0.025264736264944077,-0.04221736639738083,0.39117127656936646,7.676534175872803,0.10896074771881104,0.2989588677883148,0.3155311346054077,0.1463993787765503,mif,28
0,414,-820.5820922851562,0.025264736264944077,-0.04221755266189575,0.3911675810813904,7.676532745361328,0.10895717144012451,0.2989562153816223,0.31553101539611816,0.146399587392807,mif,28
0,415,-832.5262451171875,0.025264736264944077,-0.042217105627059937,0.3911691904067993,7.676532745361328,0.1089552789926529,0.298954039812088,0.3155314028263092,0.14639940857887268,mif,28
0,416,-829.5379638671875,0.025264736264944077,-0.04221763089299202,0.39117059111595154,7.676532745361328,0.10895469784736633,0.2989513576030731,0.31553101539611816,0.1463998407125473,mif,28
0,417,-851.1057739257812,0.025264736264944077,-0.042217057198286057,0.3911702334880829,7.676532745361328,0.10894929617643356,0.2989484369754791,0.31553101539611816,0.1463998705148697,mif,28
0,418,-834.8680419921875,0.025264736264944077,-0.04221470281481743,0.39117005467414856,7.676532745361328,0.10894955694675446,0.29894930124282837,0.3155308663845062,0.1463998407125473,mif,28
0,419,-825.076171875,0.025264736264944077,-0.04221510514616966,0.39116978645324707,7.676532745361328,0.1089501604437828,0.2989558279514313,0.3155311644077301,0.1463998705148697,mif,28
0,420,-838.2769165039062,0.025264736264944077,-0.042215194553136826,0.3911684453487396,7.676532745361328,0.10894914716482162,0.2989616394042969,0.31553131341934204,0.1463996171951294,mif,28
0,421,-817.2435302734375,0.025264736264944077,-0.04221438989043236,0.3911671042442322,7.676532745361328,0.10894925892353058,0.2989635765552521,0.3155309557914734,0.14639955759048462,mif,28
0,422,-833.9193725585938,0.025264736264944077,-0.04221433401107788,0.39116883277893066,7.676532745361328,0.10895216464996338,0.2989642918109894,0.3155301511287689,0.14639978110790253,mif,28
0,423,-823.3182983398438,0.025264736264944077,-0.04221465066075325,0.3911682665348053,7.676532745361328,0.10895199328660965,0.2989616096019745,0.3155297636985779,0.14639967679977417,mif,28
0,424,-828.9454345703125,0.025264736264944077,-0.04221474006772041,0.3911662995815277,7.676532745361328,0.10895756632089615,0.2989632487297058,0.315529465675354,0.1463998407125473,mif,28
0,425,-817.2210083007812,0.025264736264944077,-0.04221443086862564,0.3911660313606262,7.676532745361328,0.10896246135234833,0.29896530508995056,0.315529465675354,0.14639991521835327,mif,28
0,426,-825.1426391601562,0.025264736264944077,-0.04221397265791893,0.39116623997688293,7.676532745361328,0.10896433889865875,0.2989632487297058,0.315529465675354,0.14639997482299805,mif,28
0,427,-833.4415283203125,0.025264736264944077,-0.04221299663186073,0.3911649286746979,7.676532745361328,0.10897044837474823,0.2989638149738312,0.31552964448928833,0.14639994502067566,mif,28
0,428,-824.7119750976562,0.025264736264944077,-0.04221285507082939,0.3911660313606262,7.676532745361328,0.10896909236907959,0.2989691197872162,0.315529465675354,0.14639991521835327,mif,28
0,429,-813.2853393554688,0.025264736264944077,-0.042212340980768204,0.3911662697792053,7.676532745361328,0.10897219926118851,0.2989651560783386,0.31552940607070923,0.1464000791311264,mif,28
0,430,-815.673095703125,0.025264736264944077,-0.04221201315522194,0.3911663293838501,7.676532745361328,0.10897169262170792,0.2989635765552521,0.315529465675354,0.1464000791311264,mif,28
0,431,-826.3118286132812,0.025264736264944077,-0.04221158102154732,0.39116713404655457,7.676532745361328,0.10896899551153183,0.29896441102027893,0.3155294358730316,0.14640015363693237,mif,28
0,432,-822.8583984375,0.025264736264944077,-0.042212363332509995,0.39116716384887695,7.676532745361328,0.10897160321474075,0.29896727204322815,0.315529465675354,0.14640015363693237,mif,28
0,433,-819.1204223632812,0.025264736264944077,-0.04221275448799133,0.39116692543029785,7.676532745361328,0.10897331684827805,0.2989668548107147,0.315529465675354,0.14640015363693237,mif,28
0,434,-842.4689331054688,0.025264736264944077,-0.04221291095018387,0.3911682069301605,7.676532745361328,0.10897160321474075,0.2989655137062073,0.31552964448928833,0.14640015363693237,mif,28
0,435,-819.2949829101562,0.025264736264944077,-0.04221251979470253,0.3911677896976471,7.676532745361328,0.10897181928157806,0.2989674508571625,0.31552964448928833,0.14640015363693237,mif,28
0,436,-820.4837036132812,0.025264736264944077,-0.04221278429031372,0.3911671042442322,7.676532745361328,0.10897398740053177,0.2989656329154968,0.31552964448928833,0.14640015363693237,mif,28
0,437,-815.8826904296875,0.025264736264944077,-0.042213499546051025,0.3911670744419098,7.676532745361328,0.10897554457187653,0.29896897077560425,0.31552964448928833,0.14640015363693237,mif,28
0,438,-822.5634765625,0.025264736264944077,-0.04221341386437416,0.3911670744419098,7.676532745361328,0.10897529870271683,0.2989705801010132,0.31552964448928833,0.14640015363693237,mif,28
0,439,-820.7645874023438,0.025264736264944077,-0.04221351444721222,0.3911667466163635,7.676532745361328,0.10897333920001984,0.29897230863571167,0.31552964448928833,0.14640015363693237,mif,28
0,440,-821.1908569335938,0.025264736264944077,-0.04221352934837341,0.3911653459072113,7.676532745361328,0.10897532105445862,0.2989698350429535,0.31552964448928833,0.14640015363693237,mif,28
0,441,-822.147216796875,0.025264736264944077,-0.042213648557662964,0.39116522669792175,7.676532745361328,0.10897539556026459,0.2989710569381714,0.31552964448928833,0.14640015363693237,mif,28
0,442,-816.9627075195312,0.025264736264944077,-0.04221298545598984,0.3911662995815277,7.676532745361328,0.10897509753704071,0.29897284507751465,0.31552964448928833,0.14640015363693237,mif,28
0,443,-843.4982299804688,0.025264736264944077,-0.04221322014927864,0.3911658227443695,7.676532745361328,0.10897517204284668,0.2989718019962311,0.31552964448928833,0.14640015363693237,mif,28
0,444,-818.300537109375,0.025264736264944077,-0.042213283479213715,0.3911654055118561,7.676532745361328,0.10897649079561234,0.2989751100540161,0.31552964448928833,0.14640015363693237,mif,28
0,445,-812.9074096679688,0.025264736264944077,-0.042213235050439835,0.39116528630256653,7.676532745361328,0.10897480696439743,0.2989748418331146,0.31552964448928833,0.14640015363693237,mif,28
0,446,-841.2037353515625,0.025264736264944077,-0.0422130823135376,0.39116549491882324,7.676532745361328,0.10897499322891235,0.298973947763443,0.31552964448928833,0.14640015363693237,mif,28
0,447,-824.8936767578125,0.025264736264944077,-0.042212989181280136,0.3911662697792053,7.676532745361328,0.10897520184516907,0.2989731431007385,0.31552964448928833,0.14640015363693237,mif,28
0,448,-813.5497436523438,0.025264736264944077,-0.04221237450838089,0.3911668360233307,7.676532745361328,0.1089743822813034,0.298973947763443,0.31552964448928833,0.14640015363693237,mif,28
0,449,-824.0352783203125,0.025264736264944077,-0.042212411761283875,0.39116716384887695,7.676532745361328,0.10897471755743027,0.2989744246006012,0.31552964448928833,0.14640015363693237,mif,28
0,450,-809.4369506835938,0.025264736264944077,-0.04221240058541298,0.3911668658256531,7.676532745361328,0.10897422581911087,0.2989729046821594,0.31552964448928833,0.14640015363693237,mif,28
0,451,-828.6064453125,0.025264736264944077,-0.04221251606941223,0.39116570353507996,7.676532745361328,0.10897508263587952,0.29897233843803406,0.31552964448928833,0.14640015363693237,mif,28
0,452,-831.4324340820312,0.025264736264944077,-0.04221266135573387,0.3911654055118561,7.676532745361328,0.10897546261548996,0.2989722788333893,0.31552964448928833,0.14640015363693237,mif,28
0,453,-813.7551879882812,0.025264736264944077,-0.04221251606941223,0.3911654055118561,7.676532745361328,0.10897407680749893,0.2989726662635803,0.31552964448928833,0.14640015363693237,mif,28
0,454,-824.9600830078125,0.025264736264944077,-0.04221251606941223,0.39116472005844116,7.676532745361328,0.10897395014762878,0.2989729642868042,0.31552964448928833,0.14640015363693237,mif,28
0,455,-835.8876953125,0.025264736264944077,-0.04221264645457268,0.39116528630256653,7.676532745361328,0.10897514969110489,0.2989717423915863,0.31552964448928833,0.14640015363693237,mif,28
0,456,-840.3656005859375,0.025264736264944077,-0.042212873697280884,0.3911643922328949,7.676532745361328,0.10897506773471832,0.29897308349609375,0.31552964448928833,0.14640015363693237,mif,28
0,457,-818.2191162109375,0.025264736264944077,-0.04221276193857193,0.3911649286746979,7.676532745361328,0.10897395759820938,0.2989732027053833,0.31552964448928833,0.14640015363693237,mif,28
0,458,-814.6589965820312,0.025264736264944077,-0.042212676256895065,0.3911644518375397,7.676532745361328,0.10897372663021088,0.2989744246006012,0.31552964448928833,0.14640015363693237,mif,28
0,459,-820.8251953125,0.025264736264944077,-0.04221261665225029,0.39116522669792175,7.676532745361328,0.10897213220596313,0.2989755868911743,0.31552964448928833,0.14640015363693237,mif,28
0,460,-811.9639282226562,0.025264736264944077,-0.0422125868499279,0.3911654055118561,7.676532745361328,0.1089719831943512,0.2989768087863922,0.31552964448928833,0.14640015363693237,mif,28
0,461,-849.434326171875,0.025264736264944077,-0.04221275448799133,0.39116570353507996,7.676532745361328,0.10897109657526016,0.29897597432136536,0.31552964448928833,0.14640015363693237,mif,28
0,462,-825.3822631835938,0.025264736264944077,-0.042212776839733124,0.3911656439304352,7.676532745361328,0.10896910727024078,0.2989772856235504,0.31552964448928833,0.14640015363693237,mif,28
0,463,-836.4182739257812,0.025264736264944077,-0.04221290349960327,0.3911653459072113,7.676532745361328,0.10896824300289154,0.2989771068096161,0.31552964448928833,0.14640015363693237,mif,28
0,464,-811.8211669921875,0.025264736264944077,-0.04221300408244133,0.39116570353507996,7.676532745361328,0.10896766930818558,0.2989768981933594,0.31552964448928833,0.14640015363693237,mif,28
0,465,-814.564208984375,0.025264736264944077,-0.04221285879611969,0.3911662697792053,7.676532745361328,0.10896723717451096,0.2989772856235504,0.31552964448928833,0.14640015363693237,mif,28
0,466,-820.4188232421875,0.025264736264944077,-0.04221304506063461,0.3911665081977844,7.676532745361328,0.10896611213684082,0.29897668957710266,0.31552964448928833,0.14640015363693237,mif,28
0,467,-838.840576171875,0.025264736264944077,-0.04221292585134506,0.391166627407074,7.676532745361328,0.10896583646535873,0.29897594451904297,0.31552964448928833,0.14640015363693237,mif,28
0,468,-807.7015991210938,0.025264736264944077,-0.042212799191474915,0.391166627407074,7.676532745361328,0.10896610468626022,0.29897746443748474,0.31552964448928833,0.14640015363693237,mif,28
0,469,-819.2412719726562,0.025264736264944077,-0.04221269488334656,0.391166627407074,7.676532745361328,0.1089666336774826,0.29897749423980713,0.31552964448928833,0.14640015363693237,mif,28
0,470,-826.0851440429688,0.025264736264944077,-0.04221272096037865,0.391166627407074,7.676532745361328,0.1089659184217453,0.29897674918174744,0.31552964448928833,0.14640015363693237,mif,28
0,471,-825.6705322265625,0.025264736264944077,-0.042212579399347305,0.3911665678024292,7.676532745361328,0.10896626114845276,0.2989760935306549,0.31552964448928833,0.14640015363693237,mif,28
0,472,-801.54150390625,0.025264736264944077,-0.042212627828121185,0.3911665678024292,7.676532745361328,0.10896608233451843,0.2989756464958191,0.31552964448928833,0.14640015363693237,mif,28
0,473,-840.6439208984375,0.025264736264944077,-0.04221244156360626,0.39116644859313965,7.676532745361328,0.10896581411361694,0.2989759147167206,0.31552964448928833,0.14640015363693237,mif,28
0,474,-818.555419921875,0.025264736264944077,-0.042212486267089844,0.3911665678024292,7.676532745361328,0.10896560549736023,0.2989758253097534,0.31552964448928833,0.14640015363693237,mif,28
0,475,-820.6561889648438,0.025264736264944077,-0.04221247136592865,0.3911665678024292,7.676532745361328,0.1089651957154274,0.29897698760032654,0.31552964448928833,0.14640015363693237,mif,28
0,476,-829.4042358398438,0.025264736264944077,-0.0422123484313488,0.3911665678024292,7.676532745361328,0.10896459966897964,0.29897618293762207,0.31552964448928833,0.14640015363693237,mif,28
0,477,-844.5097045898438,0.025264736264944077,-0.04221225157380104,0.3911665380001068,7.676532745361328,0.10896480083465576,0.2989766597747803,0.31552964448928833,0.14640015363693237,mif,28
0,478,-823.3845825195312,0.025264736264944077,-0.04221215844154358,0.3911665678024292,7.676532745361328,0.10896474868059158,0.29897722601890564,0.31552964448928833,0.14640015363693237,mif,28
0,479,-793.0335083007812,0.025264736264944077,-0.04221232607960701,0.3911665380001068,7.676532745361328,0.1089649647474289,0.29897740483283997,0.31552964448928833,0.14640015363693237,mif,28
0,480,-838.6436157226562,0.025264736264944077,-0.04221233353018761,0.3911665081977844,7.676532745361328,0.10896492749452591,0.298976868391037,0.31552964448928833,0.14640015363693237,mif,28
0,481,-820.8592529296875,0.025264736264944077,-0.0422123558819294,0.3911665678024292,7.676532745361328,0.10896500200033188,0.29897540807724,0.31552964448928833,0.14640015363693237,mif,28
0,482,-824.9352416992188,0.025264736264944077,-0.04221240058541298,0.3911665380001068,7.676532745361328,0.10896459966897964,0.29897478222846985,0.31552964448928833,0.14640015363693237,mif,28
0,483,-834.3080444335938,0.025264736264944077,-0.042212411761283875,0.3911665380001068,7.676532745361328,0.10896410793066025,0.2989746034145355,0.31552964448928833,0.14640015363693237,mif,28
0,484,-816.9923706054688,0.025264736264944077,-0.04221244156360626,0.3911665380001068,7.676532745361328,0.10896411538124084,0.298974871635437,0.31552964448928833,0.14640015363693237,mif,28
0,485,-832.8088989257812,0.025264736264944077,-0.04221250116825104,0.3911665380001068,7.676532745361328,0.1089649647474289,0.2989749610424042,0.31552964448928833,0.14640015363693237,mif,28
0,486,-816.9893798828125,0.025264736264944077,-0.04221247136592865,0.3911665380001068,7.676532745361328,0.10896440595388412,0.2989749610424042,0.31552964448928833,0.14640015363693237,mif,28
0,487,-823.2471313476562,0.025264736264944077,-0.04221245273947716,0.3911665380001068,7.676532745361328,0.10896395891904831,0.29897522926330566,0.31552964448928833,0.14640015363693237,mif,28
0,488,-829.2659912109375,0.025264736264944077,-0.042212486267089844,0.3911665380001068,7.676532745361328,0.10896439850330353,0.29897540807724,0.31552964448928833,0.14640015363693237,mif,28
0,489,-813.9854736328125,0.025264736264944077,-0.042212486267089844,0.3911665380001068,7.676532745361328,0.10896477848291397,0.2989753782749176,0.31552964448928833,0.14640015363693237,mif,28
0,490,-816.6326904296875,0.025264736264944077,-0.04221239686012268,0.3911665380001068,7.676532745361328,0.10896503925323486,0.29897528886795044,0.31552964448928833,0.14640015363693237,mif,28
0,491,-817.3138427734375,0.025264736264944077,-0.04221239686012268,0.3911665380001068,7.676532745361328,0.10896565765142441,0.29897502064704895,0.31552964448928833,0.14640015363693237,mif,28
0,492,-841.71435546875,0.025264736264944077,-0.04221232607960701,0.3911665380001068,7.676532745361328,0.10896521061658859,0.2989749610424042,0.31552964448928833,0.14640015363693237,mif,28
0,493,-829.2047729492188,0.025264736264944077,-0.04221227020025253,0.3911665380001068,7.676532745361328,0.10896538943052292,0.2989751696586609,0.31552964448928833,0.14640015363693237,mif,28
0,494,-818.5903930664062,0.025264736264944077,-0.04221225157380104,0.3911665380001068,7.676532745361328,0.10896521061658859,0.29897522926330566,0.31552964448928833,0.14640015363693237,mif,28
0,495,-831.5274658203125,0.025264736264944077,-0.042212311178445816,0.3911665380001068,7.676532745361328,0.10896517336368561,0.29897505044937134,0.31552964448928833,0.14640015363693237,mif,28
0,496,-825.4269409179688,0.025264736264944077,-0.04221232607960701,0.3911665380001068,7.676532745361328,0.10896516591310501,0.29897522926330566,0.31552964448928833,0.14640015363693237,mif,28
0,497,-848.655029296875,0.025264736264944077,-0.04221229627728462,0.3911665380001068,7.676532745361328,0.1089651808142662,0.29897528886795044,0.31552964448928833,0.14640015363693237,mif,28
0,498,-823.9901733398438,0.025264736264944077,-0.0422123484313488,0.3911665380001068,7.676532745361328,0.1089654415845871,0.2989751696586609,0.31552964448928833,0.14640015363693237,mif,28
0,499,-821.0858764648438,0.025264736264944077,-0.042212340980768204,0.3911665380001068,7.676532745361328,0.10896554589271545,0.29897528886795044,0.31552964448928833,0.14640015363693237,mif,28
0,500,-812.3677978515625,0.025264736264944077,-0.0422123558819294,0.3911665380001068,7.676532745361328,0.10896556079387665,0.2989751994609833,0.31552964448928833,0.14640015363693237,mif,28
