date,cases,year,month,month_angle,post_1955,year_change,log_cases,filtered_mean_raw,filtered_mean_log,ess,loglik_t
1930-01-01,61.0,1930,1,0.0,0,0,4.127134385045092,42.94484855672692,3.776989484499501,332.8807338168218,-1.9229794013458967
1930-02-01,79.0,1930,2,0.5235987755982988,0,0,4.382026634673881,63.92565315163063,4.163314784258233,246.3061058853121,-1.491980337689366
1930-03-01,86.0,1930,3,1.0471975511965976,0,0,4.465908118654584,81.68547520108959,4.40249821743341,738.7292238444714,-0.05113658244047237
1930-04-01,60.0,1930,4,1.5707963267948966,0,0,4.110873864173311,71.08664285345571,4.262667835446721,274.0046874855925,-1.219596162533632
1930-05-01,129.0,1930,5,2.0943951023931953,0,0,4.867534450455582,133.48746068377994,4.888409492151267,834.9891283591792,0.09118841736036742
1930-06-01,515.0,1930,6,2.6179938779914944,0,0,6.246106765481563,455.63454069000477,6.110834393086664,440.9220499124211,-0.6866777488563862
1930-07-01,910.0,1930,7,3.141592653589793,0,0,6.814542897259958,989.7283650472257,6.885581308315269,730.6697504029459,-0.07868070286764883
1930-08-01,1648.0,1930,8,3.665191429188092,0,0,7.407924322559599,1771.099450517278,7.466426899392855,783.0545769697205,-0.011716761111582485
1930-09-01,2235.0,1930,9,4.1887902047863905,0,0,7.71244383427499,2259.768901280643,7.71092934337581,898.0969996245386,0.1726294015524239
1930-10-01,2023.0,1930,10,4.71238898038469,0,0,7.6128310304073565,1900.8657348147697,7.53801016104647,674.977101270471,-0.15175311500248245
1930-11-01,974.0,1930,11,5.235987755982989,0,0,6.882437470997847,966.4460556193253,6.86195405420388,851.314895569333,0.11428672542110263
1930-12-01,289.0,1930,12,5.759586531581287,0,0,5.66988092298052,329.27624466217753,5.786035892880449,482.3657665249097,-0.5601198874041966
1931-01-01,194.0,1931,1,0.0,0,1,5.272999558563747,196.51650991500077,5.26943779642315,561.0240012283456,-0.35279863822962554
1931-02-01,102.0,1931,2,0.5235987755982988,0,0,4.634728988229636,109.65465127873611,4.691015511821036,526.4090600469643,-0.4289659159621664
1931-03-01,106.0,1931,3,1.0471975511965976,0,0,4.672828834461906,105.03293625552155,4.648548907471502,708.8866287125737,-0.11352348718711092
1931-04-01,86.0,1931,4,1.5707963267948966,0,0,4.465908118654584,93.69404521898066,4.535443866241073,556.6674433027587,-0.38163626225407477
1931-05-01,114.0,1931,5,2.0943951023931953,0,0,4.74493212836325,122.3671549760468,4.801132898920752,662.4561445600483,-0.16999911461658712
1931-06-01,161.0,1931,6,2.6179938779914944,0,0,5.087596335232384,181.04357998325122,5.189325952874088,483.31511454774017,-0.5656059455758431
1931-07-01,1110.0,1931,7,3.141592653589793,0,0,7.01301578963963,847.5215646161906,6.73174996972376,32.860829102145686,-3.720136303122589
1931-08-01,5894.0,1931,8,3.665191429188092,0,0,8.68185981297147,3496.2718252780382,8.153839839316507,3.538295769892531,-8.202249844036688
1931-09-01,3527.0,1931,9,4.1887902047863905,0,0,8.168486417126681,3619.081028684731,8.180636566720597,859.207007216899,0.10925137324720957
1931-10-01,2295.0,1931,10,4.71238898038469,0,0,7.738923757439457,2299.898485844076,7.727520284888973,845.2754744245273,0.0924735797823164
1931-11-01,934.0,1931,11,5.235987755982989,0,0,6.840546529288687,971.4918966143213,6.866543967171884,810.6184262217184,0.05661721412407417
1931-12-01,265.0,1931,12,5.759586531581287,0,0,5.583496308781699,300.05333790724575,5.692085596761025,464.1844880883044,-0.622377854228338
1932-01-01,196.0,1932,1,0.0,0,1,5.2832037287379885,196.1648857907063,5.268053576018464,564.5784370695931,-0.33650299046108145
1932-02-01,105.0,1932,2,0.5235987755982988,0,0,4.663439094112067,113.46802555505523,4.724421023720426,465.036420141652,-0.5551545935527518
1932-03-01,63.0,1932,3,1.0471975511965976,0,0,4.1588830833596715,70.86816853747291,4.257722593205369,374.91874422799987,-0.8439661428134393
1932-04-01,82.0,1932,4,1.5707963267948966,0,0,4.418840607796598,82.93893360637384,4.4145903760220335,748.0061787002661,-0.05967555359456611
1932-05-01,97.0,1932,5,2.0943951023931953,0,0,4.584967478670572,105.63028846260649,4.654445894868303,631.0004642050275,-0.254023499711586
1932-06-01,142.0,1932,6,2.6179938779914944,0,0,4.962844630259907,160.60373776296177,5.070804690197624,476.9511480783674,-0.5705383171728666
1932-07-01,322.0,1932,7,3.141592653589793,0,0,5.777652323222656,333.83049827377715,5.7994916676561274,797.3137514550187,0.027279217176447546
1932-08-01,864.0,1932,8,3.665191429188092,0,0,6.762729506931879,791.4074118785347,6.660715595812789,514.0807007210668,-0.49251814979066744
1932-09-01,1080.0,1932,9,4.1887902047863905,0,0,6.985641817639208,1034.446462781225,6.928933792033245,698.5630155129311,-0.11804156216276951
1932-10-01,584.0,1932,10,4.71238898038469,0,0,6.371611847231857,612.2999055526302,6.405207007327578,794.256469381525,0.029302118759513718
1932-11-01,182.0,1932,11,5.235987755982989,0,0,5.209486152841421,208.00954959222523,5.328535562378739,484.20654299560914,-0.5756341348815752
1932-12-01,105.0,1932,12,5.759586531581287,0,0,4.663439094112067,103.35693181703687,4.633912585282721,791.1276075160285,0.016177450033502794
1933-01-01,94.0,1933,1,0.0,0,1,4.553876891600541,92.1131574221447,4.51736205748678,501.53201553001344,-0.476705998029642
1933-02-01,47.0,1933,2,0.5235987755982988,0,0,3.871201010907891,52.787436641010885,3.967585823711521,280.627822707703,-1.143110905222704
1933-03-01,53.0,1933,3,1.0471975511965976,0,0,3.9889840465642745,54.79964151487013,4.006841784010044,701.8809600008657,-0.11034082171819648
1933-04-01,89.0,1933,4,1.5707963267948966,0,0,4.499809670330265,86.56058231680106,4.4579274701228435,686.8392054245758,-0.13563034168591592
1933-05-01,68.0,1933,5,2.0943951023931953,0,0,4.23410650459726,82.51392075010988,4.410003404520146,137.52158729641437,-1.966383192168454
1933-06-01,88.0,1933,6,2.6179938779914944,0,0,4.48863636973214,105.17568221064063,4.6482918653244,145.96954426185167,-1.8660592340223587
1933-07-01,539.0,1933,7,3.141592653589793,0,0,6.29156913955832,440.9763943901804,6.0809713752087,158.54518837022476,-1.878200080341431
1933-08-01,1305.0,1933,8,3.665191429188092,0,0,7.174724309836376,1170.3746638282212,7.051832416553571,510.9626296254448,-0.5400163989749371
1933-09-01,1388.0,1933,9,4.1887902047863905,0,0,7.236339342754344,1409.7078290417169,7.23720651086163,788.5154219811357,0.007583752580085701
1933-10-01,846.0,1933,10,4.71238898038469,0,0,6.741700694652055,876.9201186933269,6.763013422615851,775.0383273080221,-0.004158038903199213
1933-11-01,268.0,1933,11,5.235987755982989,0,0,5.594711379601839,305.4691688870045,5.710730422399825,441.15171198467453,-0.664851480780559
1933-12-01,154.0,1933,12,5.759586531581287,0,0,5.043425116919247,153.36150318423628,5.02596740398209,824.8564632379133,0.07178936299807859
1934-01-01,97.0,1934,1,0.0,0,1,4.584967478670572,99.51122402325205,4.593508275566217,572.4742523270743,-0.3400400388395042
1934-02-01,70.0,1934,2,0.5235987755982988,0,0,4.2626798770413155,72.32251578670781,4.279972042843883,624.8675107172512,-0.2188713216825331
1934-03-01,71.0,1934,3,1.0471975511965976,0,0,4.276666119016055,72.2895802613318,4.279796224768271,690.2680702950743,-0.11723033075729283
1934-04-01,126.0,1934,4,1.5707963267948966,0,0,4.844187086458591,120.39946066314843,4.785253930934793,612.3789062833891,-0.25255531404583387
1934-05-01,389.0,1934,5,2.0943951023931953,0,0,5.966146739123692,336.5524922271651,5.80808625970743,273.3617733593828,-1.2181126568983718
1934-06-01,1328.0,1934,6,2.6179938779914944,0,0,7.192182058713246,1159.5497997488665,7.044195139940263,384.10501984159197,-0.8479514859591575
1934-07-01,1331.0,1934,7,3.141592653589793,0,0,7.194436851100335,1651.7763590335462,7.39528393125063,122.52102732165432,-2.1611032673769355
1934-08-01,1256.0,1934,8,3.665191429188092,0,0,7.136483208590247,1609.864298589649,7.367387330754765,53.90119070202394,-3.1277146378557674
1934-09-01,1366.0,1934,9,4.1887902047863905,0,0,7.220373836723949,1557.2370973572067,7.3382384328228385,506.0762296107214,-0.5167693735958174
1934-10-01,705.0,1934,10,4.71238898038469,0,0,6.559615237493242,807.6999588936133,6.681071487985808,403.9065538981772,-0.7607726589109802
1934-11-01,332.0,1934,11,5.235987755982989,0,0,5.808142489980444,364.88711255993616,5.88900128639596,676.7565293511121,-0.17187577037134716
1934-12-01,214.0,1934,12,5.759586531581287,0,0,5.3706380281276624,209.4248794804418,5.335446124051973,811.4056025463623,0.043218311780174545
1935-01-01,114.0,1935,1,0.0,0,1,4.74493212836325,118.31273026111964,4.765308005998708,557.6852363332764,-0.35872166395341587
1935-02-01,106.0,1935,2,0.5235987755982988,0,0,4.672828834461906,105.54372840553194,4.651909003615481,601.4225919679737,-0.29439801441565017
1935-03-01,107.0,1935,3,1.0471975511965976,0,0,4.68213122712422,109.3837585025777,4.688361592841446,710.9176430492091,-0.11112894375163584
1935-04-01,74.0,1935,4,1.5707963267948966,0,0,4.31748811353631,85.64313371313541,4.44463361138933,261.2293374509766,-1.2547215431196452
1935-05-01,136.0,1935,5,2.0943951023931953,0,0,4.919980925828125,138.45553836052352,4.923126006335841,765.7862483195946,-0.01693442888462826
1935-06-01,616.0,1935,6,2.6179938779914944,0,0,6.424869023905388,515.0496420783065,6.233219352366219,163.13681291754332,-1.8190003929149414
1935-07-01,1134.0,1935,7,3.141592653589793,0,0,7.034387929915503,1174.9232823751904,7.0565576777862145,802.2072752573165,0.04744011921593305
1935-08-01,3102.0,1935,8,3.665191429188092,0,0,8.04012466444838,2863.2157496177424,7.946482867622651,596.1939550508197,-0.32577622906348047
1935-09-01,3535.0,1935,9,4.1887902047863905,0,0,8.170751423757535,3488.0976681239954,8.143775105349594,809.9230424915188,0.044955567377675365
1935-10-01,1039.0,1935,10,4.71238898038469,0,0,6.946975992135418,1285.9367303822348,7.145231785007624,147.77204496235373,-1.9605099195198186
1935-11-01,509.0,1935,11,5.235987755982989,0,0,6.234410725718371,542.7459336371414,6.285443537217953,775.9623636345357,0.0003372196281041795
1935-12-01,253.0,1935,12,5.759586531581287,0,0,5.537334267018537,255.4565923259056,5.533209976218264,827.6102506935213,0.07296473106849888
1936-01-01,73.0,1936,1,0.0,0,1,4.30406509320417,80.78693448283033,4.385421107897973,266.84760371562265,-1.1903915131571416
1936-02-01,68.0,1936,2,0.5235987755982988,0,0,4.23410650459726,64.8459864721347,4.170583170757263,438.5250294397737,-0.638852979828421
1936-03-01,85.0,1936,3,1.0471975511965976,0,0,4.454347296253507,78.58521205251412,4.362028366836302,418.821112725925,-0.6834608791404921
1936-04-01,44.0,1936,4,1.5707963267948966,0,0,3.8066624897703196,53.06806371999464,3.9746831284405397,200.46732146307338,-1.5842093441702545
1936-05-01,112.0,1936,5,2.0943951023931953,0,0,4.727387818712341,104.43149769974639,4.64427596434861,590.5227047599334,-0.3143568002831181
1936-06-01,141.0,1936,6,2.6179938779914944,0,0,4.955827057601261,157.92761793677275,5.053356596644299,497.27132474092815,-0.5286223998977935
1936-07-01,513.0,1936,7,3.141592653589793,0,0,6.2422232654551655,468.0450164314784,6.137369064605198,509.02413946928726,-0.4890722047224063
1936-08-01,765.0,1936,8,3.665191429188092,0,0,6.641182169740591,792.5071702753451,6.66302519527607,784.3480645035527,0.026055324371474953
1936-09-01,1027.0,1936,9,4.1887902047863905,0,0,6.93537044601511,999.7961096633207,6.8947326350935665,756.4441012682217,-0.02829510726424367
1936-10-01,931.0,1936,10,4.71238898038469,0,0,6.837332814685591,841.7950958985513,6.723256780994804,519.6660392640529,-0.48558489116052606
1936-11-01,611.0,1936,11,5.235987755982989,0,0,6.416732282512326,537.8521682790009,6.277237086466548,398.5542582446506,-0.7749778559947629
1936-12-01,166.0,1936,12,5.759586531581287,0,0,5.117993812416755,186.67532700708932,5.220447361284777,573.7096598783147,-0.392340595438597
1937-01-01,123.0,1937,1,0.0,0,1,4.820281565605037,124.35146277482033,4.8137309734793465,545.8244477237607,-0.3922119993874258
1937-02-01,78.0,1937,2,0.5235987755982988,0,0,4.3694478524670215,83.84432524840254,4.4251677480873415,562.158123899437,-0.36483220264301863
1937-03-01,86.0,1937,3,1.0471975511965976,0,0,4.465908118654584,87.45554561119629,4.466884149102267,694.1795217036087,-0.12962558825561743
1937-04-01,83.0,1937,4,1.5707963267948966,0,0,4.430816798843313,89.76196277200155,4.492242378353438,582.4071712692968,-0.3463828111183158
1937-05-01,118.0,1937,5,2.0943951023931953,0,0,4.77912349311153,126.60766039038423,4.835027847983797,674.2328858622809,-0.15206901979652443
1937-06-01,347.0,1937,6,2.6179938779914944,0,0,5.8522024797744745,333.21756973964517,5.797130181110096,672.1435133968433,-0.17095060444450105
1937-07-01,1256.0,1937,7,3.141592653589793,0,0,7.136483208590247,1131.6611526065722,7.019589951510817,450.1481491096364,-0.6230620354347911
1937-08-01,2624.0,1937,8,3.665191429188092,0,0,7.872836175025724,2508.1591566675515,7.81463452194301,721.707272171153,-0.0766848543067411
1937-09-01,3029.0,1937,9,4.1887902047863905,0,0,8.016317898503415,3007.178368843352,7.995206904829198,824.9284616866955,0.05989077874248849
1937-10-01,1279.0,1937,10,4.71238898038469,0,0,7.154615356913663,1456.0020975675968,7.269803792313729,496.44238051368995,-0.5511764650538815
1937-11-01,322.0,1937,11,5.235987755982989,0,0,5.777652323222656,388.45439141527385,5.949427168298502,173.9214334666439,-1.7386130782483873
1937-12-01,135.0,1937,12,5.759586531581287,0,0,4.912654885736052,147.02756039238568,4.983543097304278,676.027717530995,-0.1681730798876817
1938-01-01,106.0,1938,1,0.0,0,1,4.672828834461906,107.26756278772358,4.668341186791605,557.2345084303618,-0.3610945033886086
1938-02-01,86.0,1938,2,0.5235987755982988,0,0,4.465908118654584,89.35429422866014,4.488092452207296,629.3644268342318,-0.23499423392950547
1938-03-01,87.0,1938,3,1.0471975511965976,0,0,4.477336814478207,90.22239613792792,4.497891737201326,678.5533886094978,-0.1471296875645951
1938-04-01,68.0,1938,4,1.5707963267948966,0,0,4.23410650459726,78.40782426402893,4.3599700038652855,326.44845155011626,-0.9931850794791259
1938-05-01,80.0,1938,5,2.0943951023931953,0,0,4.394449154672439,91.23114148199659,4.509137867903134,371.2366867517451,-0.8450734169819789
1938-06-01,120.0,1938,6,2.6179938779914944,0,0,4.795790545596741,137.80290812606123,4.918133571377705,388.72397854810856,-0.8144592582078403
1938-07-01,189.0,1938,7,3.141592653589793,0,0,5.247024072160486,215.91937871685087,5.3646953509626085,371.8939623648728,-0.8310360646000952
1938-08-01,203.0,1938,8,3.665191429188092,0,0,5.318119993844216,247.93135052177905,5.50309981169596,211.58391525853614,-1.571527626289516
1938-09-01,264.0,1938,9,4.1887902047863905,0,0,5.579729825986222,271.26150910470574,5.593297286499039,808.4096704180664,0.057660145444163646
1938-10-01,189.0,1938,10,4.71238898038469,0,0,5.247024072160486,190.07504348295666,5.23940530053185,824.5158640760643,0.08011249662651743
1938-11-01,90.0,1938,11,5.235987755982989,0,0,4.51085950651685,90.8808415295854,4.507763268180426,842.157321316113,0.10927950689616317
1938-12-01,77.0,1938,12,5.759586531581287,0,0,4.356708826689592,64.96299344091275,4.177056703100822,249.1105037117518,-1.3407503947207022
1939-01-01,68.0,1939,1,0.0,0,1,4.23410650459726,66.44332529248018,4.195883490084562,502.2343606181543,-0.45846959810879717
1939-02-01,60.0,1939,2,0.5235987755982988,0,0,4.110873864173311,62.5714455826335,4.136303661465666,604.2036483114167,-0.2729963346041213
1939-03-01,42.0,1939,3,1.0471975511965976,0,0,3.7612001156935624,47.43620722030316,3.8650245672921484,313.1652652484626,-0.9953510164847632
1939-04-01,137.0,1939,4,1.5707963267948966,0,0,4.927253685157205,119.30650763314247,4.77463524871491,216.89741948202953,-1.458609316827749
1939-05-01,187.0,1939,5,2.0943951023931953,0,0,5.236441962829949,199.47483424298048,5.286199388297463,691.3330979674096,-0.13896783955337
1939-06-01,282.0,1939,6,2.6179938779914944,0,0,5.645446897643238,331.5133593428984,5.792405537880751,285.10499624128175,-1.1591998462523367
1939-07-01,751.0,1939,7,3.141592653589793,0,0,6.62273632394984,795.7268860519937,6.665750655751433,761.5314758992206,-0.045838568650587774
1939-08-01,1213.0,1939,8,3.665191429188092,0,0,7.101675971619444,1319.1021002342195,7.171127747936499,638.3829780086492,-0.2316937341151366
1939-09-01,1406.0,1939,9,4.1887902047863905,0,0,7.249215057114389,1476.2078749734671,7.2840747085960835,769.8392074920744,-0.00852790124605285
1939-10-01,1554.0,1939,10,4.71238898038469,0,0,7.349230824613334,1389.2122135495845,7.224096037192676,479.5464812585534,-0.5842591390648808
1939-11-01,412.0,1939,11,5.235987755982989,0,0,6.023447592961033,479.54856603797776,6.161546672139849,399.6397743191541,-0.7987444088360398
1939-12-01,280.0,1939,12,5.759586531581287,0,0,5.638354669333745,268.0853365851967,5.580949678262158,729.2496730274045,-0.08684899318079076
1940-01-01,106.0,1940,1,0.0,0,1,4.672828834461906,112.74069531699973,4.716844524919667,447.3811787740546,-0.6128434927312636
1940-02-01,93.0,1940,2,0.5235987755982988,0,0,4.543294782270004,91.12542384623112,4.5080231160976405,554.1222876381654,-0.3554690371314333
1940-03-01,100.0,1940,3,1.0471975511965976,0,0,4.61512051684126,97.51129732205956,4.5754787099911525,644.1180276736144,-0.1998075775821846
1940-04-01,37.0,1940,4,1.5707963267948966,0,0,3.6375861597263857,46.54884823086932,3.8443596829228763,34.34412841134814,-3.4574046206675213
1940-05-01,119.0,1940,5,2.0943951023931953,0,0,4.787491742782046,106.46769263915668,4.662859851056926,371.7662953541408,-0.8452397106809926
1940-06-01,300.0,1940,6,2.6179938779914944,0,0,5.707110264748875,277.7451717136592,5.616553681686058,611.5370116880125,-0.2995617064467204
1940-07-01,551.0,1940,7,3.141592653589793,0,0,6.313548046277095,579.9807198138274,6.351362192963956,781.5695766002881,0.016331293976151073
1940-08-01,1893.0,1940,8,3.665191429188092,0,0,7.546446273746024,1626.9642290401925,7.381866842839427,262.55597046778473,-1.2590018299354027
1940-09-01,2906.0,1940,9,4.1887902047863905,0,0,7.9748769005588755,2499.9226073076334,7.812784326299678,369.9953387634878,-0.9084647119299278
1940-10-01,1360.0,1940,10,4.71238898038469,0,0,7.215975002651466,1429.164706012085,7.25277922769646,831.365291460681,0.08443714512016331
1940-11-01,796.0,1940,11,5.235987755982989,0,0,6.680854678790215,753.5585696233783,6.613764662441483,714.8850092601796,-0.08428993506097093
1940-12-01,276.0,1940,12,5.759586531581287,0,0,5.6240175061873385,292.4556872743249,5.668066846089988,806.8836072998749,0.03337125909331995
1941-01-01,124.0,1941,1,0.0,0,1,4.8283137373023015,131.287497200659,4.867732328474621,475.2868955887905,-0.5429209623086404
1941-02-01,75.0,1941,2,0.5235987755982988,0,0,4.330733340286331,78.27281366746212,4.356043361559355,613.5874259980161,-0.28058097669211435
1941-03-01,91.0,1941,3,1.0471975511965976,0,0,4.5217885770490405,86.7710376082856,4.458880247014257,528.8824899410316,-0.4363293440546361
1941-04-01,52.0,1941,4,1.5707963267948966,0,0,3.970291913552122,59.99987836362811,4.094735547129602,259.24382667278604,-1.2296824806233921
1941-05-01,87.0,1941,5,2.0943951023931953,0,0,4.477336814478207,89.18274579118011,4.487489495580108,773.1060505135717,-0.0035665085359326554
1941-06-01,286.0,1941,6,2.6179938779914944,0,0,5.659482215759621,257.4889328766139,5.540894591099262,407.32197590350256,-0.7416976318361233
1941-07-01,1061.0,1941,7,3.141592653589793,0,0,6.967909201801884,894.6941483824572,6.784691137286501,250.84285249162406,-1.3754083801740578
1941-08-01,2241.0,1941,8,3.665191429188092,0,0,7.715123603632105,2069.2452007250413,7.622562725430489,620.6584936796775,-0.27144702748758576
1941-09-01,2239.0,1941,9,4.1887902047863905,0,0,7.7142311448490855,2294.9672925728223,7.72520406858119,832.1513798857685,0.07994825917644377
1941-10-01,1320.0,1941,10,4.71238898038469,0,0,7.186144304522325,1375.2269226877213,7.212966734509508,830.6746237131649,0.05870802752013837
1941-11-01,734.0,1941,11,5.235987755982989,0,0,6.5998704992128365,712.998721257661,6.5577363914851485,772.6613141952517,0.0023878387082945096
1941-12-01,190.0,1941,12,5.759586531581287,0,0,5.25227342804663,220.3216568833818,5.3851577625870455,385.6014067022934,-0.8389520588593573
1942-01-01,109.0,1942,1,0.0,0,1,4.700480365792417,113.68090079120137,4.725895089512627,545.5283210539452,-0.3851821355757803
1942-02-01,100.0,1942,2,0.5235987755982988,0,0,4.61512051684126,98.77255576554634,4.586283017093553,591.09506281609,-0.31642699514363315
1942-03-01,67.0,1942,3,1.0471975511965976,0,0,4.219507705176107,73.15140793290169,4.290554477391996,484.4073341316585,-0.5232898335336102
1942-04-01,58.0,1942,4,1.5707963267948966,0,0,4.07753744390572,64.60768102622423,4.167544380434801,458.5970877598038,-0.6126472137828891
1942-05-01,94.0,1942,5,2.0943951023931953,0,0,4.553876891600541,95.77216748428084,4.557011670437241,722.1524012689384,-0.08306818184741616
1942-06-01,156.0,1942,6,2.6179938779914944,0,0,5.056245805348308,165.7971883259924,5.100629633991922,671.0578046669311,-0.1934213900282007
1942-07-01,287.0,1942,7,3.141592653589793,0,0,5.662960480135946,306.8925978499388,5.715581455912056,670.3906689176448,-0.16125546147419634
1942-08-01,679.0,1942,8,3.665191429188092,0,0,6.522092798170152,646.8606579906968,6.459914602267281,680.8616504318233,-0.1503930025340079
1942-09-01,933.0,1942,9,4.1887902047863905,0,0,6.839476438228843,866.3707675033493,6.751020903740393,613.823244569721,-0.30305962008460074
1942-10-01,494.0,1942,10,4.71238898038469,0,0,6.20455776256869,513.2667910088264,6.228749955228752,804.2499991055275,0.031923487447670595
1942-11-01,462.0,1942,11,5.235987755982989,0,0,6.137727054086234,389.07425131158595,5.952901405755193,183.4056037930715,-1.6967806654210875
1942-12-01,212.0,1942,12,5.759586531581287,0,0,5.3612921657094255,202.9303683044422,5.3044943514360785,719.8895216317665,-0.08584718385757739
1943-01-01,164.0,1943,1,0.0,0,1,5.10594547390058,161.78833080494115,5.0750910188546055,511.5473250677157,-0.47145929684833376
1943-02-01,85.0,1943,2,0.5235987755982988,0,0,4.454347296253507,93.72240761702355,4.535002561017713,365.7700898506026,-0.8108087868985105
1943-03-01,93.0,1943,3,1.0471975511965976,0,0,4.543294782270004,94.39773641455355,4.542784690366513,709.5187647015517,-0.10706333587961758
1943-04-01,89.0,1943,4,1.5707963267948966,0,0,4.499809670330265,96.16317519121469,4.561679946144941,621.3998983354136,-0.2524069384090115
1943-05-01,90.0,1943,5,2.0943951023931953,0,0,4.51085950651685,104.16663708185267,4.640618836475518,337.3004115205198,-0.9736936884471099
1943-06-01,485.0,1943,6,2.6179938779914944,0,0,6.186208623900494,402.8932375427213,5.987031685410043,126.14594346573651,-2.1082592347274725
1943-07-01,606.0,1943,7,3.141592653589793,0,0,6.408528791059498,688.1666486163749,6.521125405647771,457.6588101071607,-0.6269243309325017
1943-08-01,3571.0,1943,8,3.665191429188092,0,0,8.18088094199639,2726.9530920974803,7.899662120116055,26.719021061373766,-3.8948813038372068
1943-09-01,3423.0,1943,9,4.1887902047863905,0,0,8.138564737261632,3378.613587878688,8.112186866613833,808.4689345978064,0.0517625747980448
1943-10-01,2059.0,1943,10,4.71238898038469,0,0,7.630461261783627,2107.0669184368285,7.640053342515069,819.8787387102889,0.06941319275296998
1943-11-01,605.0,1943,11,5.235987755982989,0,0,6.406879986069314,702.7047336735986,6.542636514917489,428.5812158165123,-0.7392232922861091
1943-12-01,177.0,1943,12,5.759586531581287,0,0,5.181783550292085,209.23416758525437,5.333000894059335,295.25297498344236,-1.163608966236998
1944-01-01,107.0,1944,1,0.0,0,1,4.68213122712422,112.58202602356862,4.715622533303479,535.722694821645,-0.4187987978957217
1944-02-01,65.0,1944,2,0.5235987755982988,0,0,4.189654742026425,69.17168031100371,4.235484901434993,575.548546252089,-0.3311000084710791
1944-03-01,53.0,1944,3,1.0471975511965976,0,0,3.9889840465642745,55.2341709644466,4.0137295166058315,653.9269272614388,-0.19640271206319326
1944-04-01,76.0,1944,4,1.5707963267948966,0,0,4.343805421853684,73.68953798609333,4.298479505878867,673.3262693546595,-0.1628485585302375
1944-05-01,158.0,1944,5,2.0943951023931953,0,0,5.0689042022202315,149.50408958820384,4.9993085752289455,599.4430146348762,-0.302779198554493
1944-06-01,460.0,1944,6,2.6179938779914944,0,0,6.133398042996649,419.92347510568027,6.029598712181562,534.3684560258056,-0.43173729244340553
1944-07-01,2990.0,1944,7,3.141592653589793,0,0,8.003363058629947,2303.629448108596,7.728232885783308,13.881870930085089,-4.571767672024355
1944-08-01,5484.0,1944,8,3.665191429188092,0,0,8.609772372709331,5152.9534205453,8.53432466724879,659.0909343891232,-0.18697328558280368
1944-09-01,4097.0,1944,9,4.1887902047863905,0,0,8.318254328798846,4501.82543320459,8.398977530928901,622.3027460873556,-0.2520838566671353
1944-10-01,3343.0,1944,10,4.71238898038469,0,0,8.114922974204593,3213.57600577008,8.061967959607093,755.4075608641377,-0.03482628492474937
1944-11-01,997.0,1944,11,5.235987755982989,0,0,6.905753276311464,1114.1139468503284,7.003779259026193,587.7681995949647,-0.326373097749876
1944-12-01,435.0,1944,12,5.759586531581287,0,0,6.077642243349034,454.446808229609,6.108082743051547,818.0949210634046,0.06461796758427063
1945-01-01,142.0,1945,1,0.0,0,1,4.962844630259907,154.505241311238,5.0286423852750675,373.8443060996278,-0.8259502767042068
1945-02-01,147.0,1945,2,0.5235987755982988,0,0,4.997212273764115,135.27916960804725,4.8994335847336945,367.9291982171198,-0.8343960603217475
1945-03-01,115.0,1945,3,1.0471975511965976,0,0,4.7535901911063645,116.8355521523093,4.754016818642617,689.7348990634443,-0.1300603359696364
1945-04-01,156.0,1945,4,1.5707963267948966,0,0,5.056245805348308,151.00066314312897,5.009448069674649,653.0259586791469,-0.18745659988733898
1945-05-01,151.0,1945,5,2.0943951023931953,0,0,5.0238805208462765,169.50816552580085,5.124150591757827,484.4205434830067,-0.5601365961937166
1945-06-01,459.0,1945,6,2.6179938779914944,0,0,6.131226489483141,426.41181429297944,6.043249407751619,598.186991032821,-0.32601246635264225
1945-07-01,1273.0,1945,7,3.141592653589793,0,0,7.149916836132109,1196.4204442888,7.0736178646002665,602.2185735716029,-0.297632016067519
1945-08-01,3213.0,1945,8,3.665191429188092,0,0,8.075271546297458,2895.940459092783,7.957588637739203,493.2542953550162,-0.55773125023868
1945-09-01,4131.0,1945,9,4.1887902047863905,0,0,8.326516830239528,3836.023032129282,8.239947091238932,633.1980993056002,-0.23170870792880116
1945-10-01,2046.0,1945,10,4.71238898038469,0,0,7.624130585661289,2170.588671156578,7.6693167986499535,788.3243819296172,0.003957070236410232
1945-11-01,585.0,1945,11,5.235987755982989,0,0,6.373319789577012,675.1054495043978,6.502822179292971,410.001784864868,-0.752558280071959
1945-12-01,223.0,1945,12,5.759586531581287,0,0,5.4116460518550396,243.47591567034726,5.485052240645912,641.9111257245628,-0.21943609670874942
1946-01-01,191.0,1946,1,0.0,0,1,5.2574953720277815,187.16921077251786,5.221628194000772,473.24510291323935,-0.5117924261944875
1946-02-01,157.0,1946,2,0.5235987755982988,0,0,5.062595033026967,158.82735585539407,5.0588058969526655,647.7367017709637,-0.1886779160007226
1946-03-01,141.0,1946,3,1.0471975511965976,0,0,4.955827057601261,148.8336542223792,4.994200929582075,681.7236165553636,-0.1570608962260156
1946-04-01,105.0,1946,4,1.5707963267948966,0,0,4.663439094112067,122.27783188683686,4.798648040563377,273.97514954074245,-1.1985788450291608
1946-05-01,362.0,1946,5,2.0943951023931953,0,0,5.8944028342648505,319.6929402518784,5.757375070373476,325.5130227464648,-0.983770512740481
1946-06-01,1133.0,1946,6,2.6179938779914944,0,0,7.033506484287697,1021.6595555290587,6.915507644636955,444.25938958486665,-0.6794399365120363
1946-07-01,3291.0,1946,7,3.141592653589793,0,0,8.09925056179696,3080.8723907624753,8.01999248402187,657.7410831963786,-0.19711136625663528
1946-08-01,5174.0,1946,8,3.665191429188092,0,0,8.55159461813357,5423.9870773839775,8.58545624308788,799.3571766473866,0.03483951886843428
1946-09-01,7214.0,1946,9,4.1887902047863905,0,0,8.88391747120797,6954.273083245867,8.834066660784817,773.556729373391,-0.003766814119248174
1946-10-01,3299.0,1946,10,4.71238898038469,0,0,8.101677747454572,3620.697631887758,8.181710743889024,647.7076650933718,-0.20209901061926416
1946-11-01,1579.0,1946,11,5.235987755982989,0,0,7.365180126021013,1619.228651447354,7.377157114044639,844.9559756718127,0.10303996005763061
1946-12-01,679.0,1946,12,5.759586531581287,0,0,6.522092798170152,697.5280063375853,6.53521496577632,820.2113357435718,0.06260414716737372
1947-01-01,277.0,1947,1,0.0,0,1,5.627621113690637,288.55439023311715,5.651798769788715,541.4925038996852,-0.3944941687577419
1947-02-01,177.0,1947,2,0.5235987755982988,0,0,5.181783550292085,178.77327518191117,5.176499854390796,619.9697932260005,-0.22637497114868843
1947-03-01,149.0,1947,3,1.0471975511965976,0,0,5.0106352940962555,149.99747026287997,5.00196348508115,710.9201809854168,-0.10149884392997954
1947-04-01,117.0,1947,4,1.5707963267948966,0,0,4.770684624465665,126.0437507900483,4.830756700828818,586.8054573135657,-0.28591910582922253
1947-05-01,148.0,1947,5,2.0943951023931953,0,0,5.003946305945459,159.07601507962303,5.061926230910576,718.551016731587,-0.09400813777525485
1947-06-01,339.0,1947,6,2.6179938779914944,0,0,5.8289456176102075,334.81144154954666,5.8025594094785795,783.5917334459809,0.0075488322543186825
1947-07-01,666.0,1947,7,3.141592653589793,0,0,6.502790045915623,685.8748830272211,6.517673516004198,805.0879257670027,0.029291093035705984
1947-08-01,2650.0,1947,8,3.665191429188092,0,0,7.8826922062890254,2058.840662349705,7.619344907132568,101.89277728282633,-2.5318282117246236
1947-09-01,3254.0,1947,9,4.1887902047863905,0,0,8.08794755464267,2949.4808458567836,7.976924449169973,535.4819834545874,-0.44679029985307395
1947-10-01,1639.0,1947,10,4.71238898038469,0,0,7.402451520818244,1719.3648366240195,7.4366341260561395,781.9460939551841,0.011011247625951626
1947-11-01,1027.0,1947,11,5.235987755982989,0,0,6.93537044601511,953.9152692425575,6.848044378679587,628.3915639268077,-0.2606209366537353
1947-12-01,269.0,1947,12,5.759586531581287,0,0,5.598421958998375,309.9355908010938,5.726977164350562,485.07716619950514,-0.5738844423577909
1948-01-01,157.0,1948,1,0.0,0,1,5.062595033026967,160.5864855371962,5.068340515855367,565.847675384569,-0.35159209344433506
1948-02-01,113.0,1948,2,0.5235987755982988,0,0,4.736198448394496,114.92145205557597,4.736236646414254,601.9417419680843,-0.2893391926780442
1948-03-01,106.0,1948,3,1.0471975511965976,0,0,4.672828834461906,107.74212495795803,4.673936156864478,692.8947432945203,-0.12266237713376604
1948-04-01,164.0,1948,4,1.5707963267948966,0,0,5.10594547390058,158.21447564955054,5.056057954144979,644.4813370832356,-0.19775266284050375
1948-05-01,663.0,1948,5,2.0943951023931953,0,0,6.498282149476434,535.6636906212116,6.272725740115902,67.06299956097726,-2.7877186614809855
1948-06-01,924.0,1948,6,2.6179938779914944,0,0,6.829793737512425,1015.7024364675608,6.910222156349935,573.057705088463,-0.34572801538312437
1948-07-01,2708.0,1948,7,3.141592653589793,0,0,7.904334842085095,2713.7460170662926,7.892456651834102,800.3370330765931,0.03448452271249547
1948-08-01,6809.0,1948,8,3.665191429188092,0,0,8.826147399143558,6467.802372906921,8.760473340059296,672.5362584221883,-0.17746077167866403
1948-09-01,6633.0,1948,9,4.1887902047863905,0,0,8.799963219506997,6934.175469629214,8.8302640185934,772.3405040493586,-0.004391362215745431
1948-10-01,5192.0,1948,10,4.71238898038469,0,0,8.555066843844319,5077.1374621149025,8.519615278703839,789.0396891982572,0.02864042713909498
1948-11-01,2284.0,1948,11,5.235987755982989,0,0,7.734121303328305,2322.739224909152,7.737757237316666,845.0351455551851,0.10453148559217595
1948-12-01,976.0,1948,12,5.759586531581287,0,0,6.884486652042782,998.6065556149492,6.8931097144053695,829.078733614126,0.06577385152959359
1949-01-01,574.0,1949,1,0.0,0,1,6.354370040797351,562.3185598334239,6.316893027848211,502.5428471061693,-0.48149313077704736
1949-02-01,235.0,1949,2,0.5235987755982988,0,0,5.4638318050256105,257.3624133467082,5.536977754332965,402.5925788893888,-0.7475070894316502
1949-03-01,209.0,1949,3,1.0471975511965976,0,0,5.3471075307174685,210.3514519555786,5.3382777991782895,698.5090045761305,-0.11613183744760036
1949-04-01,199.0,1949,4,1.5707963267948966,0,0,5.298317366548036,208.41626561187093,5.330450329985962,744.5039834482475,-0.03664213001281347
1949-05-01,542.0,1949,5,2.0943951023931953,0,0,6.297109319933935,472.06521996375784,6.146351542117719,297.11971226829996,-1.1069476577891635
1949-06-01,1409.0,1949,6,2.6179938779914944,0,0,7.251344983372214,1287.3315157796883,7.14753325925671,494.5534160417358,-0.5198977228318178
1949-07-01,7555.0,1949,7,3.141592653589793,0,0,8.9300972286214,5842.719002321559,8.65993095765582,43.92934496369527,-3.4272408500968026
1949-08-01,13021.0,1949,8,3.665191429188092,0,0,9.474395513796807,12152.31313140559,9.39283465435421,704.218743098292,-0.12206709816308248
1949-09-01,9372.0,1949,9,4.1887902047863905,0,0,9.145588494746486,10244.86554215206,9.221336756446822,704.3113164273265,-0.12183192522779596
1949-10-01,5893.0,1949,10,4.71238898038469,0,0,8.68169016329764,5931.496113864613,8.675451722331577,870.850558086398,0.13975979462621524
1949-11-01,2426.0,1949,11,5.235987755982989,0,0,7.794411205726601,2426.553992224388,7.780380598673462,845.2579189619121,0.0803591179030878
1949-12-01,914.0,1949,12,5.759586531581287,0,0,6.818924065275521,941.7312122267591,6.835089125640966,852.4900719300223,0.09645140523940299
1950-01-01,505.0,1950,1,0.0,0,1,6.226536669287466,500.12137508583237,6.199695921764049,495.90923254190864,-0.49689975500336914
1950-02-01,396.0,1950,2,0.5235987755982988,0,0,5.983936280687191,393.56619527884834,5.962330206027157,610.7105591299911,-0.26256698201149575
1950-03-01,281.0,1950,3,1.0471975511965976,0,0,5.641907070938114,299.9256040447159,5.691627870706917,629.7928736729933,-0.23949961540196263
1950-04-01,324.0,1950,4,1.5707963267948966,0,0,5.783825182329737,333.86173757624863,5.799857530790211,769.0719302892794,-0.003963641832944731
1950-05-01,434.0,1950,5,2.0943951023931953,0,0,6.075346031088684,461.5339277957613,6.122937921179163,742.6591391486326,-0.052416788492344324
1950-06-01,1168.0,1950,6,2.6179938779914944,0,0,7.063903961472068,1118.3232344076114,7.006284057285151,715.3125381518016,-0.10537691752600864
1950-07-01,4129.0,1950,7,3.141592653589793,0,0,8.326032685955079,3634.208200916727,8.184361700309175,378.0810345849904,-0.8780854678191758
1950-08-01,6176.0,1950,8,3.665191429188092,0,0,8.728587995695898,6337.619656135974,8.74060411401641,830.2944688913012,0.07164869344043723
1950-09-01,8053.0,1950,9,4.1887902047863905,0,0,8.9939241414114,7750.4866784939195,8.942424431339315,748.3926161173996,-0.035490164846160965
1950-10-01,7412.0,1950,10,4.71238898038469,0,0,8.910990494656719,6540.363129729011,8.772476658595881,420.2047020837286,-0.7475576846256065
1950-11-01,3034.0,1950,11,5.235987755982989,0,0,8.017966703493599,2969.2010300949178,7.982598195710596,804.21045602325,0.03232825240131376
1950-12-01,1490.0,1950,12,5.759586531581287,0,0,7.307202314764738,1412.152067088243,7.240622883088991,707.4201947797684,-0.10141978329124512
1951-01-01,576.0,1951,1,0.0,0,1,6.3578422665081,577.1629726764155,6.343775332966831,563.6785606452954,-0.34780096140066785
1951-02-01,376.0,1951,2,0.5235987755982988,0,0,5.932245187448011,370.89122862859756,5.9030515984854945,610.2775977496403,-0.26299821524247413
1951-03-01,220.0,1951,3,1.0471975511965976,0,0,5.3981627015177525,233.70760920688565,5.442387237049676,612.1505624585029,-0.278981473460183
1951-04-01,325.0,1951,4,1.5707963267948966,0,0,5.786897381366708,304.5302623643586,5.7070464242248,555.9035738240609,-0.39449543844130197
1951-05-01,353.0,1951,5,2.0943951023931953,0,0,5.869296913133774,377.86867454612513,5.9219381497282635,650.3479004941596,-0.21287129535721938
1951-06-01,885.0,1951,6,2.6179938779914944,0,0,6.786716950605081,859.7827672411432,6.7442008559965485,710.0407290111829,-0.0857324888991986
1951-07-01,3995.0,1951,7,3.141592653589793,0,0,8.293049139768444,3165.1333962454373,8.048550920483255,137.7382619945518,-2.1708006156871127
1951-08-01,6752.0,1951,8,3.665191429188092,0,0,8.817742129574842,6504.389974671038,8.766025638777048,699.01230084539,-0.12239170755051632
1951-09-01,8107.0,1951,9,4.1887902047863905,0,0,9.000606507571892,7835.3831805576365,8.9525637767794,740.6015234478626,-0.059201783889593074
1951-10-01,3786.0,1951,10,4.71238898038469,0,0,8.239329427901795,4035.630311269535,8.289882918825455,734.9129306030716,-0.050073443658939176
1951-11-01,2030.0,1951,11,5.235987755982989,0,0,7.616283561580385,1971.001385101205,7.572937731043369,775.6398079001201,-0.010472924928642158
1951-12-01,509.0,1951,12,5.759586531581287,0,0,6.234410725718371,586.2489647063235,6.36114478514777,427.72631085224486,-0.7218741503718196
1952-01-01,530.0,1952,1,0.0,0,1,6.274762021241939,486.9324490623192,6.174295696110548,243.0926571579651,-1.2552601124469405
1952-02-01,292.0,1952,2,0.5235987755982988,0,0,5.680172609017068,312.97415600911285,5.732630411210848,506.0200825700146,-0.48845215656870344
1952-03-01,342.0,1952,3,1.0471975511965976,0,0,5.8377304471659395,339.9463369232474,5.815377703272207,655.9615689166635,-0.20712495636961847
1952-04-01,217.0,1952,4,1.5707963267948966,0,0,5.384495062789089,251.97413844854765,5.518629953424759,223.9000825535661,-1.37355626207051
1952-05-01,517.0,1952,5,2.0943951023931953,0,0,6.249975242259483,490.8004580666697,6.185083756877896,668.584085280694,-0.15610931746679668
1952-06-01,1890.0,1952,6,2.6179938779914944,0,0,7.544861068658458,1657.1558699533841,7.399080557809295,328.63365641492805,-1.0180577794516381
1952-07-01,6482.0,1952,7,3.141592653589793,0,0,8.776938645174996,5748.955124922232,8.643423356775472,415.967186059539,-0.7494616415828856
1952-08-01,16971.0,1952,8,3.665191429188092,0,0,9.739320206322216,15201.560081468728,9.616019891025982,470.4820360491198,-0.5996459052150893
1952-09-01,14912.0,1952,9,4.1887902047863905,0,0,9.609988594762783,15529.155330784706,9.637622469406281,862.7911465310615,0.11985823653728467
1952-10-01,9236.0,1952,10,4.71238898038469,0,0,9.13097243659261,9220.055304440873,9.115866090219205,859.668831604606,0.10968312972853766
1952-11-01,4373.0,1952,11,5.235987755982989,0,0,8.383433201236713,4227.826592904767,8.336811201211372,776.1955762829781,0.006970956987413679
1952-12-01,1266.0,1952,12,5.759586531581287,0,0,7.144407180321139,1380.1560416017342,7.217026201831763,676.6575046917152,-0.1590202539081993
1953-01-01,471.0,1953,1,0.0,0,1,6.156978985585555,477.75023424466235,6.154514780097049,566.1960646044224,-0.35253700277129774
1953-02-01,440.0,1953,2,0.5235987755982988,0,0,6.089044875446846,398.9911891724335,5.974373683850966,263.981248200977,-1.216926691729646
1953-03-01,357.0,1953,3,1.0471975511965976,0,0,5.8805329864007,353.83856286543414,5.855917259777575,667.9991610981158,-0.17466892992214333
1953-04-01,371.0,1953,4,1.5707963267948966,0,0,5.918893854273146,378.0046982445085,5.9227500937525175,733.2877801165009,-0.05999506467987459
1953-05-01,880.0,1953,5,2.0943951023931953,0,0,6.78105762593618,807.7363291795546,6.6812470776924116,467.6723589040893,-0.5767648120937077
1953-06-01,1873.0,1953,6,2.6179938779914944,0,0,7.535830462798367,1864.6115605153063,7.517959047558615,792.2555318092558,0.03523728519824765
1953-07-01,5180.0,1953,7,3.141592653589793,0,0,8.552753366814787,5006.494579334838,8.505770147566338,749.9016554852127,-0.023614313928131736
1953-08-01,10542.0,1953,8,3.665191429188092,0,0,9.26321741157695,10190.616936047318,9.215381421208956,752.8863866988013,-0.04660703913983966
1953-09-01,7574.0,1953,9,4.1887902047863905,0,0,8.93260863037757,8540.395712033798,9.039203258332101,596.0557057449316,-0.34628416373823434
1953-10-01,4358.0,1953,10,4.71238898038469,0,0,8.379997952238393,4649.9458702178545,8.43145717693059,777.171960086822,-0.008258531354266019
1953-11-01,2364.0,1953,11,5.235987755982989,0,0,7.768533300926033,2288.3136678744213,7.7231455799584925,776.8281493787129,0.012869382025862741
1953-12-01,643.0,1953,12,5.759586531581287,0,0,6.467698726104354,726.6151502418263,6.575530545499383,499.95591354768624,-0.520078496383368
1954-01-01,863.0,1954,1,0.0,0,1,6.761572768804055,735.3926620565775,6.584472623913035,62.08512098061865,-2.8079109542735097
1954-02-01,485.0,1954,2,0.5235987755982988,0,0,6.186208623900494,514.9743418150263,6.228403953123925,535.2816637222192,-0.43448043517104296
1954-03-01,381.0,1954,3,1.0471975511965976,0,0,5.945420608606575,417.8871584896625,6.021870490733287,522.8014940551716,-0.464825185115755
1954-04-01,457.0,1954,4,1.5707963267948966,0,0,6.126869184114185,480.87047130367716,6.162512888644589,694.395929295257,-0.13115606453120954
1954-05-01,975.0,1954,5,2.0943951023931953,0,0,6.883462586413092,952.8460202273724,6.846528482013255,729.4256438244006,-0.06264666528369034
1954-06-01,1848.0,1954,6,2.6179938779914944,0,0,7.522400231387125,1969.268889761899,7.5718137960910585,734.8737195280445,-0.06820077235676347
1954-07-01,4540.0,1954,7,3.141592653589793,0,0,8.420902531097951,4711.944596252773,8.444392127755659,785.9633877539198,0.018578584938031995
1954-08-01,10071.0,1954,8,3.665191429188092,0,0,9.217514575724183,9969.67685090505,9.193188708783472,793.2923233634925,0.01842112548562369
1954-09-01,9160.0,1954,9,4.1887902047863905,0,0,9.122710622015209,9812.745212804544,9.177768591835127,738.7855039550616,-0.061053023534258344
1954-10-01,7209.0,1954,10,4.71238898038469,0,0,8.883224230278994,6913.404734354099,8.827883837398659,764.9129610069657,-0.02427319786745663
1954-11-01,2431.0,1954,11,5.235987755982989,0,0,7.796469243086058,2630.5855106322906,7.86296611735081,769.3675158920489,-0.009849253075991271
1954-12-01,1029.0,1954,12,5.759586531581287,0,0,6.937314081223682,1066.5071727069314,6.959725327113265,840.5944681097382,0.08996640099027076
1955-01-01,695.0,1955,1,0.0,1,1,6.54534966033442,654.9667598829496,6.4681761469382195,257.51236665798695,-1.1887219737683914
1955-02-01,298.0,1955,2,0.5235987755982988,1,0,5.700443573390687,318.1262216412614,5.7497013728039015,484.4253968566141,-0.5080822506976101
1955-03-01,323.0,1955,3,1.0471975511965976,1,0,5.780743515792329,309.57242663226396,5.723654153012003,612.462930919115,-0.2694148550840758
1955-04-01,449.0,1955,4,1.5707963267948966,1,0,6.1092475827643655,424.79769720772595,6.039457243709322,648.2228052038133,-0.22354553599042948
1955-05-01,1133.0,1955,5,2.0943951023931953,1,0,7.033506484287697,1005.2897836192753,6.898725895530513,344.45533914299824,-0.9656585265957105
1955-06-01,1227.0,1955,6,2.6179938779914944,1,0,7.113142108707088,1433.687099898158,7.255551791716595,334.855858653933,-0.9712635431021841
1955-07-01,4273.0,1955,7,3.141592653589793,1,0,8.360305435879093,4028.271369500253,8.288375633055825,696.2608676322782,-0.12555315674967105
1955-08-01,6015.0,1955,8,3.665191429188092,1,0,8.702177865629675,6473.314658541495,8.762727958587178,749.4429280975847,-0.038923038698975176
1955-09-01,6889.0,1955,9,4.1887902047863905,1,0,8.837826364007704,7030.254086961691,8.844971604833393,851.0027474072353,0.11038283002406413
1955-10-01,4149.0,1955,10,4.71238898038469,1,0,8.330863613224745,4284.764321972103,8.349632510136104,853.182854220274,0.10272265910450784
1955-11-01,1547.0,1955,11,5.235987755982989,1,0,7.344719054149673,1660.783938288129,7.40197053557517,745.070068739883,-0.05414053560688181
1955-12-01,517.0,1955,12,5.759586531581287,1,0,6.249975242259483,575.340615382293,6.343344332663357,587.8649720385953,-0.32126797656905737
1956-01-01,549.0,1956,1,0.0,1,1,6.309918278226516,503.0626324798618,6.205225391560903,158.8404352726337,-1.704143558360066
1956-02-01,281.0,1956,2,0.5235987755982988,1,0,5.641907070938114,305.0863186316525,5.706924292790465,443.61259715856875,-0.6417123268946412
1956-03-01,289.0,1956,3,1.0471975511965976,1,0,5.66988092298052,295.1122335555633,5.675942199570104,732.8340786189212,-0.06419272274068
1956-04-01,406.0,1956,4,1.5707963267948966,1,0,6.008813185442595,407.9583775483922,5.999521659957987,742.3641885022842,-0.03731508111698467
1956-05-01,418.0,1956,5,2.0943951023931953,1,0,6.037870919922137,475.1175409695031,6.151665375774174,382.0280164882595,-0.7935785351871534
1956-06-01,807.0,1956,6,2.6179938779914944,1,0,6.694562058521095,882.3109693282881,6.769270657724384,647.5502731858932,-0.2273452600708774
1956-07-01,2651.0,1956,7,3.141592653589793,1,0,7.883069351305753,2553.8058561919493,7.831794536737328,711.0985190871236,-0.10278234492526828
1956-08-01,3619.0,1956,8,3.665191429188092,1,0,8.194229304819817,3980.3544112588306,8.275065544822152,621.973660432256,-0.2719490726296421
1956-09-01,3886.0,1956,9,4.1887902047863905,1,0,8.265392930852224,4125.058364895092,8.311231840320314,782.2904994462339,0.00012866963754554206
1956-10-01,1405.0,1956,10,4.71238898038469,1,0,7.2485040723706105,1726.6182495413734,7.440743018130451,204.95408101930204,-1.622745084468498
1956-11-01,835.0,1956,11,5.235987755982989,1,0,6.728628613084702,863.6273266731,6.749666054300124,843.7653486970083,0.1077554822710507
1956-12-01,450.0,1956,12,5.759586531581287,1,0,6.111467339502679,448.14800979398683,6.093574640212094,822.5019134455147,0.06206187207392233
1957-01-01,218.0,1957,1,0.0,1,1,5.389071729816501,217.7119416794587,5.3714979222823995,577.1706283909795,-0.3295688578116849
1957-02-01,166.0,1957,2,0.5235987755982988,1,0,5.117993812416755,164.2097326849,5.090687381353115,601.9619266348018,-0.29548220072649123
1957-03-01,164.0,1957,3,1.0471975511965976,1,0,5.10594547390058,160.86706043552877,5.071654770219254,671.0499082801489,-0.16372288936999624
1957-04-01,193.0,1957,4,1.5707963267948966,1,0,5.267858159063328,196.39815518004582,5.270345273000722,722.0569973163775,-0.07615243936785276
1957-05-01,180.0,1957,5,2.0943951023931953,1,0,5.198497031265826,211.18691121857472,5.343403126439654,337.593742305186,-1.0071225863467248
1957-06-01,595.0,1957,6,2.6179938779914944,1,0,6.39024066706535,557.2333153497132,6.312134611964825,636.5669269776494,-0.21067499330139938
1957-07-01,1010.0,1957,7,3.141592653589793,1,0,6.918695219020472,1084.748653878237,6.9757858761587475,672.9485982925602,-0.16126667526192762
1957-08-01,1360.0,1957,8,3.665191429188092,1,0,7.215975002651466,1505.4279203486558,7.302866780017924,542.582715012024,-0.41039953841200383
1957-09-01,1197.0,1957,9,4.1887902047863905,1,0,7.088408778675395,1317.9546861815043,7.170856203023208,607.9597631929716,-0.28561514878971295
1957-10-01,462.0,1957,10,4.71238898038469,1,0,6.137727054086234,558.0977161889721,6.311577205211784,247.1688754171545,-1.3787715967625056
1957-11-01,232.0,1957,11,5.235987755982989,1,0,5.4510384535657,245.6176831157744,5.4936156553999504,781.4551230798221,-0.00891130919379357
1957-12-01,182.0,1957,12,5.759586531581287,1,0,5.209486152841421,162.1023351312935,5.081286456538023,463.3288147407057,-0.6288290509321008
1958-01-01,84.0,1958,1,0.0,1,1,4.442651256490317,86.39268815501794,4.454251559544145,570.5791627085247,-0.33205377175661965
1958-02-01,50.0,1958,2,0.5235987755982988,1,0,3.9318256327243257,52.56200897652326,3.9654446930606086,604.0379838739668,-0.27388967504097295
1958-03-01,62.0,1958,3,1.0471975511965976,1,0,4.143134726391533,58.96607586986275,4.07851528700352,574.4863184325844,-0.3439509824131086
1958-04-01,70.0,1958,4,1.5707963267948966,1,0,4.2626798770413155,71.17913918147339,4.265155098968635,758.8437340039625,-0.013098364324221734
1958-05-01,133.0,1958,5,2.0943951023931953,1,0,4.897839799950911,129.56639596464197,4.857975523285003,706.4634117213718,-0.09109277973264263
1958-06-01,234.0,1958,6,2.6179938779914944,1,0,5.459585514144159,248.35425738401648,5.504637949636067,747.9703138717211,-0.058070154887669645
1958-07-01,556.0,1958,7,3.141592653589793,1,0,6.322565239927284,568.1358917550749,6.3296246316390725,807.7580464053726,0.033089408897364336
1958-08-01,1358.0,1958,8,3.665191429188092,1,0,7.214504414151143,1275.4660092462873,7.137243840342162,635.3191591097027,-0.25595861480444704
1958-09-01,1544.0,1958,9,4.1887902047863905,1,0,7.3427791893318455,1532.3847684382843,7.321992544803862,784.7331391978981,0.0294067452175808
1958-10-01,865.0,1958,10,4.71238898038469,1,0,6.763884908562435,909.2702764884998,6.800030351146851,780.398709394655,0.005644339177095503
1958-11-01,671.0,1958,11,5.235987755982989,1,0,6.51025834052315,587.3611253949497,6.364016837638187,420.7584126325558,-0.7701366345248459
1958-12-01,145.0,1958,12,5.759586531581287,1,0,4.983606621708336,171.88884811391787,5.137804375063908,286.24664295938624,-1.1821840883074461
1959-01-01,91.0,1959,1,0.0,1,1,4.5217885770490405,94.14864937069605,4.53850363569236,529.799246719252,-0.42167587237917914
1959-02-01,84.0,1959,2,0.5235987755982988,1,0,4.442651256490317,82.61624907421351,4.4102545598647485,583.4618150543882,-0.31517277081758444
1959-03-01,106.0,1959,3,1.0471975511965976,1,0,4.672828834461906,103.30227119133325,4.631871829002664,610.4882878065711,-0.26847673254705207
1959-04-01,66.0,1959,4,1.5707963267948966,1,0,4.204692619390966,77.2974761607247,4.343838349141216,167.6535410787342,-1.673669089739601
1959-05-01,201.0,1959,5,2.0943951023931953,1,0,5.308267697401205,182.99477306509073,5.201747124461063,491.7071416352633,-0.5234339485653425
1959-06-01,451.0,1959,6,2.6179938779914944,1,0,6.113682179832232,446.5019012570119,6.0895038047822645,792.0956813756699,0.017567556970117693
1959-07-01,1026.0,1959,7,3.141592653589793,1,0,6.934397209928558,1062.7245739415891,6.955840716298026,799.1924265311782,0.03758985178528462
1959-08-01,468.0,1959,8,3.665191429188092,1,0,6.150602768446279,785.3366277970865,6.6639181850391935,6.792486758115304,-7.641937502784163
1959-09-01,1419.0,1959,9,4.1887902047863905,1,0,7.258412150595307,1233.7817081468047,7.106690365330337,460.0124540756184,-0.6678798342064294
1959-10-01,811.0,1959,10,4.71238898038469,1,0,6.699500340161678,825.353929249071,6.703437348019648,833.9928738922794,0.08330400866701204
1959-11-01,565.0,1959,11,5.235987755982989,1,0,6.338594078203183,508.4003770421482,6.220947706504189,562.4207193594962,-0.4044084632348124
1959-12-01,168.0,1959,12,5.759586531581287,1,0,5.1298987149230735,188.34176250489656,5.229954299729861,624.3180016796724,-0.29341384294755457
1960-01-01,136.0,1960,1,0.0,1,1,4.919980925828125,136.10306453817856,4.904382927207777,531.5784323766068,-0.40606627849435384
1960-02-01,66.0,1960,2,0.5235987755982988,1,0,4.204692619390966,72.40227276504778,4.280486100444621,367.8824397247741,-0.795688586189712
1960-03-01,57.0,1960,3,1.0471975511965976,1,0,4.060443010546419,60.051510717582346,4.095807813457922,630.0941385106285,-0.23379098267504084
1960-04-01,63.0,1960,4,1.5707963267948966,1,0,4.1588830833596715,65.79506932008627,4.185736646098878,700.6513439890612,-0.13606731100346714
1960-05-01,128.0,1960,5,2.0943951023931953,1,0,4.859812404361672,123.81450006869059,4.811954066046964,684.6651517185331,-0.15626346721469275
1960-06-01,226.0,1960,6,2.6179938779914944,1,0,5.424950017481403,237.67317456634566,5.460202840035862,729.4505813699047,-0.07865820314584582
1960-07-01,461.0,1960,7,3.141592653589793,1,0,6.135564891081739,487.0141873131282,6.176111068864252,728.7622354265543,-0.07303110373683808
1960-08-01,680.0,1960,8,3.665191429188092,1,0,6.523562306149512,742.638246747153,6.597082030169247,671.900058329802,-0.19203363817732289
1960-09-01,744.0,1960,9,4.1887902047863905,1,0,6.61338421837956,779.7503442847891,6.646147396042254,775.6832342539542,-0.006218425235612557
1960-10-01,616.0,1960,10,4.71238898038469,1,0,6.424869023905388,588.7834452477239,6.366293701434854,724.6344548539212,-0.07969662381584719
1960-11-01,246.0,1960,11,5.235987755982989,1,0,5.5093883366279774,255.01797584761132,5.532202224517645,805.4434772788549,0.059204317832625364
1960-12-01,152.0,1960,12,5.759586531581287,1,0,5.030437921392435,141.94632834059257,4.949930331723204,648.0044558893137,-0.19679166542825577
1961-01-01,62.0,1961,1,0.0,1,1,4.143134726391533,66.09421740250544,4.19052355193184,474.4508550749934,-0.5202126929178448
1961-02-01,20.0,1961,2,0.5235987755982988,1,0,3.044522437723423,22.78968546243756,3.1520826078144126,195.04136053438313,-1.5035129570185912
1961-03-01,25.0,1961,3,1.0471975511965976,1,0,3.258096538021482,24.389510865369942,3.219197981520514,557.7333519564851,-0.35292799103105743
1961-04-01,23.0,1961,4,1.5707963267948966,1,0,3.1780538303479458,24.18377153591251,3.2112736754391324,690.0549292345472,-0.13720088934032937
1961-05-01,47.0,1961,5,2.0943951023931953,1,0,3.871201010907891,45.16482354827733,3.81816290568222,626.2646514243897,-0.2293358039122051
1961-06-01,53.0,1961,6,2.6179938779914944,1,0,3.9889840465642745,60.72975968134631,4.107415837795429,381.9887421774674,-0.8418593253013338
1961-07-01,124.0,1961,7,3.141592653589793,1,0,4.8283137373023015,128.0473934705882,4.845967592069235,801.3004108454099,0.02753227653166057
1961-08-01,257.0,1961,8,3.665191429188092,1,0,5.552959584921617,249.7987909394908,5.5100588348732735,744.7721149462851,-0.06279680628233208
1961-09-01,299.0,1961,9,4.1887902047863905,1,0,5.703782474656201,292.3965435598978,5.667655820524138,765.266555071855,-0.014971287803312805
1961-10-01,249.0,1961,10,4.71238898038469,1,0,5.521460917862246,230.92560945616478,5.4322031460864135,603.8461158806813,-0.3148100414996424
1961-11-01,92.0,1961,11,5.235987755982989,1,0,4.532599493153256,96.09041598526866,4.561064112711609,754.4016464676768,-0.033763432768488144
1961-12-01,58.0,1961,12,5.759586531581287,1,0,4.07753744390572,54.29384809254991,3.999039848963223,580.4492862683942,-0.3244280259194454
1962-01-01,40.0,1962,1,0.0,1,1,3.713572066704308,40.86831329538067,3.7191227394798587,564.5630636058928,-0.3241400452507541
1962-02-01,15.0,1962,2,0.5235987755982988,1,0,2.772588722239781,17.660582981762694,2.9108866917662826,147.15385118115645,-1.8189483859675395
1962-03-01,73.0,1962,3,1.0471975511965976,1,0,4.30406509320417,57.793440029284675,4.062424726747859,8.508108698707268,-4.858449789961709
1962-04-01,26.0,1962,4,1.5707963267948966,1,0,3.295836866004329,32.18059770329022,3.4877522795595466,26.721648938407036,-3.6347474041779266
1962-05-01,42.0,1962,5,2.0943951023931953,1,0,3.7612001156935624,46.420698837200916,3.8436708538369655,506.6886597485065,-0.49430740080951985
1962-06-01,46.0,1962,6,2.6179938779914944,1,0,3.8501476017100584,54.50833203033738,3.999106560042498,129.20270908564518,-2.0113470402054663
1962-07-01,115.0,1962,7,3.141592653589793,1,0,4.7535901911063645,117.89277865421039,4.763737852533579,752.8782793293722,-0.027055896093537868
1962-08-01,128.0,1962,8,3.665191429188092,1,0,4.859812404361672,145.206338473263,4.970330550558608,420.1469042703911,-0.710122748681453
1962-09-01,166.0,1962,9,4.1887902047863905,1,0,5.117993812416755,166.02918563918507,5.1040300795743825,801.3471723606308,0.035231212947628876
1962-10-01,92.0,1962,10,4.71238898038469,1,0,4.532599493153256,96.67259085144232,4.567320493754343,761.6052591220265,-0.029204671843000796
1962-11-01,94.0,1962,11,5.235987755982989,1,0,4.553876891600541,78.25120223604969,4.358170040696846,150.13815199188437,-1.94487712050093
1962-12-01,43.0,1962,12,5.759586531581287,1,0,3.784189633918261,41.302461064917665,3.7314706974098737,658.6079761326097,-0.16789589581394893
1963-01-01,16.0,1963,1,0.0,1,1,2.833213344056216,17.61233337362799,2.9065749921032866,267.8879186237654,-1.1419231169553825
1963-02-01,12.0,1963,2,0.5235987755982988,1,0,2.5649493574615367,12.643538860805693,2.5969166578947736,571.5237909395066,-0.34324281649445965
1963-03-01,10.0,1963,3,1.0471975511965976,1,0,2.3978952727983707,10.548986499741147,2.429569547907291,578.390621378593,-0.3383439361688012
1963-04-01,7.0,1963,4,1.5707963267948966,1,0,2.0794415416798357,7.914288224153715,2.170827670583771,341.17949765749654,-0.9278873451699052
1963-05-01,9.0,1963,5,2.0943951023931953,1,0,2.302585092994046,9.781473873486284,2.361758860194586,537.3453022763716,-0.4228279851478405
1963-06-01,46.0,1963,6,2.6179938779914944,1,0,3.8501476017100584,40.06093979100752,3.7000067391437907,165.0248503453892,-1.719587988365781
1963-07-01,38.0,1963,7,3.141592653589793,1,0,3.6635616461296463,45.94071129352339,3.833418520687282,115.18196675394535,-2.116849327371906
1963-08-01,87.0,1963,8,3.665191429188092,1,0,4.477336814478207,86.15669629431254,4.453245927176872,754.8918840782437,-0.034783242296192896
1963-09-01,76.0,1963,9,4.1887902047863905,1,0,4.343805421853684,80.75448273667209,4.389234787787743,720.7923093332483,-0.09670797761659777
1963-10-01,48.0,1963,10,4.71238898038469,1,0,3.8918202981106265,49.08302855061683,3.8990876027646806,767.2472525768426,-0.015867665328961778
1963-11-01,39.0,1963,11,5.235987755982989,1,0,3.6888794541139363,34.31363864083896,3.549944348141886,323.3110091543124,-1.0235908243578429
1963-12-01,18.0,1963,12,5.759586531581287,1,0,2.9444389791664403,17.663756401790454,2.912908000798819,675.7703333438343,-0.13249648656969626
1964-01-01,3.0,1964,1,0.0,1,1,1.3862943611198906,3.6243846526519734,1.5164278961750828,37.50545408682662,-3.143833620111685
1964-02-01,4.0,1964,2,0.5235987755982988,1,0,1.6094379124341003,3.951211806975247,1.582859509424167,504.0294426051314,-0.4785547452668766
1964-03-01,6.0,1964,3,1.0471975511965976,1,0,1.9459101490553132,5.974076933661251,1.9254025405175523,484.3726952879398,-0.5109542755563528
1964-04-01,5.0,1964,4,1.5707963267948966,1,0,1.791759469228055,5.39595599217018,1.8390025770028038,424.9131034688279,-0.6400980749286393
1964-05-01,12.0,1964,5,2.0943951023931953,1,0,2.5649493574615367,11.73430874850802,2.527538646049628,561.7409508544532,-0.37405002328627646
1964-06-01,9.0,1964,6,2.6179938779914944,1,0,2.302585092994046,10.717090327732066,2.4431010336301737,102.6685095246315,-2.1958814484953937
1964-07-01,9.0,1964,7,3.141592653589793,1,0,2.302585092994046,10.602176509798571,2.4329563782402617,155.84090674222648,-1.7951725800395817
1964-08-01,9.0,1964,8,3.665191429188092,1,0,2.302585092994046,10.362037328589686,2.414962289012842,313.3182474079832,-1.015407155255998
1964-09-01,13.0,1964,9,4.1887902047863905,1,0,2.6390573296152584,12.89046356904108,2.616819487130974,673.9466658687088,-0.1404092034469695
1964-10-01,12.0,1964,10,4.71238898038469,1,0,2.5649493574615367,11.285935507345059,2.4934904280855408,500.88751959894773,-0.4871497414821562
1964-11-01,6.0,1964,11,5.235987755982989,1,0,1.9459101490553132,5.959835196642662,1.9253878122714265,603.1767778836324,-0.26210767513821764
1964-12-01,1.0,1964,12,5.759586531581287,1,0,0.6931471805599453,1.1165320048649787,0.7399734460711473,289.17979179353335,-0.8140217485163603
