iteration,value,parameter,run
0,2.2505438327789307,beta,0
1,2.259063482284546,beta,0
2,2.2670180797576904,beta,0
3,2.2607173919677734,beta,0
4,2.2657110691070557,beta,0
5,2.2648026943206787,beta,0
6,2.267703056335449,beta,0
7,2.2724156379699707,beta,0
8,2.2706172466278076,beta,0
9,2.2579712867736816,beta,0
10,2.2567591667175293,beta,0
11,2.2630457878112793,beta,0
12,2.253455638885498,beta,0
13,2.2504115104675293,beta,0
14,2.2674899101257324,beta,0
15,2.2742481231689453,beta,0
16,2.2798800468444824,beta,0
17,2.283073663711548,beta,0
18,2.2688565254211426,beta,0
19,2.265862226486206,beta,0
20,2.2670326232910156,beta,0
21,2.2767698764801025,beta,0
22,2.2713794708251953,beta,0
23,2.267502546310425,beta,0
24,2.265578508377075,beta,0
25,2.272968053817749,beta,0
26,2.269615411758423,beta,0
27,2.2807071208953857,beta,0
28,2.2799603939056396,beta,0
29,2.270629405975342,beta,0
30,2.2689990997314453,beta,0
31,2.290841817855835,beta,0
32,2.291651725769043,beta,0
33,2.2971553802490234,beta,0
34,2.295224666595459,beta,0
35,2.286018133163452,beta,0
36,2.279902935028076,beta,0
37,2.2883384227752686,beta,0
38,2.2828946113586426,beta,0
39,2.2888808250427246,beta,0
40,2.282668352127075,beta,0
41,2.2845587730407715,beta,0
42,2.2896552085876465,beta,0
43,2.27506422996521,beta,0
44,2.2750356197357178,beta,0
45,2.2753567695617676,beta,0
46,2.2758901119232178,beta,0
47,2.271251916885376,beta,0
48,2.2749056816101074,beta,0
49,2.2641685009002686,beta,0
50,2.2578396797180176,beta,0
0,1.8504828214645386,gamma,0
1,1.8468858003616333,gamma,0
2,1.8265782594680786,gamma,0
3,1.831781029701233,gamma,0
4,1.824306845664978,gamma,0
5,1.8291773796081543,gamma,0
6,1.8326069116592407,gamma,0
7,1.819280743598938,gamma,0
8,1.8278042078018188,gamma,0
9,1.8130258321762085,gamma,0
10,1.8194788694381714,gamma,0
11,1.830610752105713,gamma,0
12,1.8327250480651855,gamma,0
13,1.8383179903030396,gamma,0
14,1.8434678316116333,gamma,0
15,1.8532644510269165,gamma,0
16,1.8450108766555786,gamma,0
17,1.8633941411972046,gamma,0
18,1.8728814125061035,gamma,0
19,1.8745695352554321,gamma,0
20,1.8687819242477417,gamma,0
21,1.8701385259628296,gamma,0
22,1.867936611175537,gamma,0
23,1.8732966184616089,gamma,0
24,1.8613404035568237,gamma,0
25,1.8570321798324585,gamma,0
26,1.8651294708251953,gamma,0
27,1.8748297691345215,gamma,0
28,1.873487949371338,gamma,0
29,1.8677886724472046,gamma,0
30,1.8620104789733887,gamma,0
31,1.852380633354187,gamma,0
32,1.8456345796585083,gamma,0
33,1.8384177684783936,gamma,0
34,1.840377926826477,gamma,0
35,1.8416482210159302,gamma,0
36,1.847078561782837,gamma,0
37,1.8567423820495605,gamma,0
38,1.8569549322128296,gamma,0
39,1.8560389280319214,gamma,0
40,1.8527321815490723,gamma,0
41,1.85030198097229,gamma,0
42,1.859100341796875,gamma,0
43,1.865066409111023,gamma,0
44,1.8682093620300293,gamma,0
45,1.867114543914795,gamma,0
46,1.8641301393508911,gamma,0
47,1.8686938285827637,gamma,0
48,1.8723984956741333,gamma,0
49,1.8680680990219116,gamma,0
50,1.8707890510559082,gamma,0
0,0.014579877257347107,eta,0
1,0.016929050907492638,eta,0
2,0.032946500927209854,eta,0
3,0.05293053016066551,eta,0
4,0.06295650452375412,eta,0
5,0.06581341475248337,eta,0
6,0.07539588958024979,eta,0
7,0.0921986922621727,eta,0
8,0.08911358565092087,eta,0
9,0.10996447503566742,eta,0
10,0.11793389916419983,eta,0
11,0.11876144260168076,eta,0
12,0.12231743335723877,eta,0
13,0.1071702241897583,eta,0
14,0.09862352162599564,eta,0
15,0.10524941235780716,eta,0
16,0.09722927957773209,eta,0
17,0.10358298569917679,eta,0
18,0.1136382445693016,eta,0
19,0.1257043033838272,eta,0
20,0.14391160011291504,eta,0
21,0.15439358353614807,eta,0
22,0.16819380223751068,eta,0
23,0.16424152255058289,eta,0
24,0.16559277474880219,eta,0
25,0.1733476221561432,eta,0
26,0.16982890665531158,eta,0
27,0.1812615692615509,eta,0
28,0.19515158236026764,eta,0
29,0.19761602580547333,eta,0
30,0.2042727917432785,eta,0
31,0.2085905820131302,eta,0
32,0.217590793967247,eta,0
33,0.21526020765304565,eta,0
34,0.21402332186698914,eta,0
35,0.2156539112329483,eta,0
36,0.21726030111312866,eta,0
37,0.21261902153491974,eta,0
38,0.21606594324111938,eta,0
39,0.23125647008419037,eta,0
40,0.22501938045024872,eta,0
41,0.23225609958171844,eta,0
42,0.23183347284793854,eta,0
43,0.2335834950208664,eta,0
44,0.2380802035331726,eta,0
45,0.23643063008785248,eta,0
46,0.23833014070987701,eta,0
47,0.23484808206558228,eta,0
48,0.24087122082710266,eta,0
49,0.23546506464481354,eta,0
50,0.23627589643001556,eta,0
0,0.11152303963899612,omega,0
1,0.12263714522123337,omega,0
2,0.10480984300374985,omega,0
3,0.11857008188962936,omega,0
4,0.1073300763964653,omega,0
5,0.10088502615690231,omega,0
6,0.1102372258901596,omega,0
7,0.11514651775360107,omega,0
8,0.12374170124530792,omega,0
9,0.12312611937522888,omega,0
10,0.12607382237911224,omega,0
11,0.1237877756357193,omega,0
12,0.12160870432853699,omega,0
13,0.10002099722623825,omega,0
14,0.09578374028205872,omega,0
15,0.0971062183380127,omega,0
16,0.09403478354215622,omega,0
17,0.10760926455259323,omega,0
18,0.11049152165651321,omega,0
19,0.10795498639345169,omega,0
20,0.10618343949317932,omega,0
21,0.09940362721681595,omega,0
22,0.10749029368162155,omega,0
23,0.09787332266569138,omega,0
24,0.10825356841087341,omega,0
25,0.10136059671640396,omega,0
26,0.09529758244752884,omega,0
27,0.09971467405557632,omega,0
28,0.0969681367278099,omega,0
29,0.09276465326547623,omega,0
30,0.08965130895376205,omega,0
31,0.08103172481060028,omega,0
32,0.06920625269412994,omega,0
33,0.08214884996414185,omega,0
34,0.07807789742946625,omega,0
35,0.07544165104627609,omega,0
36,0.07420934736728668,omega,0
37,0.08616067469120026,omega,0
38,0.08002398908138275,omega,0
39,0.08178167790174484,omega,0
40,0.08682191371917725,omega,0
41,0.09165429323911667,omega,0
42,0.09727571904659271,omega,0
43,0.09991370141506195,omega,0
44,0.09916067868471146,omega,0
45,0.0994454175233841,omega,0
46,0.102668397128582,omega,0
47,0.09597083181142807,omega,0
48,0.09364093095064163,omega,0
49,0.09538766741752625,omega,0
50,0.08990713208913803,omega,0
0,0.56507408618927,sigma,0
1,0.566670835018158,sigma,0
2,0.5687022805213928,sigma,0
3,0.5669839978218079,sigma,0
4,0.5688496232032776,sigma,0
5,0.5546516180038452,sigma,0
6,0.5583940148353577,sigma,0
7,0.556760847568512,sigma,0
8,0.5776640176773071,sigma,0
9,0.5662131905555725,sigma,0
10,0.5616889595985413,sigma,0
11,0.5663499236106873,sigma,0
12,0.5837069153785706,sigma,0
13,0.5677985548973083,sigma,0
14,0.5672186017036438,sigma,0
15,0.5699020028114319,sigma,0
16,0.568527340888977,sigma,0
17,0.5790310502052307,sigma,0
18,0.5898900032043457,sigma,0
19,0.5871673822402954,sigma,0
20,0.5873132348060608,sigma,0
21,0.5903944373130798,sigma,0
22,0.6101561188697815,sigma,0
23,0.6139785051345825,sigma,0
24,0.6070893406867981,sigma,0
25,0.6091042757034302,sigma,0
26,0.6186531782150269,sigma,0
27,0.6045164465904236,sigma,0
28,0.6029638648033142,sigma,0
29,0.6124357581138611,sigma,0
30,0.6189406514167786,sigma,0
31,0.6259828209877014,sigma,0
32,0.6457127332687378,sigma,0
33,0.6481630206108093,sigma,0
34,0.6447583436965942,sigma,0
35,0.6534050703048706,sigma,0
36,0.6418544054031372,sigma,0
37,0.635407567024231,sigma,0
38,0.6419063806533813,sigma,0
39,0.6339005827903748,sigma,0
40,0.6282529830932617,sigma,0
41,0.6357900500297546,sigma,0
42,0.6282927393913269,sigma,0
43,0.6214752793312073,sigma,0
44,0.612402081489563,sigma,0
45,0.6177326440811157,sigma,0
46,0.6172481775283813,sigma,0
47,0.6128868460655212,sigma,0
48,0.6126692891120911,sigma,0
49,0.6040969491004944,sigma,0
50,0.6037225723266602,sigma,0
0,17.288803100585938,amplitude,0
1,17.293155670166016,amplitude,0
2,17.289125442504883,amplitude,0
3,17.310640335083008,amplitude,0
4,17.293596267700195,amplitude,0
5,17.284320831298828,amplitude,0
6,17.302906036376953,amplitude,0
7,17.308988571166992,amplitude,0
8,17.306825637817383,amplitude,0
9,17.325016021728516,amplitude,0
10,17.322986602783203,amplitude,0
11,17.311050415039062,amplitude,0
12,17.299835205078125,amplitude,0
13,17.308515548706055,amplitude,0
14,17.307756423950195,amplitude,0
15,17.297765731811523,amplitude,0
16,17.29953384399414,amplitude,0
17,17.299545288085938,amplitude,0
18,17.302305221557617,amplitude,0
19,17.29245948791504,amplitude,0
20,17.302108764648438,amplitude,0
21,17.31640625,amplitude,0
22,17.326690673828125,amplitude,0
23,17.322938919067383,amplitude,0
24,17.312923431396484,amplitude,0
25,17.32313346862793,amplitude,0
26,17.324970245361328,amplitude,0
27,17.336551666259766,amplitude,0
28,17.32840347290039,amplitude,0
29,17.323760986328125,amplitude,0
30,17.330564498901367,amplitude,0
31,17.328960418701172,amplitude,0
32,17.335126876831055,amplitude,0
33,17.337543487548828,amplitude,0
34,17.33698844909668,amplitude,0
35,17.328792572021484,amplitude,0
36,17.3336124420166,amplitude,0
37,17.33793830871582,amplitude,0
38,17.323244094848633,amplitude,0
39,17.318449020385742,amplitude,0
40,17.310178756713867,amplitude,0
41,17.304933547973633,amplitude,0
42,17.300552368164062,amplitude,0
43,17.296480178833008,amplitude,0
44,17.299135208129883,amplitude,0
45,17.292081832885742,amplitude,0
46,17.290203094482422,amplitude,0
47,17.293149948120117,amplitude,0
48,17.288896560668945,amplitude,0
49,17.295713424682617,amplitude,0
50,17.292491912841797,amplitude,0
0,0.05565166100859642,rho,0
1,0.03674960508942604,rho,0
2,0.021374870091676712,rho,0
3,0.01541066262871027,rho,0
4,0.011088445782661438,rho,0
5,0.007385790813714266,rho,0
6,0.008340093307197094,rho,0
7,0.007772817742079496,rho,0
8,0.007652512285858393,rho,0
9,0.0056454152800142765,rho,0
10,0.0054627940990030766,rho,0
11,0.005471772514283657,rho,0
12,0.004830010235309601,rho,0
13,0.0062460461631417274,rho,0
14,0.0055547780357301235,rho,0
15,0.006481743883341551,rho,0
16,0.006252015009522438,rho,0
17,0.00683914078399539,rho,0
18,0.006161513272672892,rho,0
19,0.005784683860838413,rho,0
20,0.00369324185885489,rho,0
21,0.003836168674752116,rho,0
22,0.0033798294607549906,rho,0
23,0.002024069894105196,rho,0
24,0.00421820068731904,rho,0
25,0.0042722150683403015,rho,0
26,0.0034856197889894247,rho,0
27,0.0034237243235111237,rho,0
28,0.0036241000052541494,rho,0
29,0.0036115713883191347,rho,0
30,0.002996817696839571,rho,0
31,0.0028582129161804914,rho,0
32,0.0026192490477114916,rho,0
33,0.0034984603989869356,rho,0
34,0.003314066445454955,rho,0
35,0.00290385982953012,rho,0
36,0.002931889146566391,rho,0
37,0.002748295897617936,rho,0
38,0.002768915379419923,rho,0
39,0.0030441584531217813,rho,0
40,0.003259210614487529,rho,0
41,0.0034424581099301577,rho,0
42,0.003237261204048991,rho,0
43,0.0029986619483679533,rho,0
44,0.002902858192101121,rho,0
45,0.002481322968378663,rho,0
46,0.002539187902584672,rho,0
47,0.0025317666586488485,rho,0
48,0.003045689547434449,rho,0
49,0.002366719301789999,rho,0
50,0.002664047759026289,rho,0
0,1.077554702758789,k,0
1,1.0661333799362183,k,0
2,1.046797275543213,k,0
3,1.0584484338760376,k,0
4,1.0486992597579956,k,0
5,1.0436056852340698,k,0
6,1.0480411052703857,k,0
7,1.0535259246826172,k,0
8,1.0509244203567505,k,0
9,1.053589105606079,k,0
10,1.067915916442871,k,0
11,1.0560578107833862,k,0
12,1.066019058227539,k,0
13,1.0605286359786987,k,0
14,1.0615161657333374,k,0
15,1.0591754913330078,k,0
16,1.0533169507980347,k,0
17,1.0509978532791138,k,0
18,1.0400654077529907,k,0
19,1.0420441627502441,k,0
20,1.0446910858154297,k,0
21,1.0370333194732666,k,0
22,1.043466329574585,k,0
23,1.0425270795822144,k,0
24,1.0403263568878174,k,0
25,1.028585433959961,k,0
26,1.0376073122024536,k,0
27,1.0404444932937622,k,0
28,1.0453253984451294,k,0
29,1.0334997177124023,k,0
30,1.0329550504684448,k,0
31,1.0273218154907227,k,0
32,1.0366791486740112,k,0
33,1.0408003330230713,k,0
34,1.0494529008865356,k,0
35,1.053100824356079,k,0
36,1.0585688352584839,k,0
37,1.0564967393875122,k,0
38,1.0521842241287231,k,0
39,1.0536634922027588,k,0
40,1.0555793046951294,k,0
41,1.0576986074447632,k,0
42,1.057047963142395,k,0
43,1.0616625547409058,k,0
44,1.0637787580490112,k,0
45,1.0700980424880981,k,0
46,1.0756443738937378,k,0
47,1.07234787940979,k,0
48,1.0732601881027222,k,0
49,1.0761443376541138,k,0
50,1.07659912109375,k,0
0,2300000.0,N,0
1,2300000.0,N,0
2,2300000.0,N,0
3,2300000.0,N,0
4,2300000.0,N,0
5,2300000.0,N,0
6,2300000.0,N,0
7,2300000.0,N,0
8,2300000.0,N,0
9,2300000.0,N,0
10,2300000.0,N,0
11,2300000.0,N,0
12,2300000.0,N,0
13,2300000.0,N,0
14,2300000.0,N,0
15,2300000.0,N,0
16,2300000.0,N,0
17,2300000.0,N,0
18,2300000.0,N,0
19,2300000.0,N,0
20,2300000.0,N,0
21,2300000.0,N,0
22,2300000.0,N,0
23,2300000.0,N,0
24,2300000.0,N,0
25,2300000.0,N,0
26,2300000.0,N,0
27,2300000.0,N,0
28,2300000.0,N,0
29,2300000.0,N,0
30,2300000.0,N,0
31,2300000.0,N,0
32,2300000.0,N,0
33,2300000.0,N,0
34,2300000.0,N,0
35,2300000.0,N,0
36,2300000.0,N,0
37,2300000.0,N,0
38,2300000.0,N,0
39,2300000.0,N,0
40,2300000.0,N,0
41,2300000.0,N,0
42,2300000.0,N,0
43,2300000.0,N,0
44,2300000.0,N,0
45,2300000.0,N,0
46,2300000.0,N,0
47,2300000.0,N,0
48,2300000.0,N,0
49,2300000.0,N,0
50,2300000.0,N,0
0,1.6790391206741333,beta,1
1,1.7008413076400757,beta,1
2,1.6958024501800537,beta,1
3,1.700392246246338,beta,1
4,1.7005823850631714,beta,1
5,1.699853539466858,beta,1
6,1.6769407987594604,beta,1
7,1.6630743741989136,beta,1
8,1.6628737449645996,beta,1
9,1.6568044424057007,beta,1
10,1.6610875129699707,beta,1
11,1.6548576354980469,beta,1
12,1.665454387664795,beta,1
13,1.6513251066207886,beta,1
14,1.6537927389144897,beta,1
15,1.6702021360397339,beta,1
16,1.6557319164276123,beta,1
17,1.6589248180389404,beta,1
18,1.6433601379394531,beta,1
19,1.6383973360061646,beta,1
20,1.63338041305542,beta,1
21,1.6297688484191895,beta,1
22,1.6259596347808838,beta,1
23,1.6303539276123047,beta,1
24,1.6234322786331177,beta,1
25,1.6419583559036255,beta,1
26,1.639299750328064,beta,1
27,1.6467671394348145,beta,1
28,1.6607954502105713,beta,1
29,1.6612987518310547,beta,1
30,1.6620995998382568,beta,1
31,1.671239972114563,beta,1
32,1.6692919731140137,beta,1
33,1.6575273275375366,beta,1
34,1.6537781953811646,beta,1
35,1.656579852104187,beta,1
36,1.6443400382995605,beta,1
37,1.636478304862976,beta,1
38,1.6415024995803833,beta,1
39,1.6437244415283203,beta,1
40,1.637658953666687,beta,1
41,1.6421889066696167,beta,1
42,1.641006350517273,beta,1
43,1.639227271080017,beta,1
44,1.6312470436096191,beta,1
45,1.632757306098938,beta,1
46,1.6327139139175415,beta,1
47,1.6347332000732422,beta,1
48,1.638961911201477,beta,1
49,1.6373012065887451,beta,1
50,1.6410727500915527,beta,1
0,1.9128401279449463,gamma,1
1,1.9097708463668823,gamma,1
2,1.9136223793029785,gamma,1
3,1.9076803922653198,gamma,1
4,1.909786581993103,gamma,1
5,1.9037226438522339,gamma,1
6,1.906045913696289,gamma,1
7,1.896602988243103,gamma,1
8,1.8866482973098755,gamma,1
9,1.8990229368209839,gamma,1
10,1.8798604011535645,gamma,1
11,1.875433087348938,gamma,1
12,1.8763524293899536,gamma,1
13,1.8757634162902832,gamma,1
14,1.880941390991211,gamma,1
15,1.87739896774292,gamma,1
16,1.8740754127502441,gamma,1
17,1.8775485754013062,gamma,1
18,1.87880277633667,gamma,1
19,1.8713308572769165,gamma,1
20,1.8616766929626465,gamma,1
21,1.857515573501587,gamma,1
22,1.861728310585022,gamma,1
23,1.861049771308899,gamma,1
24,1.8507676124572754,gamma,1
25,1.8656411170959473,gamma,1
26,1.8606576919555664,gamma,1
27,1.8677865266799927,gamma,1
28,1.8588200807571411,gamma,1
29,1.8481193780899048,gamma,1
30,1.8599170446395874,gamma,1
31,1.8652055263519287,gamma,1
32,1.8665049076080322,gamma,1
33,1.8647979497909546,gamma,1
34,1.8614410161972046,gamma,1
35,1.8720663785934448,gamma,1
36,1.877536416053772,gamma,1
37,1.8705848455429077,gamma,1
38,1.865006923675537,gamma,1
39,1.8705819845199585,gamma,1
40,1.8690072298049927,gamma,1
41,1.8599872589111328,gamma,1
42,1.8603339195251465,gamma,1
43,1.8581446409225464,gamma,1
44,1.8695217370986938,gamma,1
45,1.87284517288208,gamma,1
46,1.8763446807861328,gamma,1
47,1.873124599456787,gamma,1
48,1.875116229057312,gamma,1
49,1.8754621744155884,gamma,1
50,1.8708075284957886,gamma,1
0,0.01220642402768135,eta,1
1,0.02753267250955105,eta,1
2,0.04650915041565895,eta,1
3,0.04696042090654373,eta,1
4,0.05886648967862129,eta,1
5,0.06803256273269653,eta,1
6,0.07934771478176117,eta,1
7,0.1048268973827362,eta,1
8,0.11297739297151566,eta,1
9,0.10825347900390625,eta,1
10,0.09518706798553467,eta,1
11,0.08295600861310959,eta,1
12,0.08488499373197556,eta,1
13,0.09398423880338669,eta,1
14,0.09726006537675858,eta,1
15,0.10512605309486389,eta,1
16,0.11532256752252579,eta,1
17,0.11236568540334702,eta,1
18,0.11853897571563721,eta,1
19,0.13009107112884521,eta,1
20,0.1356317698955536,eta,1
21,0.13177990913391113,eta,1
22,0.137267604470253,eta,1
23,0.1424393355846405,eta,1
24,0.1613388955593109,eta,1
25,0.15793149173259735,eta,1
26,0.1531931459903717,eta,1
27,0.15110421180725098,eta,1
28,0.15490461885929108,eta,1
29,0.16011419892311096,eta,1
30,0.1645728051662445,eta,1
31,0.1603686511516571,eta,1
32,0.15858934819698334,eta,1
33,0.15377487242221832,eta,1
34,0.15957258641719818,eta,1
35,0.16692082583904266,eta,1
36,0.16541625559329987,eta,1
37,0.17421962320804596,eta,1
38,0.1798800528049469,eta,1
39,0.1713624894618988,eta,1
40,0.17416264116764069,eta,1
41,0.18231192231178284,eta,1
42,0.17940321564674377,eta,1
43,0.1687917411327362,eta,1
44,0.16621184349060059,eta,1
45,0.16868631541728973,eta,1
46,0.1667616069316864,eta,1
47,0.16699226200580597,eta,1
48,0.16731078922748566,eta,1
49,0.1670786738395691,eta,1
50,0.1645209938287735,eta,1
0,0.13007482886314392,omega,1
1,0.1476450264453888,omega,1
2,0.15606287121772766,omega,1
3,0.17229947447776794,omega,1
4,0.15913055837154388,omega,1
5,0.1656794399023056,omega,1
6,0.16528399288654327,omega,1
7,0.17057128250598907,omega,1
8,0.17047975957393646,omega,1
9,0.17433136701583862,omega,1
10,0.16727611422538757,omega,1
11,0.1519460380077362,omega,1
12,0.16068625450134277,omega,1
13,0.16124343872070312,omega,1
14,0.1683070808649063,omega,1
15,0.16279174387454987,omega,1
16,0.1600944846868515,omega,1
17,0.15016476809978485,omega,1
18,0.163148432970047,omega,1
19,0.15938207507133484,omega,1
20,0.17398501932621002,omega,1
21,0.16735458374023438,omega,1
22,0.16834044456481934,omega,1
23,0.16884757578372955,omega,1
24,0.16801004111766815,omega,1
25,0.1686975210905075,omega,1
26,0.1701439917087555,omega,1
27,0.18007008731365204,omega,1
28,0.18148134648799896,omega,1
29,0.186372309923172,omega,1
30,0.18931762874126434,omega,1
31,0.20507337152957916,omega,1
32,0.2061724215745926,omega,1
33,0.20129874348640442,omega,1
34,0.1955895572900772,omega,1
35,0.19710786640644073,omega,1
36,0.18716762959957123,omega,1
37,0.18581841886043549,omega,1
38,0.1858508288860321,omega,1
39,0.18981312215328217,omega,1
40,0.1902025043964386,omega,1
41,0.184541717171669,omega,1
42,0.18243512511253357,omega,1
43,0.17399121820926666,omega,1
44,0.17281439900398254,omega,1
45,0.17098183929920197,omega,1
46,0.17508752644062042,omega,1
47,0.1751609742641449,omega,1
48,0.18372265994548798,omega,1
49,0.1852693408727646,omega,1
50,0.18730375170707703,omega,1
0,0.44486796855926514,sigma,1
1,0.44582366943359375,sigma,1
2,0.4533621072769165,sigma,1
3,0.458528995513916,sigma,1
4,0.46033719182014465,sigma,1
5,0.4733823239803314,sigma,1
6,0.46939751505851746,sigma,1
7,0.466368705034256,sigma,1
8,0.4487568140029907,sigma,1
9,0.4697905480861664,sigma,1
10,0.47227099537849426,sigma,1
11,0.46424195170402527,sigma,1
12,0.4676152467727661,sigma,1
13,0.46560046076774597,sigma,1
14,0.46094295382499695,sigma,1
15,0.4657626748085022,sigma,1
16,0.46662402153015137,sigma,1
17,0.449223130941391,sigma,1
18,0.4511580765247345,sigma,1
19,0.44112256169319153,sigma,1
20,0.4470210075378418,sigma,1
21,0.43861788511276245,sigma,1
22,0.42908114194869995,sigma,1
23,0.4402197599411011,sigma,1
24,0.4472542107105255,sigma,1
25,0.4587137997150421,sigma,1
26,0.4545305073261261,sigma,1
27,0.4424728453159332,sigma,1
28,0.4458635747432709,sigma,1
29,0.42991697788238525,sigma,1
30,0.4325310289859772,sigma,1
31,0.4338516891002655,sigma,1
32,0.4350907504558563,sigma,1
33,0.431827574968338,sigma,1
34,0.43838414549827576,sigma,1
35,0.4356021583080292,sigma,1
36,0.4392280876636505,sigma,1
37,0.4369066059589386,sigma,1
38,0.4274258017539978,sigma,1
39,0.42162415385246277,sigma,1
40,0.42107251286506653,sigma,1
41,0.43449389934539795,sigma,1
42,0.42954257130622864,sigma,1
43,0.435393363237381,sigma,1
44,0.432859867811203,sigma,1
45,0.43424177169799805,sigma,1
46,0.4356759786605835,sigma,1
47,0.44206127524375916,sigma,1
48,0.44203856587409973,sigma,1
49,0.43798574805259705,sigma,1
50,0.4376034140586853,sigma,1
0,21.934030532836914,amplitude,1
1,21.933956146240234,amplitude,1
2,21.94879722595215,amplitude,1
3,21.95664405822754,amplitude,1
4,21.962860107421875,amplitude,1
5,21.952951431274414,amplitude,1
6,21.939687728881836,amplitude,1
7,21.948017120361328,amplitude,1
8,21.954591751098633,amplitude,1
9,21.954456329345703,amplitude,1
10,21.947908401489258,amplitude,1
11,21.953115463256836,amplitude,1
12,21.95060157775879,amplitude,1
13,21.948699951171875,amplitude,1
14,21.943525314331055,amplitude,1
15,21.937633514404297,amplitude,1
16,21.936431884765625,amplitude,1
17,21.93490219116211,amplitude,1
18,21.932985305786133,amplitude,1
19,21.92789649963379,amplitude,1
20,21.91957664489746,amplitude,1
21,21.911746978759766,amplitude,1
22,21.902029037475586,amplitude,1
23,21.892452239990234,amplitude,1
24,21.894277572631836,amplitude,1
25,21.89485740661621,amplitude,1
26,21.891651153564453,amplitude,1
27,21.880308151245117,amplitude,1
28,21.883514404296875,amplitude,1
29,21.88511085510254,amplitude,1
30,21.88984489440918,amplitude,1
31,21.883005142211914,amplitude,1
32,21.891956329345703,amplitude,1
33,21.899200439453125,amplitude,1
34,21.898374557495117,amplitude,1
35,21.896709442138672,amplitude,1
36,21.892324447631836,amplitude,1
37,21.891239166259766,amplitude,1
38,21.896333694458008,amplitude,1
39,21.899499893188477,amplitude,1
40,21.88826560974121,amplitude,1
41,21.890361785888672,amplitude,1
42,21.8880672454834,amplitude,1
43,21.88846206665039,amplitude,1
44,21.881481170654297,amplitude,1
45,21.871675491333008,amplitude,1
46,21.876047134399414,amplitude,1
47,21.871641159057617,amplitude,1
48,21.874601364135742,amplitude,1
49,21.87176513671875,amplitude,1
50,21.874481201171875,amplitude,1
0,0.039974138140678406,rho,1
1,0.029026275500655174,rho,1
2,0.014153721742331982,rho,1
3,0.013259978033602238,rho,1
4,0.0089870048686862,rho,1
5,0.009910485707223415,rho,1
6,0.006121449172496796,rho,1
7,0.0064624822698533535,rho,1
8,0.006316045764833689,rho,1
9,0.006402947474271059,rho,1
10,0.00687573803588748,rho,1
11,0.006909630727022886,rho,1
12,0.007814338430762291,rho,1
13,0.008428853936493397,rho,1
14,0.007774071767926216,rho,1
15,0.005749883130192757,rho,1
16,0.006673804484307766,rho,1
17,0.006543518044054508,rho,1
18,0.005827977787703276,rho,1
19,0.005524820648133755,rho,1
20,0.005441815592348576,rho,1
21,0.0055788555182516575,rho,1
22,0.00608680909499526,rho,1
23,0.00550031429156661,rho,1
24,0.005155510269105434,rho,1
25,0.005668386816978455,rho,1
26,0.005111440550535917,rho,1
27,0.005066497717052698,rho,1
28,0.004971360322088003,rho,1
29,0.004629700444638729,rho,1
30,0.005014932714402676,rho,1
31,0.005277723539620638,rho,1
32,0.005668803118169308,rho,1
33,0.005414522252976894,rho,1
34,0.0037600137293338776,rho,1
35,0.004252268932759762,rho,1
36,0.004175424110144377,rho,1
37,0.0039857919327914715,rho,1
38,0.004218921530991793,rho,1
39,0.004303320776671171,rho,1
40,0.0052461628802120686,rho,1
41,0.004490646533668041,rho,1
42,0.004161198157817125,rho,1
43,0.0044450596906244755,rho,1
44,0.004363726824522018,rho,1
45,0.004286468029022217,rho,1
46,0.004388466011732817,rho,1
47,0.004011110402643681,rho,1
48,0.005162567365914583,rho,1
49,0.00448160246014595,rho,1
50,0.004669268615543842,rho,1
0,0.9797640442848206,k,1
1,0.9770810604095459,k,1
2,0.9725333452224731,k,1
3,0.9652709364891052,k,1
4,0.9481289386749268,k,1
5,0.9218950867652893,k,1
6,0.9237782955169678,k,1
7,0.9103994369506836,k,1
8,0.8998575210571289,k,1
9,0.9102306962013245,k,1
10,0.9217827320098877,k,1
11,0.9383585453033447,k,1
12,0.942654550075531,k,1
13,0.9309089183807373,k,1
14,0.9230479598045349,k,1
15,0.9520493149757385,k,1
16,0.9514814615249634,k,1
17,0.9538874626159668,k,1
18,0.9603593945503235,k,1
19,0.9664894938468933,k,1
20,0.9638699889183044,k,1
21,0.9763039350509644,k,1
22,0.9712772965431213,k,1
23,0.970125138759613,k,1
24,0.9598057866096497,k,1
25,0.9603638052940369,k,1
26,0.9547584652900696,k,1
27,0.9512777328491211,k,1
28,0.9483345746994019,k,1
29,0.9412729740142822,k,1
30,0.9355953335762024,k,1
31,0.9337881803512573,k,1
32,0.9277676343917847,k,1
33,0.9180193543434143,k,1
34,0.9130165576934814,k,1
35,0.9086578488349915,k,1
36,0.9041967391967773,k,1
37,0.907157838344574,k,1
38,0.913835346698761,k,1
39,0.9126911759376526,k,1
40,0.9200694561004639,k,1
41,0.9233826994895935,k,1
42,0.926820695400238,k,1
43,0.9249582290649414,k,1
44,0.9200649261474609,k,1
45,0.9263696670532227,k,1
46,0.9311007857322693,k,1
47,0.9274579882621765,k,1
48,0.9288026690483093,k,1
49,0.9295034408569336,k,1
50,0.9314849972724915,k,1
0,2300000.0,N,1
1,2300000.0,N,1
2,2300000.0,N,1
3,2300000.0,N,1
4,2300000.0,N,1
5,2300000.0,N,1
6,2300000.0,N,1
7,2300000.0,N,1
8,2300000.0,N,1
9,2300000.0,N,1
10,2300000.0,N,1
11,2300000.0,N,1
12,2300000.0,N,1
13,2300000.0,N,1
14,2300000.0,N,1
15,2300000.0,N,1
16,2300000.0,N,1
17,2300000.0,N,1
18,2300000.0,N,1
19,2300000.0,N,1
20,2300000.0,N,1
21,2300000.0,N,1
22,2300000.0,N,1
23,2300000.0,N,1
24,2300000.0,N,1
25,2300000.0,N,1
26,2300000.0,N,1
27,2300000.0,N,1
28,2300000.0,N,1
29,2300000.0,N,1
30,2300000.0,N,1
31,2300000.0,N,1
32,2300000.0,N,1
33,2300000.0,N,1
34,2300000.0,N,1
35,2300000.0,N,1
36,2300000.0,N,1
37,2300000.0,N,1
38,2300000.0,N,1
39,2300000.0,N,1
40,2300000.0,N,1
41,2300000.0,N,1
42,2300000.0,N,1
43,2300000.0,N,1
44,2300000.0,N,1
45,2300000.0,N,1
46,2300000.0,N,1
47,2300000.0,N,1
48,2300000.0,N,1
49,2300000.0,N,1
50,2300000.0,N,1
0,1.4189091920852661,beta,2
1,1.4244338274002075,beta,2
2,1.4160449504852295,beta,2
3,1.4372895956039429,beta,2
4,1.4339200258255005,beta,2
5,1.4326261281967163,beta,2
6,1.4198932647705078,beta,2
7,1.4170981645584106,beta,2
8,1.4301068782806396,beta,2
9,1.4238892793655396,beta,2
10,1.4298983812332153,beta,2
11,1.4402607679367065,beta,2
12,1.4291776418685913,beta,2
13,1.425533413887024,beta,2
14,1.435651421546936,beta,2
15,1.4394766092300415,beta,2
16,1.4487806558609009,beta,2
17,1.449001431465149,beta,2
18,1.4513981342315674,beta,2
19,1.446246862411499,beta,2
20,1.452231526374817,beta,2
21,1.4837090969085693,beta,2
22,1.4852211475372314,beta,2
23,1.484726071357727,beta,2
24,1.4688637256622314,beta,2
25,1.4606281518936157,beta,2
26,1.4615167379379272,beta,2
27,1.4726182222366333,beta,2
28,1.4844472408294678,beta,2
29,1.487654447555542,beta,2
30,1.4841917753219604,beta,2
31,1.4864509105682373,beta,2
32,1.4785027503967285,beta,2
33,1.4814687967300415,beta,2
34,1.4866887331008911,beta,2
35,1.4891607761383057,beta,2
36,1.4916890859603882,beta,2
37,1.4937114715576172,beta,2
38,1.4958871603012085,beta,2
39,1.4956650733947754,beta,2
40,1.493087887763977,beta,2
41,1.4932379722595215,beta,2
42,1.4855581521987915,beta,2
43,1.4873676300048828,beta,2
44,1.4838522672653198,beta,2
45,1.4778889417648315,beta,2
46,1.4770563840866089,beta,2
47,1.477340579032898,beta,2
48,1.4752615690231323,beta,2
49,1.472415804862976,beta,2
50,1.4822174310684204,beta,2
0,2.249241352081299,gamma,2
1,2.2692127227783203,gamma,2
2,2.2751100063323975,gamma,2
3,2.2745778560638428,gamma,2
4,2.2775096893310547,gamma,2
5,2.2758350372314453,gamma,2
6,2.277114152908325,gamma,2
7,2.280123472213745,gamma,2
8,2.2843377590179443,gamma,2
9,2.2874906063079834,gamma,2
10,2.285965919494629,gamma,2
11,2.2798945903778076,gamma,2
12,2.2757983207702637,gamma,2
13,2.2749671936035156,gamma,2
14,2.291123867034912,gamma,2
15,2.297837495803833,gamma,2
16,2.301654577255249,gamma,2
17,2.2993547916412354,gamma,2
18,2.2930400371551514,gamma,2
19,2.2975220680236816,gamma,2
20,2.292983055114746,gamma,2
21,2.291929006576538,gamma,2
22,2.286864757537842,gamma,2
23,2.2938287258148193,gamma,2
24,2.3032171726226807,gamma,2
25,2.2983765602111816,gamma,2
26,2.295311450958252,gamma,2
27,2.3030552864074707,gamma,2
28,2.306165933609009,gamma,2
29,2.2971303462982178,gamma,2
30,2.290229558944702,gamma,2
31,2.2950477600097656,gamma,2
32,2.293191432952881,gamma,2
33,2.2817819118499756,gamma,2
34,2.2873497009277344,gamma,2
35,2.2826242446899414,gamma,2
36,2.288994073867798,gamma,2
37,2.287222146987915,gamma,2
38,2.2806317806243896,gamma,2
39,2.2766201496124268,gamma,2
40,2.27309250831604,gamma,2
41,2.2639145851135254,gamma,2
42,2.26572322845459,gamma,2
43,2.261382818222046,gamma,2
44,2.264469623565674,gamma,2
45,2.2627406120300293,gamma,2
46,2.2482216358184814,gamma,2
47,2.2561209201812744,gamma,2
48,2.256248950958252,gamma,2
49,2.2559146881103516,gamma,2
50,2.250377893447876,gamma,2
0,0.012441356666386127,eta,2
1,0.024404635652899742,eta,2
2,0.02402844838798046,eta,2
3,0.033065132796764374,eta,2
4,0.047368284314870834,eta,2
5,0.06728607416152954,eta,2
6,0.07756666839122772,eta,2
7,0.07929415255784988,eta,2
8,0.09475012868642807,eta,2
9,0.13743118941783905,eta,2
10,0.13236287236213684,eta,2
11,0.14207811653614044,eta,2
12,0.14908334612846375,eta,2
13,0.15139253437519073,eta,2
14,0.1492624580860138,eta,2
15,0.1548256129026413,eta,2
16,0.16578873991966248,eta,2
17,0.16639859974384308,eta,2
18,0.1598537266254425,eta,2
19,0.16779857873916626,eta,2
20,0.17230835556983948,eta,2
21,0.17675358057022095,eta,2
22,0.17456570267677307,eta,2
23,0.16982583701610565,eta,2
24,0.17786557972431183,eta,2
25,0.19350625574588776,eta,2
26,0.20711560547351837,eta,2
27,0.21252013742923737,eta,2
28,0.22509008646011353,eta,2
29,0.2277815341949463,eta,2
30,0.23263217508792877,eta,2
31,0.23863939940929413,eta,2
32,0.23923879861831665,eta,2
33,0.22600938379764557,eta,2
34,0.23804400861263275,eta,2
35,0.25131022930145264,eta,2
36,0.2650049328804016,eta,2
37,0.26313257217407227,eta,2
38,0.2707781195640564,eta,2
39,0.27103734016418457,eta,2
40,0.2675006091594696,eta,2
41,0.2706342339515686,eta,2
42,0.25977054238319397,eta,2
43,0.2662965953350067,eta,2
44,0.26379111409187317,eta,2
45,0.26978808641433716,eta,2
46,0.26991650462150574,eta,2
47,0.2756475806236267,eta,2
48,0.2784229815006256,eta,2
49,0.2837126553058624,eta,2
50,0.2927340567111969,eta,2
0,0.15154598653316498,omega,2
1,0.14902663230895996,omega,2
2,0.1480134278535843,omega,2
3,0.1538672149181366,omega,2
4,0.18758533895015717,omega,2
5,0.1862693578004837,omega,2
6,0.1920764297246933,omega,2
7,0.18506646156311035,omega,2
8,0.18353216350078583,omega,2
9,0.1864769607782364,omega,2
10,0.1845305860042572,omega,2
11,0.1909782439470291,omega,2
12,0.2032039761543274,omega,2
13,0.20436258614063263,omega,2
14,0.21367083489894867,omega,2
15,0.21678519248962402,omega,2
16,0.21669714152812958,omega,2
17,0.2113959938287735,omega,2
18,0.21481043100357056,omega,2
19,0.22763344645500183,omega,2
20,0.2347092479467392,omega,2
21,0.2421599179506302,omega,2
22,0.24425198137760162,omega,2
23,0.24220849573612213,omega,2
24,0.24568869173526764,omega,2
25,0.24315570294857025,omega,2
26,0.2481667399406433,omega,2
27,0.2536942660808563,omega,2
28,0.2550029754638672,omega,2
29,0.24995611608028412,omega,2
30,0.24161143600940704,omega,2
31,0.2499847412109375,omega,2
32,0.24829238653182983,omega,2
33,0.24865439534187317,omega,2
34,0.2558494210243225,omega,2
35,0.2578200697898865,omega,2
36,0.2561163306236267,omega,2
37,0.2596355080604553,omega,2
38,0.24789737164974213,omega,2
39,0.24736273288726807,omega,2
40,0.2553529441356659,omega,2
41,0.2575240731239319,omega,2
42,0.2529086470603943,omega,2
43,0.24967052042484283,omega,2
44,0.24978967010974884,omega,2
45,0.2530011832714081,omega,2
46,0.25081533193588257,omega,2
47,0.2453586459159851,omega,2
48,0.24029873311519623,omega,2
49,0.2516501247882843,omega,2
50,0.25296711921691895,omega,2
0,0.37541791796684265,sigma,2
1,0.3855980932712555,sigma,2
2,0.3857021629810333,sigma,2
3,0.3840891420841217,sigma,2
4,0.39836835861206055,sigma,2
5,0.3899550139904022,sigma,2
6,0.38646790385246277,sigma,2
7,0.39089861512184143,sigma,2
8,0.40025317668914795,sigma,2
9,0.4086719751358032,sigma,2
10,0.40807750821113586,sigma,2
11,0.4031681716442108,sigma,2
12,0.40511080622673035,sigma,2
13,0.4085882306098938,sigma,2
14,0.4202972650527954,sigma,2
15,0.4229496419429779,sigma,2
16,0.43564271926879883,sigma,2
17,0.43548062443733215,sigma,2
18,0.43703845143318176,sigma,2
19,0.42506518959999084,sigma,2
20,0.4241601526737213,sigma,2
21,0.42667603492736816,sigma,2
22,0.43200400471687317,sigma,2
23,0.42419397830963135,sigma,2
24,0.43359625339508057,sigma,2
25,0.42408862709999084,sigma,2
26,0.4363613426685333,sigma,2
27,0.4337001442909241,sigma,2
28,0.4301810562610626,sigma,2
29,0.42192643880844116,sigma,2
30,0.4172006845474243,sigma,2
31,0.40758654475212097,sigma,2
32,0.4091242551803589,sigma,2
33,0.4022054374217987,sigma,2
34,0.4102190434932709,sigma,2
35,0.40871649980545044,sigma,2
36,0.3958703875541687,sigma,2
37,0.3860922157764435,sigma,2
38,0.3837944567203522,sigma,2
39,0.3756192624568939,sigma,2
40,0.36587876081466675,sigma,2
41,0.3608737587928772,sigma,2
42,0.353781521320343,sigma,2
43,0.3488445580005646,sigma,2
44,0.35422518849372864,sigma,2
45,0.3587237596511841,sigma,2
46,0.3563385009765625,sigma,2
47,0.35729727149009705,sigma,2
48,0.363730788230896,sigma,2
49,0.36639630794525146,sigma,2
50,0.3635950982570648,sigma,2
0,23.423465728759766,amplitude,2
1,23.426498413085938,amplitude,2
2,23.422842025756836,amplitude,2
3,23.412147521972656,amplitude,2
4,23.40744400024414,amplitude,2
5,23.396839141845703,amplitude,2
6,23.40105438232422,amplitude,2
7,23.406652450561523,amplitude,2
8,23.405099868774414,amplitude,2
9,23.409046173095703,amplitude,2
10,23.411043167114258,amplitude,2
11,23.401519775390625,amplitude,2
12,23.405092239379883,amplitude,2
13,23.407852172851562,amplitude,2
14,23.405590057373047,amplitude,2
15,23.416086196899414,amplitude,2
16,23.418163299560547,amplitude,2
17,23.420461654663086,amplitude,2
18,23.416288375854492,amplitude,2
19,23.41550064086914,amplitude,2
20,23.41942024230957,amplitude,2
21,23.42034339904785,amplitude,2
22,23.420743942260742,amplitude,2
23,23.42266082763672,amplitude,2
24,23.427093505859375,amplitude,2
25,23.406002044677734,amplitude,2
26,23.40519142150879,amplitude,2
27,23.409730911254883,amplitude,2
28,23.411073684692383,amplitude,2
29,23.41462516784668,amplitude,2
30,23.408445358276367,amplitude,2
31,23.414499282836914,amplitude,2
32,23.411874771118164,amplitude,2
33,23.410289764404297,amplitude,2
34,23.414775848388672,amplitude,2
35,23.414804458618164,amplitude,2
36,23.41666030883789,amplitude,2
37,23.412172317504883,amplitude,2
38,23.417686462402344,amplitude,2
39,23.426616668701172,amplitude,2
40,23.426034927368164,amplitude,2
41,23.42257308959961,amplitude,2
42,23.42193031311035,amplitude,2
43,23.426734924316406,amplitude,2
44,23.434484481811523,amplitude,2
45,23.431602478027344,amplitude,2
46,23.430410385131836,amplitude,2
47,23.427013397216797,amplitude,2
48,23.429325103759766,amplitude,2
49,23.44002914428711,amplitude,2
50,23.455860137939453,amplitude,2
0,0.06966938823461533,rho,2
1,0.037050195038318634,rho,2
2,0.02613207697868347,rho,2
3,0.01932488940656185,rho,2
4,0.017361950129270554,rho,2
5,0.011079479940235615,rho,2
6,0.009134345687925816,rho,2
7,0.008854101411998272,rho,2
8,0.00833858735859394,rho,2
9,0.006066458765417337,rho,2
10,0.005982840899378061,rho,2
11,0.005554735194891691,rho,2
12,0.005725041497498751,rho,2
13,0.004805443342775106,rho,2
14,0.006435682065784931,rho,2
15,0.004920847713947296,rho,2
16,0.005204138346016407,rho,2
17,0.00484205037355423,rho,2
18,0.0049719540402293205,rho,2
19,0.0053373766131699085,rho,2
20,0.005450572352856398,rho,2
21,0.005031256470829248,rho,2
22,0.003627787111327052,rho,2
23,0.004103278275579214,rho,2
24,0.0051411716267466545,rho,2
25,0.004124474246054888,rho,2
26,0.0033302803058177233,rho,2
27,0.0034767119213938713,rho,2
28,0.003316354239359498,rho,2
29,0.0038048354908823967,rho,2
30,0.0032987447921186686,rho,2
31,0.0036744698882102966,rho,2
32,0.003193311160430312,rho,2
33,0.003908711485564709,rho,2
34,0.003819756442680955,rho,2
35,0.0036165618803352118,rho,2
36,0.0033531533554196358,rho,2
37,0.0035007779952138662,rho,2
38,0.003339749062433839,rho,2
39,0.003998382017016411,rho,2
40,0.003753327764570713,rho,2
41,0.0037257594522088766,rho,2
42,0.0037046035286039114,rho,2
43,0.003499389626085758,rho,2
44,0.004260566551238298,rho,2
45,0.004124104976654053,rho,2
46,0.003701303619891405,rho,2
47,0.002625922439619899,rho,2
48,0.00306901172734797,rho,2
49,0.00403567822650075,rho,2
50,0.0033784571569412947,rho,2
0,1.0068789720535278,k,2
1,1.004185676574707,k,2
2,1.023712396621704,k,2
3,1.020740270614624,k,2
4,1.019626498222351,k,2
5,1.0068331956863403,k,2
6,1.006216049194336,k,2
7,1.0064613819122314,k,2
8,1.0150108337402344,k,2
9,1.0068223476409912,k,2
10,0.9993428587913513,k,2
11,0.9959703087806702,k,2
12,1.0034246444702148,k,2
13,0.9951674938201904,k,2
14,1.0059418678283691,k,2
15,1.0003129243850708,k,2
16,1.0022259950637817,k,2
17,0.9843072891235352,k,2
18,0.9849944114685059,k,2
19,0.9762754440307617,k,2
20,0.9717686772346497,k,2
21,0.9628112316131592,k,2
22,0.9713857173919678,k,2
23,0.9800532460212708,k,2
24,0.9798220992088318,k,2
25,0.9804286360740662,k,2
26,0.9763535857200623,k,2
27,0.98014235496521,k,2
28,0.9884307980537415,k,2
29,0.9882403016090393,k,2
30,0.988715410232544,k,2
31,0.9934921264648438,k,2
32,0.9926396012306213,k,2
33,0.9949378371238708,k,2
34,0.993337869644165,k,2
35,0.9922931790351868,k,2
36,1.0016119480133057,k,2
37,1.003153920173645,k,2
38,1.0175036191940308,k,2
39,1.0287117958068848,k,2
40,1.0328742265701294,k,2
41,1.0305408239364624,k,2
42,1.0410205125808716,k,2
43,1.0516881942749023,k,2
44,1.049163818359375,k,2
45,1.0553884506225586,k,2
46,1.0518242120742798,k,2
47,1.053317904472351,k,2
48,1.0617531538009644,k,2
49,1.047002911567688,k,2
50,1.0508846044540405,k,2
0,2300000.0,N,2
1,2300000.0,N,2
2,2300000.0,N,2
3,2300000.0,N,2
4,2300000.0,N,2
5,2300000.0,N,2
6,2300000.0,N,2
7,2300000.0,N,2
8,2300000.0,N,2
9,2300000.0,N,2
10,2300000.0,N,2
11,2300000.0,N,2
12,2300000.0,N,2
13,2300000.0,N,2
14,2300000.0,N,2
15,2300000.0,N,2
16,2300000.0,N,2
17,2300000.0,N,2
18,2300000.0,N,2
19,2300000.0,N,2
20,2300000.0,N,2
21,2300000.0,N,2
22,2300000.0,N,2
23,2300000.0,N,2
24,2300000.0,N,2
25,2300000.0,N,2
26,2300000.0,N,2
27,2300000.0,N,2
28,2300000.0,N,2
29,2300000.0,N,2
30,2300000.0,N,2
31,2300000.0,N,2
32,2300000.0,N,2
33,2300000.0,N,2
34,2300000.0,N,2
35,2300000.0,N,2
36,2300000.0,N,2
37,2300000.0,N,2
38,2300000.0,N,2
39,2300000.0,N,2
40,2300000.0,N,2
41,2300000.0,N,2
42,2300000.0,N,2
43,2300000.0,N,2
44,2300000.0,N,2
45,2300000.0,N,2
46,2300000.0,N,2
47,2300000.0,N,2
48,2300000.0,N,2
49,2300000.0,N,2
50,2300000.0,N,2
