## S&P 500 daily return 2002-2012, demeaned
## The data analyzed by Breto (2014)
## Statistics & Probability Letters, 91, 20–26.
## “On idiosyncratic stochasticity of financial leverage effects"
## doi: 10.1016/j.spl.2014.04.003.
"","x"
"1",0.564526983241869
"2",0.905989380727472
"3",0.611559311339842
"4",-0.659842527865646
"5",-0.36731122639025
"6",-0.488867524758725
"7",0.114154974981744
"8",-0.959125557690961
"9",-0.637430236169341
"10",0.673250945203445
"11",-1.6456861042775
"12",0.990211146395452
"13",-1.0049917176245
"14",-0.743965643695728
"15",0.781495363386824
"16",0.343442787211117
"17",0.091926603579988
"18",-0.0272482778460882
"19",-2.910844575111
"20",1.16009046334182
"21",1.47452004826582
"22",-0.71819010298529
"23",-2.51265645598891
"24",-0.412510938023687
"25",-0.606861054653536
"26",-0.316567229570926
"27",1.46711250020039
"28",1.41600020778793
"29",-0.407935175196379
"30",0.981388236531859
"31",-0.189490058816262
"32",-1.11562381242332
"33",-1.91324536932467
"34",1.33449293334606
"35",-1.57101810178422
"36",0.811227520635043
"37",1.77371362908604
"38",-0.0123406354751344
"39",0.0381273449781604
"40",-0.292952692704713
"41",2.23035559141322
"42",1.92255585385845
"43",-0.67740725641053
"44",1.43269775451863
"45",-0.458636311055678
"46",0.575323610805227
"47",0.330848834684676
"48",-0.237498231773643
"49",-0.998499971141105
"50",-0.098855900453494
"51",1.12360298399287
"52",-0.0601558318207586
"53",0.398016557713248
"54",-1.59605730329642
"55",0.14311363815193
"56",-0.432628797678565
"57",-1.48380731233425
"58",0.575335364819611
"59",0.525659734004751
"60",0.237370315314826
"61",-0.0819423442980428
"62",-0.864493795687278
"63",-1.01219198272465
"64",0.0756572789423581
"65",-0.328855568596549
"66",0.219922364173424
"67",-0.675664951269923
"68",1.11926704487739
"69",-2.40527012816306
"70",0.653206304352742
"71",-0.772216988361703
"72",2.30700975399515
"73",-0.21187558784413
"74",-0.150021836132759
"75",0.0543984662812734
"76",-1.56093255516637
"77",-0.629895762962758
"78",-0.720657479950255
"79",-0.159805254266072
"80",-1.40650952876549
"81",-1.02289073163482
"82",1.06295327260095
"83",0.874125241638317
"84",-0.182866693613211
"85",-1.03935829953186
"86",-1.9607672374199
"87",-0.310379898610009
"88",3.67394243795178
"89",-1.47326472981784
"90",-1.70148322104862
"91",1.83016501058818
"92",2.08447776744529
"93",-0.575386133082596
"94",0.646258965448492
"95",0.750508468306215
"96",-1.34605707286027
"97",-1.11293944737237
"98",0.559137654572754
"99",1.00541300969598
"100",-1.22386043785173
"101",-0.866820543073861
"102",-0.651096864675556
"103",-0.289217557994299
"104",0.224833619433411
"105",-2.51861642177772
"106",-0.00687280954079896
"107",0.873262968934145
"108",-2.00400398668673
"109",-0.16536919315356
"110",0.304078969097226
"111",-1.68469780104615
"112",0.647080959920536
"113",-1.06212415573748
"114",-0.234922858369242
"115",2.82091849527998
"116",0.0857364766023204
"117",-1.67524387810894
"118",-1.36008599641751
"119",-1.7268037913617
"120",0.353443458252272
"121",-1.69209688682116
"122",-0.275571492169775
"123",1.73442207774436
"124",-0.0916530539952844
"125",-2.16879931358983
"126",-2.15322522262576
"127",0.612541760439427
"128",3.59931384689937
"129",-1.2336820979827
"130",-2.51080144636576
"131",-3.46304316836153
"132",0.738987662309458
"133",-0.654756069071667
"134",-0.38406015544042
"135",-1.86387221764933
"136",0.544436806350539
"137",-2.74687270112575
"138",-3.9173825602892
"139",-3.35545173216841
"140",-2.7467146929775
"141",5.56541305036641
"142",-0.571416444567359
"143",1.66643921987856
"144",5.25882458218613
"145",0.416201464652193
"146",0.966600802985666
"147",-3.00981833283481
"148",-2.34312195428744
"149",-3.49762770022582
"150",2.94013588974377
"151",1.97340989230736
"152",3.2120064427606
"153",0.3427537119627
"154",-0.541921630292504
"155",-2.1991843141523
"156",3.91876131012522
"157",1.14144888368794
"158",-0.167057425728186
"159",2.32801250028298
"160",-1.41558410350194
"161",1.25676478156975
"162",1.38754262760556
"163",-2.30258233139067
"164",0.742907047607015
"165",-1.40260980124024
"166",-1.83765661455076
"167",-0.0154603582348157
"168",-0.19650581434097
"169",-4.25017457003281
"170",1.72866993480782
"171",-1.6157214478451
"172",1.65824169693091
"173",0.998363278555085
"174",0.722636170934592
"175",-0.0221270472830894
"176",-2.51748467896652
"177",0.318610809120094
"178",0.137036067834522
"179",-2.00039660638452
"180",-0.473703357090412
"181",-3.06041837850766
"182",0.237323953982276
"183",-1.4002771077011
"184",-1.75138510355837
"185",2.44805993114398
"186",1.79676025492338
"187",-3.28693296337
"188",-1.47987198424267
"189",3.91645484126052
"190",-2.39483824097209
"191",-1.09597580478778
"192",-2.27649040969856
"193",-1.93744600508741
"194",1.6678903868845
"195",-2.77444979078808
"196",3.42900022443026
"197",3.82367860768908
"198",0.72214877214775
"199",4.61710019123955
"200",-2.44867412642978
"201",2.19784211473352
"202",0.580740157811348
"203",1.71071248386105
"204",-1.07607191096347
"205",0.661709176874374
"206",-1.54161991127
"207",1.69431113584044
"208",-0.83787181618374
"209",-0.919608388288868
"210",0.957845077447821
"211",-0.565120110132018
"212",1.69364908061317
"213",0.809056822746406
"214",0.764209993798885
"215",0.902375651889435
"216",-2.31957534119148
"217",-0.888004525619863
"218",-2.10285480331856
"219",0.760727431290646
"220",-0.0554128446179482
"221",2.42568686498596
"222",0.605144335656831
"223",-1.054142267767
"224",-0.410705552638764
"225",1.91503696533012
"226",2.11464369688705
"227",-0.352197385537452
"228",0.242242887112336
"229",-2.12795494206495
"230",2.75233243760373
"231",-0.280874339510213
"232",-0.198122626722104
"233",-1.49335109348743
"234",-0.353802117976205
"235",-1.21610225755585
"236",0.616762823868437
"237",-2.2504355832455
"238",1.37825544166527
"239",0.0485382529472987
"240",-0.380920970810224
"241",-1.36011861107275
"242",2.31687039098537
"243",-0.825092136450263
"244",-1.33107177725925
"245",-0.781760760232537
"246",1.28431909484916
"247",0.173971335173799
"248",-0.55648441952932
"249",-0.323186952935146
"250",-1.62367796592878
"251",0.446922338469473
"252",0.0410518651980206
"253",3.25824186867975
"254",-0.0562486762665527
"255",2.21472185460436
"256",-0.664444819595851
"257",-1.42640556493155
"258",1.91330335050314
"259",-0.00891179503777608
"260",-0.149162770949858
"261",0.573463133610346
"262",-1.46092650866082
"263",-0.402853925182563
"264",-1.41945605003742
"265",-1.59052015485862
"266",-1.05655282501476
"267",1.00933538779599
"268",-2.97475879377037
"269",-1.63700696149019
"270",1.28876948396274
"271",0.667773939159193
"272",-2.31927034862774
"273",1.29665279190518
"274",0.530622848637712
"275",-1.42662931718587
"276",-0.552819961633351
"277",-0.654784964883277
"278",-1.02232821797757
"279",0.746225307387565
"280",-0.820968386270711
"281",-1.28464306013572
"282",-0.167975554279416
"283",2.11297737754738
"284",1.92335568085082
"285",-0.719974907844752
"286",-0.962526116288516
"287",1.30592125812582
"288",-1.86301112154708
"289",0.709040970312251
"290",-1.33068689522971
"291",1.16106770863664
"292",0.453312339029093
"293",-0.764418626774639
"294",-1.55542616673279
"295",0.94383948836884
"296",-0.946125655962178
"297",0.814707703419308
"298",-2.62475065060167
"299",-0.847281254631345
"300",0.42334109242536
"301",3.37983444707308
"302",0.156714085921254
"303",3.47352678252821
"304",0.415474265897291
"305",0.862051745167551
"306",0.180771179381771
"307",2.26383657201265
"308",-3.5945410573959
"309",1.20094251119639
"310",-0.556929776304245
"311",-0.172346225813531
"312",-0.587505318981958
"313",-1.79793573197159
"314",1.19921690498922
"315",2.57023913458966
"316",-0.514279159817595
"317",0.265623983937029
"318",0.114978704391049
"319",-0.194386077785975
"320",-1.41818112262498
"321",0.635595819891559
"322",-0.384871658593185
"323",1.92318840312208
"324",0.620532578481174
"325",-1.23898688208091
"326",1.53378994600827
"327",-0.183685999731183
"328",2.13932814651795
"329",0.828058585787399
"330",-0.837142737508618
"331",-1.40214656364076
"332",1.75991832511905
"333",0.31955597427477
"334",-0.108119319439333
"335",-0.075474262728943
"336",1.48484448308916
"337",-0.388093029400445
"338",0.834756200090119
"339",-0.519634661672293
"340",-1.0187132399506
"341",1.40991045801725
"342",1.23784387061742
"343",-0.305596477421528
"344",-0.328840804173531
"345",0.775860213476569
"346",-0.258498848966167
"347",-2.53119729079832
"348",-0.120846495395928
"349",0.392568306429524
"350",0.903081390281428
"351",0.13693144216133
"352",1.92993583706157
"353",0.174872273669784
"354",-0.38410987035012
"355",1.45045903783145
"356",0.345426536554931
"357",0.462619447083206
"358",1.49183684656068
"359",0.386827742933498
"360",-0.248493116350563
"361",-1.21272278809486
"362",0.900999174911792
"363",1.26745698570968
"364",0.0953732239573556
"365",-1.00425888429492
"366",2.2059761541336
"367",0.0831473038359108
"368",-0.163144739269179
"369",-1.54318677688468
"370",0.0916442848557674
"371",-1.42896589461866
"372",0.176381818221809
"373",-0.837951256835219
"374",1.0629822726855
"375",-0.98641484591709
"376",-0.184178905154415
"377",0.79142647536609
"378",1.14902079653027
"379",-0.82119544481299
"380",1.87351536483102
"381",0.332082925195258
"382",-0.568020250046282
"383",-1.3650228772032
"384",0.942426098011999
"385",0.563596411245697
"386",-0.351099464178291
"387",-0.651632130123254
"388",-1.24992223420225
"389",1.16582093059471
"390",-1.4803873504927
"391",0.938835886336313
"392",0.0427551402443592
"393",-0.719435989056578
"394",1.71721764670384
"395",-0.224353446839782
"396",-0.737014103802765
"397",-0.188937281951625
"398",0.277331813368391
"399",-1.03907414009375
"400",0.264203213290031
"401",-1.78996559121825
"402",0.159821327432457
"403",0.717494006365331
"404",0.347752274240747
"405",0.298573494365122
"406",0.982564752521557
"407",-0.648036876186737
"408",0.648524045542913
"409",0.00831827516500226
"410",0.903542612386647
"411",0.252893972322592
"412",-0.212562521033128
"413",0.288637301677201
"414",-1.03071961293656
"415",0.0575991254612761
"416",0.295617011113662
"417",-0.00181421190597732
"418",0.59728007702257
"419",0.506377826469844
"420",1.36952796119602
"421",0.410082587453846
"422",0.15767765534364
"423",-0.649987617891974
"424",0.990698714140563
"425",-0.832245507161418
"426",-1.21231808898197
"427",0.534750507895392
"428",0.209360051027711
"429",-0.383552152202811
"430",1.41186500387744
"431",-0.333822063862439
"432",1.30999417256292
"433",-0.323844537456293
"434",-1.3171495950265
"435",0.597475538614549
"436",-1.9358667119873
"437",-0.614995295121663
"438",-0.649797402103432
"439",0.963508083956614
"440",-1.06749257813246
"441",2.20158099816864
"442",0.190355178595485
"443",0.929692968086086
"444",0.428171238759016
"445",0.464775189270721
"446",-0.535564881068791
"447",0.469848844932634
"448",-0.0723563700843434
"449",0.691983387816968
"450",0.386470868182413
"451",-0.267346130329689
"452",0.30788122120035
"453",-1.03685126161398
"454",0.506562812633475
"455",0.121309034266985
"456",-1.51721273321013
"457",0.32257213164512
"458",-0.479066188717721
"459",0.207696163873432
"460",1.4994713294431
"461",0.1181866366793
"462",-0.119525571772912
"463",0.351616532481163
"464",0.779948889937081
"465",-0.554166745619462
"466",-0.144646938912569
"467",0.583676450881725
"468",-0.466328498191466
"469",-0.588699216678574
"470",-0.0594175303874357
"471",1.13130065230861
"472",-0.0220049126352718
"473",-0.772267718913817
"474",-0.649675859704975
"475",-0.920352440126966
"476",0.79059486635155
"477",-0.854622873948447
"478",0.149735689110624
"479",1.60188983693136
"480",0.164058614390565
"481",0.423915632401133
"482",-0.0314559484539358
"483",1.11231030793603
"484",-0.335435868870555
"485",-0.185186143877865
"486",0.459734894235602
"487",-0.779226697585973
"488",0.72428894683189
"489",-0.864386090303555
"490",-0.114476232153156
"491",1.13382336672695
"492",0.26531535817546
"493",-0.57734855396679
"494",0.653805432956094
"495",0.117653727064286
"496",1.16503234749394
"497",-0.0546688974405753
"498",0.383620802681743
"499",0.27357864808965
"500",-0.188650728281765
"501",0.161121497176413
"502",1.22462814137376
"503",0.00658641542902614
"504",0.197427524797315
"505",-0.317688043352267
"506",1.2240821648209
"507",0.121291059620769
"508",0.228610839501868
"509",0.487240915037439
"510",-0.900562092495723
"511",0.469693658590369
"512",-0.542425483936822
"513",0.818198853537637
"514",0.127410739942906
"515",0.677064291164313
"516",-0.100873307520229
"517",0.766316294212526
"518",-0.329012576960459
"519",-0.21697931373937
"520",1.19553137998688
"521",-0.992437784893714
"522",-1.37813409694697
"523",0.489827073614861
"524",-0.27094064585101
"525",0.356622938127298
"526",0.0599691660397349
"527",-0.848483071375157
"528",0.175749398929408
"529",1.23989858823649
"530",-0.266314431349486
"531",0.493622255070007
"532",1.05326250827706
"533",-0.497039710941778
"534",-0.556157049640878
"535",0.9631657499981
"536",-0.455684221742232
"537",-0.421949006239271
"538",-0.26534421236913
"539",-0.280907273261761
"540",-0.174494572592938
"541",0.39343546304395
"542",0.100530433967421
"543",-0.00521345612905635
"544",0.95005965379557
"545",-0.603047744492653
"546",0.160851709269021
"547",0.325222379618288
"548",0.164330272490225
"549",-0.8463511798053
"550",-0.587433989640858
"551",-1.48193601929062
"552",-1.54193204093958
"553",1.23042486118947
"554",-1.45321316026713
"555",0.552842007343706
"556",1.16025224617739
"557",-0.135167252629416
"558",-1.13145110971751
"559",-1.31205412656839
"560",-0.140293140225041
"561",-0.247620035877312
"562",1.61545461527701
"563",-0.109761787966118
"564",1.28425385847419
"565",0.39492836874399
"566",-0.0779558992151165
"567",0.519979481659642
"568",0.84002402758842
"569",0.756441199221196
"570",-0.217514789690327
"571",-0.674593151029097
"572",-0.113981059319131
"573",0.50693638841756
"574",-1.39356967277789
"575",-0.120342087577481
"576",0.0515368698509698
"577",0.502008560961424
"578",0.0987540338795044
"579",-1.57576603004873
"580",0.521994839878086
"581",1.39147004210264
"582",0.0509245576960347
"583",-0.453327459755066
"584",0.219115239650651
"585",-1.39691697460898
"586",-0.769810303494218
"587",-0.601211079120685
"588",0.908214204678053
"589",0.176338278454195
"590",0.168866850270415
"591",-0.682399685575803
"592",-1.3898839230403
"593",-1.06740022455745
"594",0.755490297100507
"595",0.159081538934529
"596",-0.0844159627007747
"597",-0.0753476538162558
"598",-1.07216158950839
"599",0.671524842572573
"600",-0.265611921020377
"601",0.0390010371434423
"602",0.392579143790754
"603",0.161195594619972
"604",1.589693535214
"605",0.161825973980771
"606",0.559196092980823
"607",-0.0613583109271799
"608",0.0385559230025188
"609",0.329626926851094
"610",-0.752830759226548
"611",0.515582719658674
"612",1.57599378234098
"613",0.146376426738797
"614",-0.962312241438774
"615",0.445469821506943
"616",-0.996452406548116
"617",0.587569629807454
"618",0.12899721414567
"619",-0.141131169080329
"620",0.254178635565843
"621",-0.424552485992298
"622",0.355127062406406
"623",0.839230999415335
"624",-0.306340092896325
"625",-0.554629036351735
"626",-0.103081056696415
"627",0.243317526167945
"628",0.399713488493141
"629",-1.05640309480245
"630",-0.323672013064986
"631",-0.826007525108026
"632",0.181914567418821
"633",-0.835694636869306
"634",0.325211886904924
"635",0.130459020532541
"636",0.0630345133365283
"637",-0.337483121455968
"638",-0.438822228017195
"639",-0.487889707487039
"640",-0.0523328508238065
"641",0.695473446745669
"642",-1.35084270940456
"643",0.262397241051164
"644",-0.982628886346089
"645",-0.204122719129558
"646",0.979828634493056
"647",0.0460414146149434
"648",0.448482398786314
"649",0.109324530030956
"650",0.435939258401123
"651",-0.636033994314584
"652",-0.104271001949148
"653",-1.65333068597893
"654",-1.56801214447334
"655",0.109581841391264
"656",1.28120692021382
"657",-0.309481869649126
"658",-1.18221678336126
"659",0.139720622467958
"660",1.34844179707671
"661",0.211504194728522
"662",1.22881428900442
"663",-0.368243911302131
"664",0.642521612931073
"665",-0.251221573790812
"666",0.0387018923241266
"667",0.789026690315502
"668",0.0039307246340202
"669",0.234386878189745
"670",-0.789016887668332
"671",0.454182455821577
"672",0.143287278302544
"673",1.10717545381768
"674",-0.427200441700777
"675",0.678543944339143
"676",-0.457429345435874
"677",0.18101023156533
"678",0.486302776232221
"679",0.161074732253634
"680",0.2148667296258
"681",-0.715801273904344
"682",0.271148759831135
"683",0.44064731013999
"684",-0.572091571187479
"685",0.622859026177085
"686",-1.41142184858024
"687",-0.475898226300438
"688",0.149932706172577
"689",-0.603237596348756
"690",0.583066006560322
"691",0.418261155724557
"692",-0.0275701441245181
"693",1.4988196605081
"694",0.315989621074812
"695",-0.068636043321242
"696",0.657215979057095
"697",-1.01105416766212
"698",-0.76334492377675
"699",0.19247527274701
"700",-0.234880909325448
"701",-0.740562257188355
"702",-0.942462114122773
"703",0.436211527502077
"704",0.515968006320448
"705",-0.981119107050017
"706",0.0311351510837875
"707",0.248257640389997
"708",-0.984124600761434
"709",-0.0927439025739508
"710",1.46823460952531
"711",1.27186753887362
"712",0.173271073309571
"713",0.236669516150616
"714",0.019591297569803
"715",-0.00518008072457179
"716",1.10576157985178
"717",1.59489401962173
"718",0.378791276779082
"719",-0.117655009157265
"720",-0.0773923639995579
"721",-0.108392814930387
"722",0.896987150750188
"723",0.899007695508984
"724",-0.0382393775424218
"725",-0.718234966582039
"726",0.544478102636396
"727",0.128290322509865
"728",-1.13024289164854
"729",0.580007369723183
"730",-0.0333202965510827
"731",0.40086656126374
"732",0.0674493400433172
"733",-0.353418121512779
"734",-0.411678864557203
"735",1.47621806097333
"736",-0.0951662982194469
"737",0.0627100627591014
"738",-0.0850985441302866
"739",-1.12134064967527
"740",0.478632657745475
"741",0.534314700784193
"742",-0.112156384450775
"743",0.887139325848689
"744",0.383497558724126
"745",0.186429763868883
"746",-0.216225067968285
"747",-0.75780698961146
"748",0.0281665699441257
"749",0.892134860778764
"750",0.333364618411174
"751",0.0384530154881867
"752",-0.439295430790161
"753",0.705019629822849
"754",-0.0152503093191326
"755",0.000406911194132812
"756",-0.142240675018119
"757",-0.823082638019941
"758",-1.18184191928104
"759",-0.371272699506993
"760",0.342136915712448
"761",-0.151047110650045
"762",0.333854183612707
"763",-0.619657436832661
"764",0.389519477192983
"765",-0.874591778718632
"766",0.590820892282522
"767",0.954996659395106
"768",-0.961378058729718
"769",-0.789180379298966
"770",-0.651378321153413
"771",-0.36123643835569
"772",0.391796344747124
"773",0.475415748276535
"774",0.0330413525316752
"775",-0.279796575242337
"776",0.834632683223784
"777",0.678891780508699
"778",0.309466979219912
"779",-0.284786407355793
"780",1.09041713103949
"781",-0.116784760286521
"782",0.0404187962165169
"783",-0.869054680348509
"784",0.412426426261596
"785",0.682338070135884
"786",0.0618342039855045
"787",0.321601329101788
"788",0.0103446477424706
"789",-0.803328746158745
"790",0.0620981042308054
"791",-1.46903544400481
"792",0.551335054148321
"793",0.778452226280961
"794",0.918540379878478
"795",-0.651322190027
"796",0.55637422648062
"797",-0.0351009214939536
"798",0.0243903664845101
"799",0.950000450840853
"800",0.252848045480884
"801",-0.488867390521481
"802",-1.03156465181205
"803",0.177576848475762
"804",-0.769044863343933
"805",0.553052873589415
"806",-0.763062749526029
"807",-0.819299216856646
"808",0.172128322807967
"809",-0.0548953078250604
"810",-0.502477498024707
"811",-1.03268252736293
"812",0.0621249950546841
"813",-0.102545640094427
"814",0.23601685549514
"815",-0.770347881331308
"816",1.36002510792418
"817",-0.0772664020535287
"818",-0.659628451819512
"819",0.264618178395952
"820",0.439248908363658
"821",0.21876078632707
"822",0.587483825685957
"823",-0.845829800701321
"824",-0.00698712200047482
"825",0.545150636001395
"826",-1.19096877136767
"827",-1.0130480154005
"828",-1.69401528214464
"829",0.28579578888787
"830",0.583791320526721
"831",-1.34218817975412
"832",1.94656917470676
"833",-0.68515143766031
"834",0.854665258031388
"835",-0.903320804124104
"836",0.394225644946526
"837",-1.15239308757958
"838",1.17736147885085
"839",0.450121125995622
"840",-0.093056224162187
"841",1.23147314886453
"842",-0.265043388982484
"843",-0.117049674895882
"844",0.629563717308972
"845",-1.08414918938158
"846",0.410593048306811
"847",-1.01622254363492
"848",-0.466897117193483
"849",0.99573545157489
"850",0.685482562076316
"851",0.989055050582859
"852",0.456688461244485
"853",-0.159071371846882
"854",0.376533601859712
"855",0.00975474022017351
"856",-0.348426641911488
"857",0.629620645018096
"858",0.088978176956782
"859",-0.616969256550732
"860",0.892008180477581
"861",0.160040800758103
"862",-0.696914102531239
"863",0.116668605112451
"864",-0.028712546961558
"865",-0.224395321184929
"866",0.514792286629155
"867",-0.242927860992144
"868",0.218100443280338
"869",0.249159934972958
"870",0.213698097267716
"871",0.354518493545057
"872",0.486417513460384
"873",-0.0785265903922762
"874",-0.212796519029663
"875",0.0144114847679221
"876",-1.09704729475698
"877",-0.773627701212683
"878",-0.0817131438780662
"879",0.901772683539697
"880",-0.151082317518576
"881",-0.720455605202315
"882",0.252878906955416
"883",0.871547470171812
"884",-0.845363038604881
"885",0.237066754593911
"886",1.15330526581638
"887",0.615703039647257
"888",0.219062128972041
"889",0.0804917864526787
"890",0.254229713776659
"891",0.107875915562754
"892",-0.562335860649939
"893",0.66305776995869
"894",0.466898871932713
"895",-0.670647240494422
"896",0.531847038186999
"897",-0.385466934276508
"898",0.165323685932399
"899",0.448416189993643
"900",0.550923800905927
"901",-0.777844380323451
"902",0.086921164376068
"903",0.69957847970225
"904",0.06608680763988
"905",-0.747891105388761
"906",-0.774606482717684
"907",-0.276454643702213
"908",0.664400748647746
"909",-0.190722679349993
"910",0.695874994466521
"911",-0.609083399306016
"912",0.27460420244007
"913",-1.19241798701675
"914",0.0659494804380033
"915",-0.10786406050854
"916",0.048753116442206
"917",0.15764243511948
"918",-0.348915503562737
"919",-0.665394712616181
"920",0.223382170038693
"921",-0.61094041643311
"922",0.586199586551455
"923",-0.327577531705299
"924",0.973753091951639
"925",0.0953637780074666
"926",-0.300503654002811
"927",1.246154920741
"928",0.232676573932593
"929",-0.387894382548233
"930",0.785490705209806
"931",-0.0819662868643724
"932",-0.765192418220491
"933",-0.336508411799248
"934",0.0386042116719375
"935",0.817920072574167
"936",-0.565971684689466
"937",-0.797281453085337
"938",-0.924131858905792
"939",0.35672983150669
"940",0.04731236166841
"941",0.0201392335975535
"942",-0.00536588937579254
"943",0.093294738978915
"944",0.8749448571488
"945",0.0841674800790381
"946",-0.179692149340245
"947",-1.00982065758085
"948",-1.50774154525587
"949",-0.418240174191393
"950",0.361607810241053
"951",-0.727028835975336
"952",-0.215236200708386
"953",-0.616499961111068
"954",-0.0791858408510328
"955",0.815557484249811
"956",0.289220785170368
"957",-1.01787506885612
"958",1.47667056757636
"959",-1.52120121180704
"960",0.144029179375298
"961",1.65594989850254
"962",-0.244903511261303
"963",-0.440009670018544
"964",-1.06088359332753
"965",1.63355407383558
"966",0.707221172895316
"967",-0.360564839355988
"968",0.984927342290358
"969",0.417681364039939
"970",0.00855919008927884
"971",0.210754554258379
"972",-0.353537344392969
"973",0.161071393849414
"974",0.833251186613342
"975",0.297153380918817
"976",-0.0856143775623443
"977",-0.393578700619852
"978",0.171012126851504
"979",0.929113571898081
"980",0.431335701389084
"981",0.517911367547501
"982",0.499305459644865
"983",0.338844696418554
"984",0.200544092299963
"985",-0.862252127493719
"986",-0.00624321989744616
"987",-0.646059068148948
"988",1.2005416668696
"989",0.0245805553703947
"990",-0.244462148892339
"991",0.119651168289063
"992",-0.510002500744407
"993",-0.129590368065042
"994",0.272858737435626
"995",0.0762999512663386
"996",0.545995839735596
"997",0.410249148222046
"998",-0.149360974851682
"999",-0.293068675608794
"1000",-0.593454483104001
"1001",-0.0316475859965705
"1002",0.243513343380168
"1003",0.413359285022057
"1004",0.0347399419124693
"1005",-0.967765052666831
"1006",0.121803517686441
"1007",-0.306330706998044
"1008",-0.497703676747225
"1009",1.62186199995006
"1010",0.358769639328364
"1011",-0.00626320303259278
"1012",0.927720388156377
"1013",0.357130193656789
"1014",-0.0434948417474891
"1015",0.339707339162547
"1016",-0.637234608489952
"1017",0.112616862279651
"1018",-0.371959943122431
"1019",-0.398328029787216
"1020",0.546992774409076
"1021",-1.85746214217464
"1022",0.176698137322055
"1023",0.23241803243718
"1024",-0.180060939543687
"1025",0.713064735305984
"1026",0.76556655448125
"1027",0.107389815704166
"1028",-0.407010943206594
"1029",0.177919536311382
"1030",-0.918034649025874
"1031",-0.545140668405193
"1032",0.0704565559970825
"1033",-0.820601106982839
"1034",0.854722864078077
"1035",-0.155693141189357
"1036",0.245844155386237
"1037",-0.334335576389162
"1038",0.990445132519528
"1039",0.341996226924894
"1040",0.722306760114815
"1041",-0.173942841943593
"1042",-0.335426050924987
"1043",0.740704158989984
"1044",-0.386061303792691
"1045",0.119435219751345
"1046",0.355233007192062
"1047",-1.05336945906126
"1048",0.814908979441913
"1049",-0.170600475313905
"1050",-0.156104371092021
"1051",-0.707118183377393
"1052",-0.194197868107999
"1053",0.194957671172318
"1054",-0.497112144427387
"1055",0.724408838361661
"1056",0.190941738060839
"1057",1.02641382812877
"1058",0.418238838718003
"1059",0.169289800068533
"1060",0.139147456437676
"1061",-0.173968965936784
"1062",-0.611145681058585
"1063",0.592413257681616
"1064",-0.266397335716857
"1065",0.0904531830323728
"1066",-0.11073018269568
"1067",-0.653733202810554
"1068",0.736357199226105
"1069",-0.210665749110757
"1070",-0.425547841900216
"1071",0.222047896875093
"1072",0.615886496915034
"1073",0.422350062666481
"1074",-0.200156143301318
"1075",-1.04756602694567
"1076",0.0770395587749094
"1077",-0.784402845715289
"1078",0.112569144061652
"1079",0.0697686851583045
"1080",-0.302265748189996
"1081",1.71378012633229
"1082",0.166373038973393
"1083",0.108898260970729
"1084",-0.0215598183552613
"1085",-0.249874919164157
"1086",-0.495985344450773
"1087",0.273699946108301
"1088",0.321786908147075
"1089",0.060096662695812
"1090",-0.42223907915891
"1091",0.604756040498848
"1092",-0.416829119378488
"1093",0.328031643949405
"1094",1.01643216056463
"1095",-0.0908394321661744
"1096",0.0283954346678315
"1097",-0.180795136469787
"1098",-1.29590639358404
"1099",-1.13831133982506
"1100",0.244318607043918
"1101",-0.194953441231622
"1102",-1.70628228633974
"1103",-0.67999762772762
"1104",0.405004377777078
"1105",-0.400068609650213
"1106",-0.443782234728503
"1107",0.150407377103139
"1108",1.12275566481316
"1109",0.562468335123138
"1110",-1.60786784974224
"1111",0.802469817712896
"1112",1.21449936896895
"1113",0.187198845664731
"1114",-1.80384127828249
"1115",-0.121706427214037
"1116",-0.61894672808321
"1117",0.1337688033123
"1118",-0.456398941402931
"1119",-1.28562664630068
"1120",-1.04113843882766
"1121",0.509746799124471
"1122",2.0934422136072
"1123",-0.37629925938359
"1124",-0.922885370627331
"1125",-0.0094464492470371
"1126",0.961551804991838
"1127",-0.536299994240281
"1128",-0.0961835863123218
"1129",0.477927101567992
"1130",-0.92037780226309
"1131",0.539407309375821
"1132",2.12574358702475
"1133",-0.21781621507347
"1134",0.775579887805182
"1135",-0.735366225213181
"1136",0.24128330613961
"1137",-0.685118982985007
"1138",0.139038177445065
"1139",0.400063348682404
"1140",-1.10775314516521
"1141",-1.31218786420278
"1142",-0.499262952759534
"1143",-0.146256606925317
"1144",0.1839643488372
"1145",1.83066688269881
"1146",-0.859194409930126
"1147",-0.718042290361283
"1148",1.6410122116526
"1149",0.622260195354289
"1150",-0.0456695082093296
"1151",-0.418641687374184
"1152",1.20001022041911
"1153",-0.155766788675333
"1154",-0.458458206823604
"1155",0.590723850204504
"1156",0.126603272189001
"1157",-0.0789377448477359
"1158",-0.288837214905009
"1159",-0.344667873982936
"1160",-0.443708498262503
"1161",0.453991706951455
"1162",-0.407274871752368
"1163",0.108144916809809
"1164",1.35251837864627
"1165",0.75543708356222
"1166",0.150289816157094
"1167",0.362967315962208
"1168",-0.375551894520438
"1169",0.0923072609403762
"1170",-0.457713130089961
"1171",0.229319019599277
"1172",-0.082703949959957
"1173",0.507403073796702
"1174",0.184026853490831
"1175",-0.00860042457272016
"1176",-0.0423417270506056
"1177",0.542107819986686
"1178",0.162881118341633
"1179",-1.00190735327586
"1180",-0.488892971133066
"1181",0.370116089592958
"1182",0.0398868587622546
"1183",1.03096765737366
"1184",0.369183887286588
"1185",-0.14373063657634
"1186",0.264533351975575
"1187",0.0913692615538574
"1188",-0.225300053751305
"1189",0.511934883732816
"1190",-0.548843883760981
"1191",-0.254718347926482
"1192",0.869819912731955
"1193",0.74103090725594
"1194",0.010872349088291
"1195",0.183515278534123
"1196",-0.25456281222483
"1197",-0.347519926014368
"1198",0.201513446069839
"1199",1.19248021207887
"1200",0.214105830919446
"1201",-0.277184181331187
"1202",0.0721591786883623
"1203",0.196302328099189
"1204",-0.26455047275314
"1205",0.941752818559986
"1206",0.196678075290772
"1207",0.243019352999389
"1208",-0.373719015892189
"1209",0.132092535108856
"1210",0.0653480863910859
"1211",0.112068622739751
"1212",0.605508728204878
"1213",0.0183062792418796
"1214",0.342942119280802
"1215",0.487241809856325
"1216",-0.856589180838292
"1217",0.0349933043241423
"1218",-0.00710799146095966
"1219",-0.745704676468446
"1220",-0.0422011175898197
"1221",-0.230410720488845
"1222",1.12042524328203
"1223",0.213695214064351
"1224",0.200216754376263
"1225",-0.542557588290855
"1226",0.178450193325179
"1227",0.246748170625792
"1228",0.625799832999412
"1229",0.232327846178186
"1230",0.220322574309921
"1231",0.0949881835986476
"1232",-0.0578033774149957
"1233",0.156971498941309
"1234",0.22570977102309
"1235",-0.374056194632406
"1236",-1.37695512479701
"1237",0.340354542561421
"1238",0.908115549822834
"1239",0.0743059197489225
"1240",-0.288100151494348
"1241",0.876758788641456
"1242",0.391617217616218
"1243",-0.139391276351237
"1244",-0.405679775091035
"1245",0.173201643329939
"1246",0.21888519400927
"1247",-0.112627323781951
"1248",0.108989968788158
"1249",0.857356449549911
"1250",0.104345446768554
"1251",-0.331391586764902
"1252",0.207753985106034
"1253",-0.149633898909969
"1254",-0.375906816203593
"1255",-0.540874219927574
"1256",0.4264483166932
"1257",0.691248513371316
"1258",-0.155822393972323
"1259",-0.460168791655342
"1260",-0.127767413202158
"1261",0.114920221034136
"1262",-0.618150137222557
"1263",0.213951640910153
"1264",-0.0595160469092205
"1265",0.186014153849949
"1266",0.62415449457826
"1267",0.476306587020108
"1268",0.0739093019979252
"1269",-0.0972654106190808
"1270",-0.305349851656918
"1271",0.281294098001943
"1272",-0.537018920304828
"1273",0.345734248481004
"1274",0.838718904815987
"1275",-1.1412138637063
"1276",-0.128701730712362
"1277",-0.117584675882505
"1278",0.567719561068063
"1279",0.649287788948232
"1280",0.526114810581528
"1281",0.161462846466669
"1282",-0.104539509094643
"1283",0.061942003711095
"1284",0.131571832630122
"1285",-0.125832714412451
"1286",-0.718071355271406
"1287",-0.33450050973552
"1288",0.749042741372878
"1289",0.753664812189452
"1290",0.0958711679817691
"1291",-0.0950485128045143
"1292",0.276193067316626
"1293",-0.148374167598793
"1294",-0.0936261507226212
"1295",-0.364833237871694
"1296",-0.133326739814195
"1297",-3.54210292839342
"1298",0.546721390165377
"1299",-0.267621262584623
"1300",-1.15465993419684
"1301",-0.953051143258084
"1302",1.52964155191266
"1303",-0.254660609635267
"1304",0.70229790836797
"1305",0.0606218306913918
"1306",0.259122609239497
"1307",-2.06568945798396
"1308",0.659047589880639
"1309",0.359865344599057
"1310",-0.391393660442703
"1311",1.0757154895163
"1312",0.623522807987491
"1313",1.68582373033367
"1314",-0.042682020777758
"1315",0.101549188184229
"1316",0.0889087174803892
"1317",-0.628188726611108
"1318",-0.807601843882051
"1319",0.36543769895158
"1320",-0.125299148403031
"1321",0.251531513010466
"1322",0.915899061329799
"1323",0.103387856666586
"1324",0.296696666306289
"1325",0.0510230120204612
"1326",0.253486862232381
"1327",-0.667284855634371
"1328",0.610874241588781
"1329",0.340364454433899
"1330",1.06155607154636
"1331",0.196931743614896
"1332",0.0614602366823357
"1333",-0.128109752878232
"1334",0.91397526769909
"1335",-0.238503433738064
"1336",-0.0429529520208872
"1337",1.00096902531123
"1338",-0.0861032270998165
"1339",-0.0198806177201873
"1340",-0.794011851553418
"1341",0.256931469027737
"1342",0.637325486287448
"1343",0.423743409512116
"1344",0.20692629177989
"1345",0.248211000421221
"1346",-0.124498185442985
"1347",0.313988898190292
"1348",-1.41329284459
"1349",0.951697488136431
"1350",-0.187295378417869
"1351",-0.138311642234641
"1352",0.851115694762832
"1353",-0.0996771648243146
"1354",0.651038706318168
"1355",0.146373379456281
"1356",-0.0721124508891015
"1357",-0.128632049115158
"1358",-0.982826503652963
"1359",0.535955084723809
"1360",0.149063187060754
"1361",0.787357363662593
"1362",0.017649402474411
"1363",0.36517451664319
"1364",0.17685055339826
"1365",-0.543968648383093
"1366",-0.898163150527627
"1367",-1.78042758257509
"1368",1.12278508761469
"1369",0.0882949588671232
"1370",-1.08175180806874
"1371",1.49917297165653
"1372",0.472645317889213
"1373",0.642717684594245
"1374",-0.129245236689919
"1375",0.165100498813568
"1376",-1.37727747765369
"1377",0.608307119058231
"1378",-1.30581044674199
"1379",-0.329135194722892
"1380",-0.332180374622333
"1381",0.889069167549177
"1382",-0.0496656906089866
"1383",-0.164693364549991
"1384",1.0560976117597
"1385",0.349555884501356
"1386",0.0269173072922223
"1387",0.32202678610173
"1388",0.084254238664687
"1389",-1.436537458069
"1390",0.562675742828371
"1391",1.8797408338411
"1392",0.301823973793851
"1393",-0.199966642463185
"1394",-0.0175146008422124
"1395",-0.214582853527763
"1396",0.438081357895708
"1397",-1.23745033224386
"1398",0.477915060810712
"1399",-2.00815593037043
"1400",0.457647312755387
"1401",-2.3693531037288
"1402",-1.61991101127275
"1403",1.01233975019467
"1404",-1.28056202910119
"1405",0.713820313014917
"1406",0.427155279201912
"1407",-2.70241996215746
"1408",2.37857539588135
"1409",0.606219389817635
"1410",1.38953957070346
"1411",-3.01763868578198
"1412",0.0300094974853658
"1413",-0.0573768186107172
"1414",-1.84017297864554
"1415",-1.40837333067093
"1416",0.31651352823016
"1417",2.41912837339712
"1418",-0.0348094267461475
"1419",0.100716527699223
"1420",1.15665170414833
"1421",-0.115126563081376
"1422",1.13906841998818
"1423",-0.861831899596528
"1424",-2.38312431890793
"1425",2.16066969315355
"1426",-0.426811530711231
"1427",1.1075982814592
"1428",1.03354357957845
"1429",-1.16461078092061
"1430",0.416452887428214
"1431",-1.71313747984637
"1432",-0.135189381567476
"1433",1.346187224546
"1434",-0.00307674528701853
"1435",0.83060517244246
"1436",0.0123805562462097
"1437",-0.521192267610478
"1438",2.87112417461867
"1439",0.59896227298714
"1440",-0.682425646580527
"1441",0.452012718476407
"1442",-0.534863205262266
"1443",-0.0421012792073695
"1444",0.531832292639904
"1445",0.382117053836033
"1446",-0.310633369633024
"1447",1.31237974810118
"1448",-0.0343394511591667
"1449",-0.464056033066769
"1450",0.203038953823558
"1451",0.943654386870267
"1452",-0.330002878414366
"1453",0.798526560496409
"1454",-0.179210075137288
"1455",-0.525018718418953
"1456",0.466461268456768
"1457",-0.849501304979878
"1458",-0.667324839624357
"1459",0.168153498196382
"1460",-0.0831261258052619
"1461",-2.60276803463609
"1462",0.371287179579454
"1463",0.868599559994425
"1464",-0.252277036715516
"1465",-0.105514465238639
"1466",1.36151167638975
"1467",0.362746568958598
"1468",-0.656273487189936
"1469",1.184233381133
"1470",-2.68571838453896
"1471",0.0723494513965294
"1472",-0.504544367060451
"1473",1.18988841507989
"1474",-2.98880473563419
"1475",-0.0654532178429547
"1476",-1.44683521305427
"1477",-1.01168606527236
"1478",2.85994515887073
"1479",-0.717275204276497
"1480",-1.33788724068754
"1481",0.513836671950656
"1482",-1.76928395532168
"1483",0.439787439052768
"1484",-1.61334629165462
"1485",1.66711366497007
"1486",-2.35913167752513
"1487",1.47414512616792
"1488",2.80812592782788
"1489",0.0398057503352577
"1490",0.766181793214275
"1491",-0.598309299548678
"1492",-0.664007178169286
"1493",1.49975980225593
"1494",1.48466646099431
"1495",-0.185788609337874
"1496",0.740360543957734
"1497",-2.56742508111299
"1498",0.595358138874118
"1499",0.114519241342108
"1500",-1.39199035760005
"1501",-1.52132417658051
"1502",0.618185262159059
"1503",-0.144010738735141
"1504",0.480990238438099
"1505",1.64541084848026
"1506",0.796622954915687
"1507",0.0729916430798271
"1508",-1.43958549214916
"1509",0.135658725407122
"1510",-0.695350209113628
"1511",-1.46214537494889
"1512",-0.00783371509814459
"1513",-2.4936287215468
"1514",0.313970361312037
"1515",-1.860101453892
"1516",1.34537270777659
"1517",0.783840915148353
"1518",-1.37670333604974
"1519",1.07336534386346
"1520",-2.53192023874268
"1521",-0.570622267321526
"1522",-2.96025492538069
"1523",-0.614206226521159
"1524",-1.12254387540019
"1525",2.11372107520994
"1526",0.993412259302822
"1527",-1.60776048754035
"1528",1.73251968165321
"1529",0.605509296739075
"1530",-0.48537232341997
"1531",1.65548232756786
"1532",1.20848859437809
"1533",-1.05962567800407
"1534",-3.25968604233309
"1535",-0.773113876993865
"1536",0.777644311129115
"1537",-0.429092114841574
"1538",0.579341525146553
"1539",0.716130473585224
"1540",1.34340385985198
"1541",-1.35907129004827
"1542",0.0759056602679097
"1543",-0.0975042006214301
"1544",0.822794101695272
"1545",-1.30292019592571
"1546",0.777141602602398
"1547",1.36397622351755
"1548",0.681576190656645
"1549",-0.0998190473895667
"1550",-0.906045526010797
"1551",-2.75416965683342
"1552",0.0455102382023108
"1553",-0.353194824935728
"1554",0.51463547693628
"1555",-2.23382060821876
"1556",-0.852428778531895
"1557",-1.56626228843487
"1558",3.63787731413906
"1559",-0.91146119474071
"1560",0.503551604367363
"1561",-2.10806377614923
"1562",-0.907736073855265
"1563",4.14565474922345
"1564",-2.4665374960778
"1565",2.35839754731006
"1566",1.51269091622949
"1567",0.222292141675744
"1568",-0.888275314824079
"1569",-1.16049994251591
"1570",-0.806026504107333
"1571",0.559281288207518
"1572",3.51886788700041
"1573",-0.201426230568409
"1574",0.122243326378928
"1575",0.0717367545873303
"1576",0.148203269611595
"1577",-0.519142022411174
"1578",-0.820329223504175
"1579",0.438569289160788
"1580",-2.06628657305317
"1581",-0.346785244916366
"1582",0.451091135049946
"1583",2.23593803178771
"1584",0.0544311911170924
"1585",1.78981909712214
"1586",-0.163313321729792
"1587",-0.892753621261762
"1588",0.281730218463465
"1589",0.634335534603962
"1590",0.639538515574827
"1591",-0.113051299718887
"1592",-0.397457177808776
"1593",-0.393207301639216
"1594",1.69171308367592
"1595",0.315199676701521
"1596",-0.462220455590796
"1597",0.754445478103232
"1598",-1.83581444380637
"1599",0.358442117740736
"1600",-0.682648548837268
"1601",1.08822075539511
"1602",-0.0463141653666745
"1603",0.391924970700035
"1604",1.0450566038777
"1605",0.117125934988287
"1606",0.0819284912247186
"1607",-0.939520753710561
"1608",-1.62620783255954
"1609",0.253561161320597
"1610",-1.33768278910725
"1611",0.674461202026559
"1612",0.387672871732263
"1613",0.524238817624283
"1614",0.14366847207145
"1615",-1.06381883331069
"1616",-0.588296529293804
"1617",-0.0405033707238835
"1618",1.92301278719077
"1619",-3.14546798664906
"1620",0.0715068805921136
"1621",-0.251933534854871
"1622",-1.71170539923565
"1623",0.319599147264131
"1624",1.48558268460214
"1625",0.000254014717320098
"1626",-0.687272861313855
"1627",-0.983763268205558
"1628",0.366704146630485
"1629",-1.87953405054001
"1630",-0.00252249666544259
"1631",-0.289717736736723
"1632",0.574811526753442
"1633",-2.98833931497547
"1634",-0.380267808285269
"1635",0.11880894287432
"1636",0.37502619013307
"1637",-1.84496710196245
"1638",0.101498340381105
"1639",-0.849915495796634
"1640",1.68578675995927
"1641",-2.31178848364693
"1642",0.688704039851433
"1643",-1.1230212937264
"1644",-0.914724227937154
"1645",-1.10394367390748
"1646",2.46763076196569
"1647",1.18626750764387
"1648",0.0207263802962808
"1649",-0.0617874114415896
"1650",1.3323518936034
"1651",0.397763924391785
"1652",-2.34744010016031
"1653",0.40805343176477
"1654",-1.88499797480566
"1655",2.30091283420798
"1656",1.64561558705498
"1657",-1.33092366867385
"1658",-0.56723921474789
"1659",-0.90848220830398
"1660",2.82357541050097
"1661",0.327044825720495
"1662",-1.81748368791646
"1663",2.35335294286993
"1664",0.684040326021911
"1665",-1.2202220196641
"1666",-0.299825131756244
"1667",0.5428199277748
"1668",0.398939180637174
"1669",-1.52912974177231
"1670",-0.943686755427493
"1671",0.609979310016821
"1672",0.241357327001672
"1673",1.11906153716023
"1674",-1.98989184854422
"1675",0.360122261736311
"1676",0.78726049887085
"1677",1.46527547670387
"1678",-1.38969668787204
"1679",-0.417924861253856
"1680",-0.21155083823577
"1681",-3.04571746620959
"1682",0.434255793782661
"1683",2.02243402158523
"1684",-3.48128003330078
"1685",0.605223099040468
"1686",1.3633593100083
"1687",0.204102783305842
"1688",-4.83613199003357
"1689",1.72849273175043
"1690",-4.83581626260972
"1691",4.23504737393922
"1692",3.93890839348285
"1693",-3.90651483501786
"1694",-1.58344525428461
"1695",-0.205804370592884
"1696",1.93874243483038
"1697",0.308409287471683
"1698",-9.20807480969173
"1699",5.27069879753472
"1700",-0.46327443154149
"1701",-4.12032616959997
"1702",-1.36768588830053
"1703",-3.93576384855881
"1704",-5.91860948678387
"1705",-1.14757661603958
"1706",-7.93023792036823
"1707",-1.19072998245112
"1708",10.9493622196585
"1709",-0.541472108216408
"1710",-9.47734818318387
"1711",4.15505224604648
"1712",-0.631053784388442
"1713",4.65045024198518
"1714",-3.13622921297008
"1715",-6.30314622893605
"1716",1.24766094944887
"1717",-3.51991535092895
"1718",-3.23580840634679
"1719",10.2378990808349
"1720",-1.12192628192223
"1721",2.5398313811715
"1722",1.51702368953496
"1723",-0.261057281327599
"1724",3.99361286736536
"1725",-5.41936165815831
"1726",-5.16495303271517
"1727",2.8367860706713
"1728",-1.28122677311924
"1729",-2.23655270792869
"1730",-5.33671751950327
"1731",6.68442634278434
"1732",-4.26718267226661
"1733",-2.62277123053585
"1734",0.971195901796455
"1735",-6.31838600067261
"1736",-6.95601646203781
"1737",6.12496305890182
"1738",6.26359331494341
"1739",0.645105651192839
"1740",3.46400896072853
"1741",0.951857941307448
"1742",-9.36148966057531
"1743",3.90853566220561
"1744",2.54297191078804
"1745",-2.9824813478306
"1746",3.57707107684104
"1747",3.75905412573718
"1748",-2.34672489777535
"1749",1.17456619835836
"1750",-2.90171412481127
"1751",0.692554702244645
"1752",-1.28451981963818
"1753",5.00064950906773
"1754",-0.971749629124237
"1755",-2.14682122692847
"1756",0.285428242467904
"1757",-1.8549913939846
"1758",-0.984328542031172
"1759",0.568609997189966
"1760",0.5263586577733
"1761",-0.395844900891647
"1762",2.40356456085446
"1763",1.39807274563163
"1764",3.10404922039653
"1765",-0.475765186099004
"1766",0.770840036486813
"1767",-3.05474712394845
"1768",0.331302693804474
"1769",-2.16115454927189
"1770",-2.29009634219007
"1771",0.167821449035859
"1772",-3.41108210504369
"1773",0.124996779538449
"1774",0.745478857485409
"1775",-5.43403211348779
"1776",4.24936961569455
"1777",-1.53567952142837
"1778",0.528489845931694
"1779",0.545951892160505
"1780",1.07879751572459
"1781",3.29284967890559
"1782",-3.37593882262966
"1783",-2.31311467413556
"1784",-0.0611244171320037
"1785",1.56315926032657
"1786",-0.759599947580132
"1787",1.61548568445526
"1788",2.64623440284388
"1789",0.140570962151425
"1790",-5.0446957338638
"1791",0.784511931836433
"1792",0.165930357073101
"1793",-1.01263750965644
"1794",-4.6707782833978
"1795",-0.102915460862658
"1796",-1.21752588598095
"1797",-1.15569104280725
"1798",-3.53936934843884
"1799",3.92417161149871
"1800",-1.0793375560198
"1801",-1.59840047795659
"1802",-2.39248351540529
"1803",-4.78201998194028
"1804",-0.65057292811413
"1805",2.33970525511828
"1806",-4.35416283017419
"1807",0.113695221546421
"1808",-1.01526184408168
"1809",6.16403723998002
"1810",0.236447996429116
"1811",3.98427304187751
"1812",0.763090098519086
"1813",-0.360049327754581
"1814",3.15559480076197
"1815",2.05650790854343
"1816",-1.31424678599397
"1817",-2.00457655369555
"1818",6.82880423839484
"1819",-2.07047129577228
"1820",0.950198303743181
"1821",2.29742886763897
"1822",-2.06030751171318
"1823",-3.55176947876255
"1824",1.29658745475482
"1825",1.63426788384739
"1826",2.82439040287776
"1827",0.960639099551279
"1828",-0.844558939038216
"1829",-2.42220148780582
"1830",1.16362375137863
"1831",3.72687237742261
"1832",0.245184859914331
"1833",-2.03468771202602
"1834",1.23925961031347
"1835",1.53409835767346
"1836",0.487873104332574
"1837",-4.38105919657342
"1838",2.09510445594049
"1839",-0.778962280163083
"1840",0.97951115041625
"1841",1.65794993563827
"1842",-1.01959585857972
"1843",-0.282259199845065
"1844",2.13014684050214
"1845",-0.102883680741368
"1846",0.53035181203193
"1847",3.32289394581752
"1848",-0.387726388603789
"1849",1.71762358113915
"1850",-1.33686604195227
"1851",2.37056023903654
"1852",-2.18255376320563
"1853",-0.105765599751024
"1854",-2.7341543230816
"1855",1.02200673064689
"1856",-1.155401138443
"1857",2.98582392226298
"1858",-0.181666439415758
"1859",-0.522297203519202
"1860",-1.69779468465479
"1861",-0.157665042098139
"1862",2.5883851675936
"1863",-1.92317404183558
"1864",1.52228964361202
"1865",1.3405111645454
"1866",2.54116278262246
"1867",0.190300498193501
"1868",-1.39128237193672
"1869",1.13398701578703
"1870",-0.259619989255839
"1871",-0.108938963622969
"1872",0.341874597953822
"1873",-0.356477229849468
"1874",0.601497059167737
"1875",0.13176759782813
"1876",-2.41338734666379
"1877",-1.28802377702305
"1878",-0.14609168695386
"1879",0.829750729767624
"1880",0.303103695671119
"1881",-3.11566980787428
"1882",0.222573401943442
"1883",0.642488168826698
"1884",2.11392389453004
"1885",-0.155727345656527
"1886",0.894600732315502
"1887",-0.864571781522756
"1888",0.42740969307437
"1889",-2.96559844034666
"1890",0.248413848717159
"1891",-1.99581883652942
"1892",-0.17482322902221
"1893",0.346261443332867
"1894",-0.410828908051226
"1895",2.454963072795
"1896",0.522360289052297
"1897",2.91211352240263
"1898",0.852630006864057
"1899",-0.0461087857363941
"1900",1.12883653704362
"1901",0.354236460214412
"1902",-0.0612746301048196
"1903",2.29442922564266
"1904",0.295917381376192
"1905",0.289906940454603
"1906",-0.268818673104072
"1907",-0.465177319852235
"1908",1.17470720733885
"1909",0.0661191711683594
"1910",1.5147246027414
"1911",0.292921386423088
"1912",-0.299612827384561
"1913",-0.57189161624563
"1914",1.32713998498476
"1915",-0.342888896260203
"1916",-1.28192724495702
"1917",1.1380871516408
"1918",0.677813050360203
"1919",-0.864633316008086
"1920",-2.4638251318738
"1921",1.00161935757891
"1922",0.675910697709774
"1923",1.08109177309374
"1924",1.8373132968876
"1925",-0.0624225939700308
"1926",0.228827429559402
"1927",0.00383875539353027
"1928",0.269957731570052
"1929",-0.206871602848076
"1930",-0.818747870643251
"1931",-2.24505462361438
"1932",-0.338024351253925
"1933",0.842025503404702
"1934",1.29538728029607
"1935",0.872771841326763
"1936",0.76739408853183
"1937",1.02899368713538
"1938",-0.142964337950453
"1939",0.624078409780331
"1940",0.305206212842683
"1941",1.51289664127982
"1942",-0.31426478538273
"1943",0.255547557136342
"1944",-0.349143775634382
"1945",0.647501164698709
"1946",-1.01978591073036
"1947",-0.963491782647925
"1948",-0.618767477304723
"1949",1.75745394479595
"1950",-0.231040735659722
"1951",-0.341216152516417
"1952",-2.61755665101993
"1953",-0.459402806482008
"1954",1.46871162508836
"1955",1.35340686515028
"1956",0.262961318533221
"1957",0.736378550394316
"1958",0.554646417571252
"1959",0.429848574906948
"1960",-0.286984162959787
"1961",1.73153334241022
"1962",0.407047761669659
"1963",-0.82093565663562
"1964",0.92830478381331
"1965",-0.633700890991957
"1966",-0.897153994100404
"1967",1.05090285098563
"1968",-1.23315986158741
"1969",-1.18648284471975
"1970",-0.340172217345753
"1971",-1.98126958378027
"1972",2.21918056062359
"1973",-2.85443223590083
"1974",0.63572548106882
"1975",0.234469914936468
"1976",0.0963772785529991
"1977",1.8974545491839
"1978",0.242174608275529
"1979",2.19168336311257
"1980",-0.0142378430182012
"1981",0.494102068944329
"1982",-1.03906783381443
"1983",0.564455898496579
"1984",1.42855775389054
"1985",0.0840739151989277
"1986",-0.0546780306765206
"1987",-1.35951211634027
"1988",-0.329842153318023
"1989",1.34455900850978
"1990",-0.0611817580833686
"1991",0.441568741400438
"1992",-1.7462023775422
"1993",0.370746787539982
"1994",1.19245831044041
"1995",0.0264298441388243
"1996",-0.851598340009237
"1997",0.541603271617734
"1998",-0.254978773746235
"1999",-1.03827755602669
"2000",0.358729913800875
"2001",0.574436046264697
"2002",0.359793783821931
"2003",0.685700309676622
"2004",-0.564080761474124
"2005",0.104925699856
"2006",-1.19591621718479
"2007",0.573460137058983
"2008",1.03705695660092
"2009",0.347890270829658
"2010",0.221773150686626
"2011",0.516405715753414
"2012",0.107503481508491
"2013",-0.148030190558608
"2014",0.0116990956466155
"2015",-1.01787121076307
"2016",1.58377317414275
"2017",0.303246901130343
"2018",0.0467039040153482
"2019",0.391494540744179
"2020",0.279921166032764
"2021",0.166689444785877
"2022",-0.950377483383076
"2023",0.821304651659698
"2024",0.234523016464532
"2025",-1.09605232539514
"2026",1.23438568258771
"2027",-1.07327750575064
"2028",-1.92049426060089
"2029",-2.24681432195325
"2030",0.450920413594573
"2031",-0.429040852374769
"2032",0.47899859543256
"2033",-1.196648969869
"2034",-0.995610464060388
"2035",1.40870176441694
"2036",1.28111781797064
"2037",-0.556776291426016
"2038",-3.17141527223915
"2039",0.281463438719214
"2040",-0.898118596628124
"2041",1.28774771366921
"2042",-0.231339290571626
"2043",0.955557692070534
"2044",-0.282673951613817
"2045",1.7762329924994
"2046",0.415065410421238
"2047",0.648482946461175
"2048",0.210585809261292
"2049",-0.112471146956701
"2050",-1.2254950978423
"2051",0.959516907786344
"2052",-0.21615014145387
"2053",0.132601112256896
"2054",1.00289464422098
"2055",0.224930644565961
"2056",0.0350789850374221
"2057",0.365087993228446
"2058",1.38319624424682
"2059",-0.0253991463746785
"2060",0.163297768778008
"2061",0.4435987725025
"2062",0.395503286601755
"2063",-0.0295706719227808
"2064",0.0373738492448859
"2065",0.767072001051499
"2066",0.57264579865836
"2067",-0.0404232078480794
"2068",-0.517782234545756
"2069",0.500399273650014
"2070",0.706705346723406
"2071",-0.55867225226119
"2072",-0.178396656874231
"2073",0.0659126009284238
"2074",0.558880483435569
"2075",-0.00357203062402846
"2076",-0.335660875132355
"2077",0.730818350695344
"2078",0.781842091345435
"2079",0.160454164139672
"2080",-0.597238808584184
"2081",0.32903323720334
"2082",0.658328584785088
"2083",0.168672594189327
"2084",0.0606771783067715
"2085",1.10100465647115
"2086",0.0763830737890702
"2087",-1.63362873970184
"2088",0.443279137467261
"2089",0.79476884922564
"2090",-0.109776859548412
"2091",0.218289854608737
"2092",0.701994282315048
"2093",-0.438405772415369
"2094",-2.37379040440538
"2095",0.636360052269917
"2096",1.27818065578508
"2097",-1.68660736381637
"2098",1.29568628037712
"2099",-2.42055081829647
"2100",-0.666096404050738
"2101",-3.29925351497054
"2102",-1.55049660865399
"2103",4.29563882312844
"2104",-0.348146370788201
"2105",1.35676515415121
"2106",-1.22977489100705
"2107",-1.90574164565825
"2108",0.103051530046432
"2109",-1.43760640377624
"2110",-0.522180623565156
"2111",-3.9834057302435
"2112",1.4834317408386
"2113",-1.30704600838805
"2114",0.027553307546284
"2115",-0.575534284575359
"2116",3.22688757770605
"2117",-1.25302077516055
"2118",-1.73926226182844
"2119",2.54360500290917
"2120",0.396489912569613
"2121",-3.50958236738966
"2122",-1.37027708420779
"2123",1.0837902603235
"2124",-0.603767839006892
"2125",2.9001484461079
"2126",0.429176950834502
"2127",-0.188465792929666
"2128",2.31441354418879
"2129",-0.0634430876070914
"2130",0.120380051821349
"2131",0.123795324972213
"2132",-0.39425824927924
"2133",-1.62796595959505
"2134",-0.306825868713141
"2135",-1.7024530013406
"2136",0.277688113879264
"2137",-0.211428770852458
"2138",-3.15866080980059
"2139",-1.02427626045246
"2140",-0.332408360612953
"2141",-0.475163037048916
"2142",0.52663484544692
"2143",3.07717244307503
"2144",0.9290336221692
"2145",0.709976285307838
"2146",0.0654260217540491
"2147",1.51835167892293
"2148",-0.0233552146887318
"2149",0.111710934458979
"2150",-2.93212692497307
"2151",0.588573702224397
"2152",1.12735550444173
"2153",-1.29810228037955
"2154",2.21852785340563
"2155",0.810809221738811
"2156",1.1059593804904
"2157",-0.112820601381831
"2158",-0.702440488993557
"2159",-0.424565155370733
"2160",-0.00147911958870552
"2161",2.17051824787064
"2162",-0.488620994028495
"2163",0.595451470943835
"2164",-0.134772770336096
"2165",-0.37892137313585
"2166",0.538972837993927
"2167",-0.606363638496561
"2168",-2.86616639916198
"2169",-0.547161692381366
"2170",-0.411004138135269
"2171",0.00421096140105646
"2172",1.20401212202467
"2173",0.140334785050704
"2174",-1.71587463090799
"2175",-0.374803186024881
"2176",-0.412686889570619
"2177",-1.4697114594932
"2178",0.320564453992638
"2179",-0.779281739731836
"2180",1.637237738241
"2181",-1.49070222658011
"2182",0.0312464712684134
"2183",2.89993211970942
"2184",0.89615743911932
"2185",1.30540254044208
"2186",-1.16157884174915
"2187",0.633969547873885
"2188",0.474226182125086
"2189",0.477321252584744
"2190",1.09908116979508
"2191",-0.0791667542352782
"2192",0.345657261449144
"2193",-0.0442825338043141
"2194",0.0748237721099153
"2195",1.5016954556646
"2196",-0.264571015975819
"2197",-0.49155100700687
"2198",-0.844451243180917
"2199",2.0894501070862
"2200",-0.576188200083501
"2201",0.476039605467597
"2202",-0.266947551657133
"2203",-0.316679813266891
"2204",0.432834294196531
"2205",-0.814575795654655
"2206",2.05684111223225
"2207",-0.0750542353996698
"2208",-0.172628858582542
"2209",0.602530566319419
"2210",0.00675561669340339
"2211",0.373308372536012
"2212",0.701748583048782
"2213",-0.372643997621076
"2214",0.194719545643866
"2215",0.713928069535956
"2216",-1.6083035092341
"2217",1.03907291031608
"2218",0.169402882732299
"2219",0.230811705227622
"2220",0.206629996942602
"2221",-0.00614684820033475
"2222",-0.277249314129009
"2223",0.104581404316455
"2224",-0.0517704469121873
"2225",0.0867752696750367
"2226",0.765104803662779
"2227",0.359295689997878
"2228",1.90208866651963
"2229",0.383680980462813
"2230",-0.22015668898699
"2231",-0.816325181201656
"2232",0.428824860145276
"2233",-0.432955128305797
"2234",-1.19570386333224
"2235",-0.129654703396416
"2236",-1.64164655590267
"2237",0.0133803218853744
"2238",1.51622663553589
"2239",0.245878207745036
"2240",-0.16549337813115
"2241",-1.44653807342937
"2242",1.47343821990275
"2243",-0.757496947464838
"2244",-0.145813511173494
"2245",-0.616708589974941
"2246",2.13083710064851
"2247",1.2658694492037
"2248",0.252157274443003
"2249",-0.137744715749151
"2250",0.0436606441380037
"2251",0.361656474968235
"2252",0.375707026797893
"2253",0.590534691096838
"2254",-0.002996682777774
"2255",0.0832200572329066
"2256",-0.521396588344942
"2257",0.608769667011859
"2258",0.0758085902632531
"2259",0.246683702574983
"2260",0.593364091987574
"2261",0.32955281666555
"2262",-0.172406162114964
"2263",0.0534156952030672
"2264",0.069271274711784
"2265",0.0930283863807156
"2266",-0.158767547362999
"2267",-0.0269152569445664
"2268",1.11729724834208
"2269",-0.139222720140826
"2270",0.491625458231641
"2271",-0.220348645632591
"2272",-0.19248420856351
"2273",-0.145561233180065
"2274",0.363988443230372
"2275",0.888893169913067
"2276",-0.179058637462888
"2277",0.727908835465445
"2278",0.129710448210278
"2279",-1.02455221434073
"2280",-0.137410890180718
"2281",0.233232710482205
"2282",0.574098553855655
"2283",0.0185022545662926
"2284",0.413372483006096
"2285",0.216342761687709
"2286",-1.80920857369985
"2287",0.755498979899165
"2288",1.64774770297613
"2289",-0.280461601620925
"2290",0.227313628359365
"2291",0.280175895859773
"2292",0.614240445246288
"2293",0.409776079221984
"2294",-0.286803447513535
"2295",0.0670882447020448
"2296",0.5413902288861
"2297",0.230380617510633
"2298",-0.331853950998025
"2299",0.615964909461801
"2300",0.299255346629816
"2301",0.184456836952644
"2302",-2.08204902569079
"2303",-0.620911537832243
"2304",-0.10731717461357
"2305",1.04168886225692
"2306",0.546736857355305
"2307",-1.59431873756202
"2308",0.153557187963542
"2309",1.6994074658547
"2310",-0.748376743142416
"2311",-0.845453765481648
"2312",0.880486874024171
"2313",-0.144102397420938
"2314",-1.91295915205603
"2315",0.697719360090836
"2316",-0.614602294505613
"2317",-1.13418664372883
"2318",-1.97658267943537
"2319",1.32309559667935
"2320",0.421479261164641
"2321",1.48041138373906
"2322",-0.363523382770865
"2323",0.283139009886184
"2324",0.921906029140078
"2325",0.307780278377627
"2326",-0.282987376323647
"2327",0.695690214279814
"2328",0.658407371501439
"2329",-0.190947375825197
"2330",0.487231699543382
"2331",0.0266842345782047
"2332",-0.0258415935935409
"2333",0.210293402274491
"2334",-0.159947792498667
"2335",-0.409084591582094
"2336",-0.287556286211761
"2337",-0.788548809863017
"2338",0.0111880344275826
"2339",0.000534708562020961
"2340",0.383936583270177
"2341",-1.11573054032415
"2342",0.563648801066268
"2343",1.33461052723508
"2344",0.518455668676292
"2345",-0.167227305004876
"2346",0.88611778878273
"2347",0.615202818765119
"2348",0.347082088918042
"2349",0.221967897728763
"2350",-0.183257547990874
"2351",-0.346338144529874
"2352",-0.695721513804266
"2353",-0.918957591037846
"2354",0.37343239920397
"2355",0.445546750256624
"2356",0.796328268888906
"2357",-1.12519689099691
"2358",0.480510567440955
"2359",-0.817838069366979
"2360",-0.630201915271329
"2361",-0.0446973014397513
"2362",0.868688007384193
"2363",0.209729367127724
"2364",-0.779634458336205
"2365",-1.20755836363514
"2366",-0.0906085760125143
"2367",0.309982044971739
"2368",0.386700762869789
"2369",0.399425231037014
"2370",1.04586956621603
"2371",-2.3126636294028
"2372",-0.130384149276737
"2373",-0.985990073290151
"2374",-1.08968610434491
"2375",-0.103512242569377
"2376",-0.427409296507559
"2377",0.727211797011733
"2378",-1.41568046657484
"2379",0.059021459426105
"2380",1.24545455726916
"2381",-1.76639451774723
"2382",0.167448399687202
"2383",0.296206469649423
"2384",0.530236339795091
"2385",1.32558153757169
"2386",-0.656779330000597
"2387",-0.291031862856646
"2388",-1.18733758335153
"2389",0.906418008242109
"2390",1.27829026221204
"2391",0.817030413177881
"2392",0.999004949530995
"2393",1.42285102439367
"2394",-0.141538054263653
"2395",0.0922746194361211
"2396",1.0321245514788
"2397",-0.706385324352461
"2398",-1.83344603506382
"2399",-0.452172553290737
"2400",0.302272334217395
"2401",-0.681713802276491
"2402",0.54607035288982
"2403",-0.824139867620961
"2404",1.60987823329141
"2405",-0.0749384500078178
"2406",1.3376863519779
"2407",0.0829124176828942
"2408",-0.573735801287729
"2409",-0.419167306221475
"2410",-2.05961171753598
"2411",-0.331756686735691
"2412",-0.654975332216818
"2413",-0.421912981701251
"2414",-2.5967330807464
"2415",0.492487485749986
"2416",-4.90799745576365
"2417",-0.0653468967872618
"2418",-6.9036667578436
"2419",4.62390440323152
"2420",-4.52351179058169
"2421",4.51722534343408
"2422",0.516950070229309
"2423",2.1472448638583
"2424",-0.986462862370392
"2425",0.086859690674561
"2426",-4.5696945217481
"2427",-1.52010979512885
"2428",0.0179744591168139
"2429",3.36318844463609
"2430",1.29563139455608
"2431",-1.57663094688803
"2432",1.49300564795333
"2433",2.78092456695106
"2434",0.226586532574184
"2435",0.483159577424501
"2436",-1.20208224121348
"2437",-2.56852930006473
"2438",-0.754243018319418
"2439",2.81654835010767
"2440",-1.07472521989272
"2441",-2.7146862153541
"2442",0.686319730518707
"2443",0.900040999690492
"2444",1.33113740187551
"2445",1.69627668675438
"2446",0.561211826502077
"2447",-0.992924942186353
"2448",-0.17407235564771
"2449",-2.99093690415469
"2450",-3.24808374134176
"2451",0.598525628869744
"2452",2.29897733952879
"2453",1.05532820656353
"2454",-2.09865797536007
"2455",0.800317914919251
"2456",-2.53696294313442
"2457",-2.89418834457991
"2458",2.21609946553795
"2459",1.76295127427186
"2460",1.80598820721644
"2461",-0.827513967990197
"2462",3.34772607021889
"2463",0.0465498071987079
"2464",0.966874246017617
"2465",-0.305646794258092
"2466",1.71526759339888
"2467",-1.9638298438171
"2468",2.0134696046308
"2469",-1.28081559890572
"2470",0.446549465342698
"2471",1.85557423939106
"2472",1.27125162477914
"2473",-2.03267697971106
"2474",1.04031331214524
"2475",3.36382806246209
"2476",0.0310816367208021
"2477",-2.51270193207208
"2478",-2.84183818606654
"2479",1.58980304789906
"2480",1.85292704135375
"2481",-0.637812174487025
"2482",0.619765934726206
"2483",1.15889348568793
"2484",-3.74636299445455
"2485",0.850081697195708
"2486",1.92229322839254
"2487",-0.967441655992414
"2488",0.472723794654832
"2489",-1.68341165421169
"2490",-1.70209855206063
"2491",-0.0473109709546128
"2492",-1.8902871800979
"2493",-0.422782525958916
"2494",-2.24213083524776
"2495",-0.276746075592211
"2496",2.87427388707042
"2497",0.213295978734844
"2498",4.23250834867985
"2499",-0.198880274566833
"2500",-0.0319411378902969
"2501",1.01561846517739
"2502",0.102678907705449
"2503",0.193795260763145
"2504",-2.14468085787412
"2505",1.66641026584028
"2506",-1.51047470429771
"2507",-0.880229793086891
"2508",-1.14915602599626
"2509",0.315947138456234
"2510",0.313262392697193
"2511",-1.18804873308423
"2512",2.93108991889325
"2513",0.186933390599779
"2514",0.815321646300375
"2515",0.8916178362442
"2516",6.90492929210449e-05
"2517",-1.26348126847991
"2518",1.05718315704972
"2519",-0.437887301390056
"2520",1.52770812242273
"2521",0.0109576847598868
"2522",0.286104800763158
"2523",-0.261852226985255
"2524",0.218079119257168
"2525",0.876818234724979
"2526",0.0231193293809427
"2527",0.225553047613462
"2528",-0.50385150842643
"2529",0.346826013311545
"2530",1.09683560853486
"2531",0.484819442964628
"2532",0.0590894930211293
"2533",0.0392898483152203
"2534",-0.110469954697508
"2535",0.855579078530038
"2536",-0.584130082584384
"2537",-0.167241057299112
"2538",-0.260368705963672
"2539",-0.0535406884925328
"2540",0.87819521804559
"2541",0.101615539684434
"2542",1.44214001131792
"2543",-0.0502250322064703
"2544",0.194293143691986
"2545",0.207960896657659
"2546",0.13946951556673
"2547",-0.698850682158565
"2548",0.669868263704181
"2549",-0.10182877062584
"2550",-0.547607014668767
"2551",1.08869853779054
"2552",0.226788184407549
"2553",0.0641340934306166
"2554",-0.342408841439508
"2555",0.418461985460332
"2556",0.159248252541537
"2557",0.127532324311257
"2558",0.327231220591322
"2559",-0.482658009423649
"2560",0.606088359704742
"2561",-0.332940061831562
"2562",-0.395550187856426
"2563",-1.55678645843767
"2564",0.679857005781919
"2565",0.969169061022483
"2566",0.354636445496641
"2567",0.00821320028154147
"2568",1.78908059890294
"2569",-0.127537123018702
"2570",0.58711669690578
"2571",0.104038662313914
"2572",0.388766565937952
"2573",-0.308337978147428
"2574",-0.195128360026804
"2575",-0.731098197108289
"2576",0.302573037620639
"2577",1.37119454341492
"2578",-0.289909383832072
"2579",-0.503210979884223
"2580",-0.16875541799853
"2581",0.361331814856196
"2582",0.739824064209198
"2583",-0.407492489841606
"2584",-1.03332326262849
"2585",-0.0707573793313833
"2586",-1.15017712567592
"2587",-1.73073725963431
"2588",0.73429560305837
"2589",1.36069882539799
"2590",-1.2631850111512
"2591",-0.0582018046939871
"2592",1.52895817245315
"2593",-0.414186042307947
"2594",-0.603043396842413
"2595",0.109025613375884
"2596",-0.852138613670779
"2597",0.359466097961885
"2598",1.3474026526748
"2599",0.657958680075559
"2600",0.233307326506764
"2601",-0.396943431503278
"2602",0.556416122539331
"2603",-0.257822271750226
"2604",-0.776660787338586
"2605",-1.63573536377409
"2606",0.0272196686425795
"2607",-0.436620088960134
"2608",-0.680315372379987
"2609",0.243588500461793
"2610",-0.347144650001348
"2611",-1.12533811878931
"2612",-0.584078935566208
"2613",-0.449189225064057
"2614",-1.52440864735478
"2615",-0.74935275845694
"2616",1.58303320463743
"2617",0.0407870514848406
"2618",0.161394817902909
"2619",0.130069123156022
"2620",-0.224623642717277
"2621",1.09396443888545
"2622",-1.45168925771338
"2623",-0.235760557050153
"2624",-2.50296966673143
"2625",0.00311995869669999
"2626",0.563221946479657
"2627",2.27094351842686
"2628",-0.0184796171963276
"2629",0.800305043947318
"2630",-1.27787762174665
"2631",1.15050532228317
"2632",-0.712633037393158
"2633",1.06782775812603
"2634",1.02064155855809
"2635",0.136531956904366
"2636",0.968953343483363
"2637",-0.176608882571767
"2638",-2.2591595922416
"2639",0.707064482103952
"2640",-1.61618026109543
"2641",0.468301610759585
"2642",0.886645520131928
"2643",-0.219041321920373
"2644",2.45364608831841
"2645",0.237797294836432
"2646",0.613442735439811
"2647",-0.477633236899362
"2648",-0.955582758862701
"2649",-0.171844479051349
"2650",-0.823746598374549
"2651",-0.00932462798418201
"2652",-0.507795521934302
"2653",1.62844078200385
"2654",-0.239532227117441
"2655",0.730399725467972
"2656",0.657994906359576
"2657",0.263509234432273
"2658",-1.0190975673732
"2659",-0.902730553364724
"2660",-0.916041666327978
"2661",-0.0392215040113732
"2662",1.63273223018787
"2663",1.88225128386443
"2664",-0.0561869981094822
"2665",-0.44044357297149
"2666",-0.311341713671027
"2667",-0.747945263129186
"2668",1.87829580549505
"2669",0.224823056107464
"2670",0.501542900479961
"2671",0.0542300127864757
"2672",0.0335207143365922
"2673",0.210775179690052
"2674",-0.133101526979325
"2675",-0.0206540453104266
"2676",0.106067189202246
"2677",0.699709718151336
"2678",0.179202938607819
"2679",-0.0099491546335996
"2680",-0.358203161926636
"2681",0.0148078478324253
"2682",-0.818331231463561
"2683",0.635561638912356
"2684",-0.0567426568401542
"2685",-0.0886922383741619
"2686",0.0765697383963081
"2687",-0.791475984814689
"2688",0.498214990325578
"2689",-0.124496601081987
"2690",-0.114656875969506
"2691",2.01511611204307
"2692",0.396342386674024
"2693",-0.624508149314036
"2694",0.305164332680323
"2695",0.201216853697132
"2696",1.6099882479233
"2697",0.38727781280891
"2698",-0.320786658631651
"2699",-0.135893557766516
"2700",0.110644436805056
"2701",-0.061919041151033
"2702",-0.0153669039347838
"2703",-0.231348055471277
"2704",-1.06356928052399
"2705",-0.58315765993407
"2706",0.952433621371333
"2707",-0.456615902068987
"2708",0.256969778100184
"2709",0.0793562815680703
"2710",0.353952687237029
"2711",0.707046114445624
"2712",-0.0399998294009342
"2713",-0.354102758737291
"2714",-1.00185023828242
"2715",-0.628564716833264
"2716",0.0117098041934648
"2717",-0.304888203603178
"2718",0.796710628567936
"2719",1.01391918521007
"2720",0.4030275783436
"2721",-0.252501017823932
"2722",-1.67884643210433
"2723",0.0361145104148684
"2724",-1.46275992156498
"2725",-0.316850000066744
"2726",0.291274853166417
"2727",-0.0807563955122893
"2728",0.00774646977103486
"2729",1.07889235960694
"2730",-0.950204480907442
"2731",0.208309277655043
"2732",0.774416860703357
"2733",-2.40688320833996
"2734",-1.23582565454002
"2735",0.161893891144398
"2736",0.00521033031365845
"2737",-0.407172071067248
"2738",-1.40271790767071
"2739",-0.167312784051028
"2740",0.474990152158809
"2741",1.95890326171104
"2742",0.0584797626625709
"2743",0.223917766900488
"2744",1.28638686538866
"2745",-0.210999187191281
"2746",-0.531856117483038
"2747",0.774691362999806
"2748",0.418228899501176
"2749",0.0084084772097691
"2750",-0.483479067609534
"2751",-0.178967535902992
"2752",0.15052844175442
"2753",0.322286093632378
"2754",0.283832128439758
"2755",0.0260093801759774
"2756",0.644925252350041
"2757",0.0369791917687644
"2758",-0.641980640141189
"2759",-0.422231614184494
"2760",1.17223300399575
"2761",1.1342811275284
"2762",-0.769649652322209
"2763",0.539484893753588
"2764",-0.950133925820957
"2765",-0.252162300910392
"2766",-0.487723903196209
"2767",-0.129753580231935
"2768",-1.11898383404595
"2769",1.67217695014964
