"month","YoYCPI","YoYCPIDetrend"
"1955-02-01","-0.743494423791819","-1.4169763092608352"
"1955-03-01","-0.743494423791819","-1.4674485472815404"
"1955-04-01","-0.3731343283582142","-1.1475497564094643"
"1955-05-01","-0.743494423791819","-1.568337966580787"
"1955-06-01","-0.743494423791819","-1.618701780579471"
"1955-07-01","-0.3717472118959029","-1.2972108696547817"
"1955-08-01","-0.3717472118959029","-1.3473039553272543"
"1955-09-01","0.373134328358201","-0.6522865738324422"
"1955-10-01","0.373134328358201","-0.7018456982002725"
"1955-11-01","0.373134328358201","-0.7510186476229468"
"1955-12-01","0.3745318352059978","-0.7983213592229059"
"1956-01-01","0.3745318352059978","-0.8464564957690099"
"1956-02-01","0.3745318352059978","-0.8939280395996962"
"1956-03-01","0.3745318352059978","-0.9406309486010782"
"1956-04-01","0.7490636704119824","-0.6119214478603856"
"1956-05-01","1.1235955056179805","-0.28221217492195394"
"1956-06-01","1.872659176029963","0.42315262469793313"
"1956-07-01","2.238805970149245","0.7468503363414145"
"1956-08-01","1.8656716417910448","0.3326395455979829"
"1956-09-01","1.858736059479554","0.28611719003202807"
"1956-10-01","2.23048327137547","0.6198818201812857"
"1956-11-01","2.23048327137547","0.5836157246251028"
"1956-12-01","2.985074626865674","1.3037649823935349"
"1957-01-01","2.985074626865674","1.2712498909423564"
"1957-02-01","3.3582089552238754","1.6138890826411685"
"1957-03-01","3.7313432835820897","1.9586313686260424"
"1957-04-01","3.717472118959108","1.918541942562168"
"1957-05-01","3.703703703703704","1.8807846205483567"
"1957-06-01","3.3088235294117725","1.464185664366167"
"1957-07-01","3.284671532846723","1.4206112687376633"
"1957-08-01","3.663003663003663","1.781832342887714"
"1957-09-01","3.284671532846723","1.3887044985035097"
"1957-10-01","2.909090909090912","1.0006337523167688"
"1957-11-01","3.272727272727268","1.3540651200227514"
"1957-12-01","2.8985507246376705","0.9719405162681123"
"1958-01-01","3.623188405797101","1.690848447759276"
"1958-02-01","3.249097472924196","1.3131999374052994"
"1958-03-01","3.597122302158273","1.6597801808657995"
"1958-04-01","3.584229390681004","1.64748636212718"
"1958-05-01","3.214285714285709","1.2801033368416534"
"1958-06-01","2.846975088967961","0.917220088777557"
"1958-07-01","2.4734982332155453","0.5499326268548765"
"1958-08-01","2.120141342756176","0.2044153599180274"
"1958-09-01","2.120141342756176","0.21378918294272786"
"1958-10-01","2.120141342756176","0.22457959799999183"
"1958-11-01","2.1126760563380333","0.2292020615941659"
"1958-12-01","1.7605633802816902","-0.10964651943958637"
"1959-01-01","1.3986013986013937","-0.45729081956622264"
"1959-02-01","1.048951048951039","-0.7916918135730924"
"1959-03-01","0.3472222222222148","-1.4773579945313062"
"1959-04-01","0.3460207612456796","-1.4617957948396743"
"1959-05-01","0.3460207612456796","-1.444431995136278"
"1959-06-01","0.6920415224913593","-1.0805368917257598"
"1959-07-01","0.6896551724137907","-1.0646168084422318"
"1959-08-01","1.0380622837370268","-0.6975412863508088"
"1959-09-01","1.3840830449827064","-0.33255203608315176"
"1959-10-01","1.7301038062283738","0.03268077554799542"
"1959-11-01","1.3793103448275814","-0.2987110250061693"
"1959-12-01","1.7301038062283738","0.07161950463356548"
"1960-01-01","1.0344827586206922","-0.6043809655426715"
"1960-02-01","1.7301038062283738","0.11089171786950924"
"1960-03-01","1.7301038062283738","0.13052662466099108"
"1960-04-01","1.7241379310344829","0.14413028421352125"
"1960-05-01","1.7241379310344829","0.16358479673295645"
"1960-06-01","1.718213058419244","0.17694865211185085"
"1960-07-01","1.3698630136986374","-0.15233047366661134"
"1960-08-01","1.3698630136986374","-0.13353075364767886"
"1960-09-01","1.0238907849829375","-0.46102667574942524"
"1960-10-01","1.360544217687082","-0.10627153398818279"
"1960-11-01","1.360544217687082","-0.08859204933522058"
"1960-12-01","1.360544217687082","-0.07138159593726967"
"1961-01-01","1.706484641638225","0.2912541268865654"
"1961-02-01","1.360544217687082","-0.03855172520347261"
"1961-03-01","1.360544217687082","-0.023025700171507957"
"1961-04-01","1.0169491525423753","-0.35175080946392945"
"1961-05-01","1.0169491525423753","-0.3375842674744225"
"1961-06-01","0.6756756756756732","-0.665439246770879"
"1961-07-01","1.3513513513513464","0.02286485631617441"
"1961-08-01","1.0135135135135038","-0.30317151544666876"
"1961-09-01","1.3513513513513464","0.04560375952591733"
"1961-10-01","0.671140939597313","-0.62456797235112"
"1961-11-01","0.671140939597313","-0.6154631299302235"
"1961-12-01","0.671140939597313","-0.6073223859664608"
"1962-01-01","0.671140939597313","-0.6001712525169626"
"1962-02-01","1.0067114093959757","-0.25846008571067425"
"1962-03-01","1.0067114093959757","-0.253346020121507"
"1962-04-01","1.342281879194626","0.08629768316205189"
"1962-05-01","1.342281879194626","0.08931783868730236"
"1962-06-01","1.342281879194626","0.0912720045203117"
"1962-07-01","1.0000000000000024","-0.25013529944698054"
"1962-08-01","1.337792642140475","0.08743802214241447"
"1962-09-01","1.3333333333333286","0.08165312188937301"
"1962-10-01","1.3333333333333286","0.07920820975615639"
"1962-11-01","1.3333333333333286","0.07563029710359226"
"1962-12-01","1.3333333333333286","0.07090509292519709"
"1963-01-01","1.3333333333333286","0.06501772264737937"
"1963-02-01","0.996677740863778","-0.27870282788020184"
"1963-03-01","1.328903654485045","0.04526461654207248"
"1963-04-01","0.993377483443711","-0.2997273077151825"
"1963-05-01","0.993377483443711","-0.3104144670880151"
"1963-06-01","1.3245033112582851","0.008790985767539894"
"1963-07-01","1.3201320132013157","-0.00874331709055376"
"1963-08-01","1.3201320132013157","-0.023158433821380386"
"1963-09-01","0.9868421052631604","-0.3721249850437973"
"1963-10-01","1.3157894736842175","-0.060125022392550465"
"1963-11-01","1.3157894736842175","-0.07834955524526133"
"1963-12-01","1.6447368421052633","0.23109025257046234"
"1964-01-01","1.6447368421052633","0.21029436809185675"
"1964-02-01","1.6447368421052633","0.18820308051549484"
"1964-03-01","1.3114754098360608","-0.16845374429402815"
"1964-04-01","1.3114754098360608","-0.19316339584877285"
"1964-05-01","1.3114754098360608","-0.21919616067099867"
"1964-06-01","1.3071895424836557","-0.25084526990786693"
"1964-07-01","1.3029315960912122","-0.28380260771336774"
"1964-08-01","0.9771986970684062","-0.6395747846096921"
"1964-09-01","1.3029315960912122","-0.345222597017798"
"1964-10-01","0.9740259740259763","-0.7068469761776498"
"1964-11-01","1.298701298701294","-0.41622240261235555"
"1964-12-01","0.9708737864077692","-0.7794211543168406"
"1965-01-01","0.9708737864077692","-0.8160981647216548"
"1965-02-01","0.9708737864077692","-0.8540602147611227"
"1965-03-01","1.2944983818770297","-0.5696556805530435"
"1965-04-01","1.6181229773462784","-0.2864755391829559"
"1965-05-01","1.6181229773462784","-0.3281063722450013"
"1965-06-01","1.9354838709677464","-0.05352246631395996"
"1965-07-01","1.607717041800643","-0.4251696817803978"
"1965-08-01","1.9354838709677464","-0.14234346852007063"
"1965-09-01","1.607717041800643","-0.516064693569664"
"1965-10-01","1.9292604501607649","-0.2414419131067862"
"1965-11-01","1.6025641025641026","-0.6159735906738262"
"1965-12-01","1.923076923076928","-0.3441574092851669"
"1966-01-01","1.923076923076928","-0.3936572117611312"
"1966-02-01","2.5641025641025665","0.1971262647742993"
"1966-03-01","2.5559105431309925","0.13801355611431454"
"1966-04-01","2.8662420382165563","0.39680815809331316"
"1966-05-01","2.8662420382165563","0.3447163124292256"
"1966-06-01","2.531645569620244","-0.042468763319405856"
"1966-07-01","2.84810126582278","0.22095709546377895"
"1966-08-01","3.4810126582278524","0.8004532790947425"
"1966-09-01","3.4810126582278524","0.7467068529622907"
"1966-10-01","3.785488958990534","0.9971534878935606"
"1966-11-01","3.785488958990534","0.9428827983956221"
"1966-12-01","3.459119496855339","0.5620361450428377"
"1967-01-01","3.459119496855339","0.5073796987222399"
"1967-02-01","2.812499999999996","-0.19405258963871752"
"1967-03-01","2.8037383177570048","-0.25776441362115854"
"1967-04-01","2.4767801857585274","-0.6397895453223756"
"1967-05-01","2.786377708978346","-0.385353398575095"
"1967-06-01","2.7777777777777737","-0.44918166517678726"
"1967-07-01","2.7692307692307647","-0.5129935768064278"
"1967-08-01","2.446483180428125","-0.8910087792182289"
"1967-09-01","2.752293577981647","-0.6404308903616451"
"1967-10-01","2.4316109422492533","-1.0162662393722606"
"1967-11-01","2.735562310030391","-0.7673381573477567"
"1967-12-01","3.0395136778115504","-0.5182231741382815"
"1968-01-01","3.647416413373869","0.03509347251977779"
"1968-02-01","3.951367781155029","0.2847764401821813"
"1968-03-01","3.9393939393939306","0.21891900942294118"
"1968-04-01","3.9274924471299006","0.15358366426742043"
"1968-05-01","3.9156626506024006","0.08883298675122919"
"1968-06-01","4.204204204204221","0.3250286820041679"
"1968-07-01","4.491017964071856","0.5601329714600265"
"1968-08-01","4.477611940298507","0.49571272257194465"
"1968-09-01","4.464285714285714","0.432122052087732"
"1968-10-01","4.747774480712149","0.6661468650884803"
"1968-11-01","4.733727810650892","0.6034841087745999"
"1968-12-01","4.719764011799414","0.5417943269487813"
"1969-01-01","4.39882697947214","0.17405899451748663"
"1969-02-01","4.678362573099398","0.4077573699912991"
"1969-03-01","5.24781341107873","0.932364127800219"
"1969-04-01","5.523255813953485","1.1639844982440515"
"1969-05-01","5.50724637681159","1.1051967919995276"
"1969-06-01","5.475504322766566","1.0317329664071035"
"1969-07-01","5.444126074498564","0.9596936506208396"
"1969-08-01","5.714285714285714","1.1902491724902609"
"1969-09-01","5.698005698005698","1.1354108284208388"
"1969-10-01","5.6657223796034","1.0655946288638596"
"1969-11-01","5.932203389830513","1.2955391001913945"
"1969-12-01","6.197183098591557","1.5249412857475653"
"1970-01-01","6.179775280898864","1.4728676375406309"
"1970-02-01","6.145251396648053","1.4045305259398688"
"1970-03-01","5.817174515235461","1.0434225660958543"
"1970-04-01","6.0606060606060685","1.2545238902809022"
"1970-05-01","6.043956043956052","1.2061551669184807"
"1970-06-01","6.010928961748622","1.1419218697308002"
"1970-07-01","5.978260869565226","1.0784517248054755"
"1970-08-01","5.405405405405405","0.4750812295226785"
"1970-09-01","5.660377358490569","0.699699711097681"
"1970-10-01","5.630026809651479","0.6390281226048788"
"1970-11-01","5.600000000000004","0.5785781784822506"
"1970-12-01","5.570291777188314","0.5182052689355245"
"1971-01-01","5.291005291005291","0.2078686219693493"
"1971-02-01","4.9999999999999964","-0.11472022414889871"
"1971-03-01","4.712041884816746","-0.43494481298113374"
"1971-04-01","4.15584415584416","-1.0242405731580533"
"1971-05-01","4.404145077720196","-0.8100145230053588"
"1971-06-01","4.63917525773197","-0.610173435108754"
"1971-07-01","4.358974358974367","-0.9268087761341093"
"1971-08-01","4.615384615384608","-0.7082047337766042"
"1971-09-01","4.0816326530612095","-1.2812539522678383"
"1971-10-01","3.807106598984772","-1.5966821104146263"
"1971-11-01","3.2828282828282758","-2.163571298112637"
"1971-12-01","3.266331658291468","-2.2244791611527597"
"1972-01-01","3.266331658291468","-2.2707656718855334"
"1972-02-01","3.508771929824558","-2.076544924391275"
"1972-03-01","3.4999999999999964","-2.135509611297266"
"1972-04-01","3.491271820448874","-2.19642797798577"
"1972-05-01","3.225806451612914","-2.516088683330803"
"1972-06-01","2.7093596059113336","-3.088726786482141"
"1972-07-01","2.9484029484029377","-2.9078419796854402"
"1972-08-01","2.9411764705882426","-2.9751417959762296"
"1972-09-01","3.1862745098039325","-2.791956985501563"
"1972-10-01","3.4229828850855712","-2.618903860368593"
"1972-11-01","3.6674816625916873","-2.4396829426835303"
"1972-12-01","3.4063260340632566","-2.7675994213786246"
"1973-01-01","3.6496350364963503","-2.592375815416965"
"1973-02-01","3.8740920096852336","-2.437148986029644"
"1973-03-01","4.589371980676325","-1.792044104295786"
"1973-04-01","5.060240963855425","-1.3920765487932085"
"1973-05-01","5.528846153846147","-0.9948666903611114"
"1973-06-01","5.995203836930456","-0.6001550668489486"
"1973-07-01","5.727923627684961","-0.9390812113710165"
"1973-08-01","7.380952380952384","0.6425572140506306"
"1973-09-01","7.3634204275534465","0.5541532693689444"
"1973-10-01","7.801418439716324","0.922055397941131"
"1973-11-01","8.254716981132075","1.3062876587132868"
"1973-12-01","8.705882352941183","1.689662733455946"
"1974-01-01","9.389671361502348","2.307173729777782"
"1974-02-01","10.023310023310032","2.8762699279021344"
"1974-03-01","10.392609699769054","3.182968150696267"
"1974-04-01","10.091743119266052","2.8216243945684596"
"1974-05-01","10.706150341685657","3.3778374274855505"
"1974-06-01","10.859728506787324","3.475641325496036"
"1974-07-01","11.512415349887137","4.075084696644645"
"1974-08-01","10.864745011086471","3.3767857355412936"
"1974-09-01","11.946902654867252","4.410982217621688"
"1974-10-01","12.06140350877193","4.480215925936578"
"1974-11-01","12.200435729847497","4.576667537684633"
"1974-12-01","12.337662337662326","4.6739580230185735"
"1975-01-01","11.802575107296136","4.101501793809735"
"1975-02-01","11.22881355932203","3.4928249429319216"
"1975-03-01","10.251046025104616","2.4824507266600575"
"1975-04-01","10.20833333333333","2.409267947784145"
"1975-05-01","9.465020576131687","1.637430517815873"
"1975-06-01","9.38775510204082","1.5333760146540856"
"1975-07-01","9.71659919028341","1.8369443123844436"
"1975-08-01","8.599999999999994","0.6963483334054095"
"1975-09-01","7.905138339920948","-0.0214795242477388"
"1975-10-01","7.436399217221129","-0.5124080371533744"
"1975-11-01","7.378640776699023","-0.5918326785291681"
"1975-12-01","6.936416184971101","-1.0554499460090883"
"1976-01-01","6.717850287907869","-1.2953800913628895"
"1976-02-01","6.28571428571428","-1.7490888681219774"
"1976-03-01","6.072106261859574","-1.9847051513367138"
"1976-04-01","6.0491493383742965","-2.0303192814400743"
"1976-05-01","6.203007518796987","-1.8999654032740825"
"1976-06-01","5.970149253731335","-2.1573575485717695"
"1976-07-01","5.350553505535053","-2.8026845770852633"
"1976-08-01","5.709023941068143","-2.4712939977870256"
"1976-09-01","5.494505494505495","-2.7143704266820246"
"1976-10-01","5.46448087431694","-2.774541636853768"
"1976-11-01","4.882459312839065","-3.388387933302748"
"1976-12-01","4.86486486486487","-3.43955339007276"
"1977-01-01","5.215827338129494","-3.123950183296839"
"1977-02-01","5.913978494623664","-2.4629619950886186"
"1977-03-01","6.440071556350628","-1.9758269429953268"
"1977-04-01","6.951871657754008","-1.5047522277874386"
"1977-05-01","6.725663716814155","-1.7734100211204362"
"1977-06-01","6.866197183098602","-1.6769963523201215"
"1977-07-01","6.830122591943955","-1.7587924812239217"
"1977-08-01","6.620209059233457","-2.0159481473359646"
"1977-09-01","6.597222222222217","-2.0876029978588653"
"1977-10-01","6.390328151986188","-2.3444806910189344"
"1977-11-01","6.72413793103448","-2.0618437655614983"
"1977-12-01","6.701030927835049","-2.1371683841442444"
"1978-01-01","6.837606837606837","-2.053694473385561"
"1978-02-01","6.429780033840943","-2.5153307911348914"
"1978-03-01","6.554621848739494","-2.4448132901226796"
"1978-04-01","6.499999999999998","-2.5540621291673844"
"1978-05-01","6.965174129353239","-2.143586678754118"
"1978-06-01","7.413509060955518","-1.7497714196729577"
"1978-07-01","7.70491803278689","-1.5124358788695593"
"1978-08-01","7.843137254901956","-1.4275631098923416"
"1978-09-01","8.306188925081436","-1.0168385085336826"
"1978-10-01","8.928571428571418","-0.44546026797313054"
"1978-11-01","8.885298869143792","-0.538103016888293"
"1978-12-01","9.017713365539452","-0.45310993179434433"
"1979-01-01","9.279999999999996","-0.23597707367630427"
"1979-02-01","9.856915739268674","0.29837487720106814"
"1979-03-01","10.09463722397476","0.49644673526979943"
"1979-04-01","10.48513302034428","0.8505289382833805"
"1979-05-01","10.852713178294572","1.1852495770790838"
"1979-06-01","10.88957055214723","1.193112984175162"
"1979-07-01","11.263318112633169","1.5420344630549074"
"1979-08-01","11.818181818181817","2.0765330987814252"
"1979-09-01","12.18045112781954","2.4231795786006867"
"1979-10-01","12.071535022354707","2.303648088908739"
"1979-11-01","12.611275964391693","2.8380276005243292"
"1979-12-01","13.29394387001477","3.5208167626836975"
"1980-01-01","13.90922401171303","4.141907682666785"
"1980-02-01","14.182344428364706","4.426708067346665"
"1980-03-01","14.756446991404008","5.018507496988169"
"1980-04-01","14.730878186968846","5.016766009861778"
"1980-05-01","14.405594405594403","4.721514825583565"
"1980-06-01","14.384508990318126","4.736703406657597"
"1980-07-01","13.132694938440508","3.527404438409432"
"1980-08-01","12.872628726287264","3.3160575365524565"
"1980-09-01","12.6005361930295","3.0988244620186034"
"1980-10-01","12.765957446808503","3.3251556578462846"
"1980-11-01","12.648221343873509","3.2742664044992758"
"1980-12-01","12.516297262059966","3.2149868469623115"
"1981-01-01","11.82519280205656","2.6021600886720826"
"1981-02-01","11.406844106463875","2.2675329679799106"
"1981-03-01","10.486891385767798","1.4365363127266573"
"1981-04-01","9.999999999999991","1.0436086039026087"
"1981-05-01","9.7799511002445","0.9222930291653011"
"1981-06-01","9.55259975816202","0.7981986442133948"
"1981-07-01","10.76178960096734","2.1149159438410887"
"1981-08-01","10.804321728691477","2.2689867367186434"
"1981-09-01","10.952380952380954","2.5323202237359705"
"1981-10-01","10.141509433962277","1.84016544904925"
"1981-11-01","9.590643274853804","1.4111458567986173"
"1981-12-01","8.922363847045194","0.8675159628880333"
"1982-01-01","8.390804597701147","0.4630714699253833"
"1982-02-01","7.62229806598406","-0.17619952127975758"
"1982-03-01","6.779661016949152","-0.887828257107321"
"1982-04-01","6.509539842873189","-1.0255149971514799"
"1982-05-01","6.6815144766147","-0.7200196098979674"
"1982-06-01","7.064017660044157","-0.20324124189621262"
"1982-07-01","6.4410480349345045","-0.6915075840863043"
"1982-08-01","5.850487540628392","-1.1472614616191672"
"1982-09-01","5.042918454935625","-1.8202400254719064"
"1982-10-01","5.139186295503209","-1.5899083344583325"
"1982-11-01","4.589114194236923","-2.006739788071557"
"1982-12-01","3.829787234042547","-2.6339335669934685"
"1983-01-01","3.711558854718982","-2.621405010909534"
"1983-02-01","3.488372093023268","-2.7154595389856033"
"1983-03-01","3.597883597883604","-2.4786687313258544"
"1983-04-01","3.898840885142243","-2.052492348500511"
"1983-05-01","3.5490605427975006","-2.279301953393403"
"1983-06-01","2.577319587628866","-3.1304928429748684"
"1983-07-01","2.4615384615384674","-3.128299301886176"
"1983-08-01","2.55885363357216","-2.9157154325875005"
"1983-09-01","2.860061287027576","-2.502051485175339"
"1983-10-01","2.851323828920567","-2.4012289882237066"
"1983-11-01","3.2653061224489823","-1.8806477081718036"
"1983-12-01","3.79098360655738","-1.2513783077106657"
"1984-01-01","4.192229038854815","-0.7495796196962452"
"1984-02-01","4.59652706843718","-0.24778892980083533"
"1984-03-01","4.800817160367711","0.05091707606397122"
"1984-04-01","4.563894523326573","-0.09468063244486569"
"1984-05-01","4.233870967741939","-0.33648487680105443"
"1984-06-01","4.221105527638194","-0.26415052432165265"
"1984-07-01","4.204204204204193","-0.19908287882531983"
"1984-08-01","4.291417165668659","-0.03304103889235854"
"1984-09-01","4.270109235352529","0.021332088122468562"
"1984-10-01","4.257425742574255","0.08117435580820054"
"1984-11-01","4.05138339920948","-0.05550516428838126"
"1984-12-01","3.948667324777888","-0.09202961932179177"
"1985-01-01","3.532875368007845","-0.44480899895727743"
"1985-02-01","3.5156249999999942","-0.40223296038272816"
"1985-03-01","3.703703703703715","-0.1575177167690942"
"1985-04-01","3.685741998060147","-0.12203334164617852"
"1985-05-01","3.7717601547388697","0.014241059599136463"
"1985-06-01","3.760848601735768","0.05039747952156581"
"1985-07-01","3.554274735830935","-0.11229523042468781"
"1985-08-01","3.349282296650718","-0.2765922648086083"
"1985-09-01","3.14285714285714","-0.4455058326879606"
"1985-10-01","3.228869895536568","-0.3251612464965916"
"1985-11-01","3.51377018043685","-0.009101376461862376"
"1985-12-01","3.798670465337132","0.303796258180399"
"1986-01-01","3.886255924170611","0.4162269145750854"
"1986-02-01","3.1132075471698086","-0.3351206779405169"
"1986-03-01","2.255639097744353","-1.1741282284794394"
"1986-04-01","1.5902712815715514","-1.8240679180793342"
"1986-05-01","1.4911463187325336","-1.9108813537426383"
"1986-06-01","1.7657992565055816","-1.627003240676503"
"1986-07-01","1.576994434137294","-1.8096242476648723"
"1986-08-01","1.5740740740740766","-1.8093446062545322"
"1986-09-01","1.754385964912286","-1.6287450186922603"
"1986-10-01","1.4719411223551004","-1.913728999125678"
"1986-11-01","1.2844036697247758","-2.1065343866063366"
"1986-12-01","1.0978956999085112","-2.3009262841933813"
"1987-01-01","1.459854014598548","-1.9493388320175613"
"1987-02-01","2.104300091491306","-1.317603740144612"
"1987-03-01","3.033088235294115","-0.40370485043466653"
"1987-04-01","3.775322283609584","0.3216336948429461"
"1987-05-01","3.856749311294755","0.3843341056798937"
"1987-06-01","3.65296803652968","0.16016775364937796"
"1987-07-01","3.926940639269404","0.4122665065586566"
"1987-08-01","4.284412032816776","0.7465437297004947"
"1987-09-01","4.355716878402901","0.7934993552271901"
"1987-10-01","4.533091568449683","0.9455292861135529"
"1987-11-01","4.528985507246377","0.915236314521537"
"1987-12-01","4.434389140271499","0.7937569780516913"
"1988-01-01","4.046762589928058","0.37869042922046026"
"1988-02-01","3.942652329749109","0.2467160470062928"
"1988-03-01","3.9250669045495146","0.2009723596753945"
"1988-04-01","3.9041703637976855","0.15175149647431718"
"1988-05-01","3.8903625110521713","0.10957979002710028"
"1988-06-01","3.9647577092511015","0.15569696141532186"
"1988-07-01","4.130052724077332","0.2929242889422152"
"1988-08-01","4.020979020979016","0.15611654931086516"
"1988-09-01","4.173913043478258","0.2817712370800285"
"1988-10-01","4.249783174327845","0.33093658143614046"
"1988-11-01","4.2461005199306685","0.3012413610549616"
"1988-12-01","4.419410745233964","0.44934635963359293"
"1989-01-01","4.667242869490052","0.6728933907810033"
"1989-02-01","4.827586206896547","0.8099810958727547"
"1989-03-01","4.978540772532187","0.9388136250869028"
"1989-04-01","5.123825789923143","1.063208087194801"
"1989-05-01","5.361702127659573","1.2815159920994992"
"1989-06-01","5.169491525423724","1.0711415170300294"
"1989-07-01","4.978902953586503","0.8638661816634059"
"1989-08-01","4.705882352941171","0.5757002111181553"
"1989-09-01","4.340567612687815","0.1968391132855114"
"1989-10-01","4.492512479201324","0.3368898111002512"
"1989-11-01","4.655029093931844","0.489216103752093"
"1989-12-01","4.64730290456431","0.47305249720711995"
"1990-01-01","5.202312138728334","1.021422502560478"
"1990-02-01","5.263157894736847","1.0774688514942081"
"1990-03-01","5.233033524121007","1.0444186475621038"
"1990-04-01","4.71161657189278","0.5219748739959025"
"1990-05-01","4.36187399030694","0.17312186248428496"
"1990-06-01","4.67365028203063","0.4877174675443987"
"1990-07-01","4.823151125401929","0.6419793835474863"
"1990-08-01","5.617977528089888","1.4435168709437"
"1990-09-01","6.159999999999991","1.994203738875"
"1990-10-01","6.289808917197457","2.134622524395617"
"1990-11-01","6.274821286735508","2.1321670081732593"
"1990-12-01","6.106264869151481","1.978025253506936"
"1991-01-01","5.651491365777071","1.5394928125840863"
"1991-02-01","5.312500000000009","1.2184974971076477"
"1991-03-01","4.895104895104905","0.820770139874873"
"1991-04-01","4.887509697439863","0.8344216947596479"
"1991-05-01","4.953560371517033","0.9231991006969729"
"1991-06-01","4.6959199384141606","0.689659914748443"
"1991-07-01","4.447852760736183","0.4669559120529927"
"1991-08-01","3.799392097264438","-0.15499755752400102"
"1991-09-01","3.3911077618688776","-0.5357521920834256"
"1991-10-01","2.921348314606746","-0.9770797475700665"
"1991-11-01","2.989536621823617","-0.87967353975001"
"1991-12-01","3.064275037369203","-0.7750398576896202"
"1992-01-01","2.600297176820208","-1.2085469411238"
"1992-02-01","2.818991097922836","-0.9589026073721332"
"1992-03-01","3.1851851851851936","-0.5613650217844235"
"1992-04-01","3.1804733727810737","-0.5344194011049161"
"1992-05-01","3.023598820058993","-0.6593974053829035"
"1992-06-01","3.0882352941176388","-0.5626959633110173"
"1992-07-01","3.1571218795888485","-0.4616415981057984"
"1992-08-01","3.147877013177168","-0.4386771391212365"
"1992-09-01","2.988338192419842","-0.5660227928292536"
"1992-10-01","3.2023289665211103","-0.3199093291803079"
"1992-11-01","3.047895500725681","-0.44234053462456924"
"1992-12-01","2.9006526468455403","-0.5577490406087473"
"1993-01-01","3.258508327299059","-0.16827099485175712"
"1993-02-01","3.2467532467532467","-0.1486554592047371"
"1993-03-01","3.0868628858578484","-0.2774654211487837"
"1993-04-01","3.225806451612903","-0.10776899478183566"
"1993-05-01","3.2211882605583395","-0.0819970437250519"
"1993-06-01","2.995720399429399","-0.2774718298533916"
"1993-07-01","2.775800711743776","-0.46782922556612094"
"1993-08-01","2.767920511000713","-0.4466094922946193"
"1993-09-01","2.6893135173389826","-0.4966068750373278"
"1993-10-01","2.750352609308869","-0.4074730143202796"
"1993-11-01","2.676056338028177","-0.4542100462588161"
"1993-12-01","2.748414376321357","-0.35484584117973306"
"1994-01-01","2.524544179523138","-0.552276982192403"
"1994-02-01","2.515723270440248","-0.535237246926163"
"1994-03-01","2.506963788300832","-0.5187215351924683"
"1994-04-01","2.361111111111115","-0.6398873781076642"
"1994-05-01","2.288488210818316","-0.688410710366119"
"1994-06-01","2.4930747922437635","-0.46030579638548463"
"1994-07-01","2.7700831024930745","-0.16034904648808368"
"1994-08-01","2.9005524861878373","-0.007486221738014276"
"1994-09-01","2.963473466574784","0.07728933268693083"
"1994-10-01","2.608098833218951","-0.2567534043086801"
"1994-11-01","2.674897119341548","-0.16913030653241323"
"1994-12-01","2.674897119341548","-0.14879500549212388"
"1995-01-01","2.804377564979496","0.0005501096836995067"
"1995-02-01","2.8629856850715867","0.07857229503182905"
"1995-03-01","2.8532608695652293","0.08783096347557784"
"1995-04-01","3.0529172320217097","0.3060596452844262"
"1995-05-01","3.186440677966094","0.45776298498358603"
"1995-06-01","3.0405405405405403","0.3296666931440235"
"1995-07-01","2.762803234501344","0.06937002982904161"
"1995-08-01","2.617449664429534","-0.05889579879780493"
"1995-09-01","2.54350736278446","-0.11609349395721891"
"1995-10-01","2.809364548494976","0.16617538404249554"
"1995-11-01","2.6052104208416877","-0.021888848972082986"
"1995-12-01","2.5384101536406223","-0.07291118485642256"
"1996-01-01","2.7278775781769755","0.1320322108986156"
"1996-02-01","2.6507620941020544","0.07010130375458612"
"1996-03-01","2.84015852047555","0.27440045981436745"
"1996-04-01","2.896642527978937","0.34551435589749957"
"1996-05-01","2.890932982917218","0.35416874715955204"
"1996-06-01","2.75409836065573","0.23143633181059675"
"1996-07-01","2.950819672131148","0.44199961084850026"
"1996-08-01","2.877697841726622","0.38245921294343743"
"1996-09-01","3.0026109660574565","0.5206895285069133"
"1996-10-01","2.992843201041004","0.5239680561783069"
"1996-11-01","3.255208333333333","0.7990979076695979"
"1996-12-01","3.322475570032569","0.878833572171426"
"1997-01-01","3.0440414507771947","0.6125507055358721"
"1997-02-01","3.034215622982562","0.6145312902686433"
"1997-03-01","2.761721258831093","0.35346610717102367"
"1997-04-01","2.4952015355086226","0.09796120029392785"
"1997-05-01","2.234993614303959","-0.1516861295706926"
"1997-06-01","2.2973835354180108","-0.0792304585922472"
"1997-07-01","2.229299363057325","-0.13778316851683936"
"1997-08-01","2.2250476795931338","-0.13307651157975497"
"1997-09-01","2.154626108998718","-0.19515063527250032"
"1997-10-01","2.084649399873647","-0.25742753563535725"
"1997-11-01","1.82849936948298","-0.5065606342511768"
"1997-12-01","1.7023959646910574","-0.6263632367799534"
"1998-01-01","1.5713387806411063","-0.7518650919559247"
"1998-02-01","1.4411027568922377","-0.8773157710477779"
"1998-03-01","1.374999999999993","-0.9394218768995923"
"1998-04-01","1.4357053682896452","-0.8755204911738994"
"1998-05-01","1.6864459712679682","-0.6223891957261376"
"1998-06-01","1.6843418590143409","-0.6229058762797925"
"1998-07-01","1.6822429906541985","-0.6242137071265248"
"1998-08-01","1.6169154228855684","-0.6895349586129003"
"1998-09-01","1.4888337468982666","-0.8183785501299086"
"1998-10-01","1.485148514851489","-0.8235721196133683"
"1998-11-01","1.547987616099071","-0.7629596531551519"
"1998-12-01","1.611903285802848","-0.7019544363159875"
"1999-01-01","1.6707920792079314","-0.6466195475389656"
"1999-02-01","1.6059295861642957","-0.7156336143472168"
"1999-03-01","1.7262638717632623","-0.5999977996741639"
"1999-04-01","2.2769230769230697","-0.05452766876200332"
"1999-05-01","2.0884520884520743","-0.2486174113501609"
"1999-06-01","1.9631901840490729","-0.3798664055494374"
"1999-07-01","2.144607843137255","-0.20474090940201695"
"1999-08-01","2.264381884944913","-0.09149791007703767"
"1999-09-01","2.628361858190716","0.2657799145377062"
"1999-10-01","2.5609756097560905","0.19158889071957086"
"1999-11-01","2.621951219512202","0.24572352696470867"
"1999-12-01","2.684563758389265","0.3015238445189783"
"2000-01-01","2.7388922702373706","0.34913194153324545"
"2000-02-01","3.22188449848025","0.8255562891591435"
"2000-03-01","3.757575757575751","1.3548902356631207"
"2000-04-01","3.0685920577617467","0.659811455058557"
"2000-05-01","3.1889290012033764","0.7743567588861313"
"2000-06-01","3.7304452466907447","1.3104209241737181"
"2000-07-01","3.65926814637074","1.2341614463309853"
"2000-08-01","3.411131059245971","0.98133171635076"
"2000-09-01","3.454437164979144","1.0203454230353"
"2000-10-01","3.4482758620689724","1.0102949020188854"
"2000-11-01","3.44622697563873","1.004755042524688"
"2000-12-01","3.386809269162203","0.9422318766410376"
"2001-01-01","3.732227488151648","1.2849096657552068"
"2001-02-01","3.53356890459364","1.0838479274210986"
"2001-03-01","2.920560747663552","0.46873622195498044"
"2001-04-01","3.2691185055458223","0.8154440056580534"
"2001-05-01","3.6151603498542206","1.1598398014690128"
"2001-06-01","3.24825986078886","0.7914412489066822"
"2001-07-01","2.719907407407401","0.2616738269662462"
"2001-08-01","2.719907407407401","0.26027095648302856"
"2001-09-01","2.6482440990213143","0.1871438597390771"
"2001-10-01","2.126436781609189","-0.33626318811952016"
"2001-11-01","1.8954623779437167","-0.5690497325452941"
"2001-12-01","1.551724137931028","-0.9148863972339738"
"2002-01-01","1.142204454597373","-1.3268602719453297"
"2002-02-01","1.1376564277588168","-1.3342806803406988"
"2002-03-01","1.4755959137344057","-0.9996839514590539"
"2002-04-01","1.6393442622950851","-0.8397906255118484"
"2002-05-01","1.1817670230726072","-1.301769329238995"
"2002-06-01","1.067415730337082","-1.4210962248761096"
"2002-07-01","1.464788732394363","-1.0292906161066364"
"2002-08-01","1.8028169014084443","-0.6974283175072298"
"2002-09-01","1.5143017386427304","-0.9927065724979112"
"2002-10-01","2.0258863252673174","-0.48847566320067237"
"2002-11-01","2.1984216459977484","-0.3238703084191221"
"2002-12-01","2.3769100169779387","-0.15387012642615705"
"2003-01-01","2.5974025974025943","0.05759660655540966"
"2003-02-01","2.9808773903262","0.43152964543203876"
"2003-03-01","3.0201342281879064","0.4607501300765957"
"2003-04-01","2.2246941045606228","-0.3452029682083495"
"2003-05-01","2.05784204671857","-0.5230301995896731"
"2003-06-01","2.1122846025569664","-0.480007930010101"
"2003-07-01","2.1099389228206618","-0.4941978868358814"
"2003-08-01","2.1582733812949675","-0.45810687062790745"
"2003-09-01","2.32044198895027","-0.30855223150669575"
"2003-10-01","2.0408163265306056","-0.6011302150438755"
"2003-11-01","1.7650303364589015","-0.8901723243279318"
"2003-12-01","1.8794914317302407","-0.7892319535247667"
"2004-01-01","1.926252063841497","-0.7562105896848788"
"2004-02-01","1.6930638995084624","-1.0033044148871193"
"2004-03-01","1.7372421281216164","-0.9731402535773983"
"2004-04-01","2.285092491838949","-0.4393466358877056"
"2004-05-01","3.0517711171662096","0.3133058011959835"
"2004-06-01","3.2661948829613503","0.5138105630602334"
"2004-07-01","2.9907558455682435","0.22463391509449693"
"2004-08-01","2.6543878656554742","-0.1252200375747381"
"2004-09-01","2.53779697624191","-0.25497675075708326"
"2004-10-01","3.189189189189192","0.38363926478461696"
"2004-11-01","3.523035230352304","0.7051701796940621"
"2004-12-01","3.255561584373304","0.42591096322251465"
"2005-01-01","2.9697624190064795","0.12891882660553566"
"2005-02-01","3.007518796992493","0.1561345897150379"
"2005-03-01","3.1483457844183595","0.28713208102525156"
"2005-04-01","3.5106382978723376","0.6403637747694453"
"2005-05-01","2.8027498677948235","-0.07576145649228883"
"2005-06-01","2.5303110173958943","-0.35556268850868644"
"2005-07-01","3.167898627243928","0.2755879449089571"
"2005-08-01","3.641160949868077","0.7433924254493824"
"2005-09-01","4.686677198525542","1.7844815690791869"
"2005-10-01","4.347826086956513","1.4422799561952893"
"2005-11-01","3.45549738219895","0.5477094513444722"
"2005-12-01","3.415659485023647","0.5067594241029845"
"2006-01-01","3.985317252228644","1.0764514739211486"
"2006-02-01","3.597497393117819","0.6898251425743878"
"2006-03-01","3.362648732540093","0.45733378143043923"
"2006-04-01","3.5457348406988727","0.6439401644866583"
"2006-05-01","4.166666666666663","1.2695509157994609"
"2006-06-01","4.318766066838049","1.4274785980732299"
"2006-07-01","4.145342886386896","1.2610139668740712"
"2006-08-01","3.818737270875764","0.9424670636614305"
"2006-09-01","2.062374245472834","-0.8047769205456694"
"2006-10-01","1.305220883534148","-1.551798018662748"
"2006-11-01","1.9736842105263188","-0.8722301017962921"
"2006-12-01","2.540650406504065","-0.2932159127145395"
"2007-01-01","2.0756429652042288","-0.7452541503330656"
"2007-02-01","2.415198792148972","-0.3918278393136645"
"2007-03-01","2.7787787787787748","-0.013490267981983717"
"2007-04-01","2.573697270471468","-0.20293824736336452"
"2007-05-01","2.6908641975308702","-0.06927289946558579"
"2007-06-01","2.6870379497289294","-0.05574532094675977"
"2007-07-01","2.358230958230961","-0.36635203255851945"
"2007-08-01","1.9700833742030384","-0.7354614049180903"
"2007-09-01","2.7550517496303613","0.06937741896680416"
"2007-10-01","3.5361744301288383","0.871202764575671"
"2007-11-01","4.306203473945406","1.6627661346994538"
"2007-12-01","4.0812685827551975","1.4601899533137406"
"2008-01-01","4.28029404790136","1.6823784040765224"
"2008-02-01","4.0265554130487216","1.4525756560696848"
"2008-03-01","3.9814562312516975","1.432140906449853"
"2008-04-01","3.936889774827516","1.41291186349097"
"2008-05-01","4.175543041803516","1.677508910707136"
"2008-06-01","5.021790047611731","2.5502285469194264"
"2008-07-01","5.600122900253957","3.155472419777092"
"2008-08-01","5.371855115262345","2.954443906770326"
"2008-09-01","4.936927430572199","2.5469492600114627"
"2008-10-01","3.655186277137497","1.2926776279964236"
"2008-11-01","1.0695746918073905","-1.265604887269962"
"2008-12-01","0.091412900645607","-2.216764968932702"
"2009-01-01","0.0298465036952758","-2.2518341606875927"
"2009-02-01","0.2361910880378661","-2.0196569145241203"
"2009-03-01","-0.3835562549173825","-2.6143788028404154"
"2009-04-01","-0.7368857152167125","-2.943617095717602"
"2009-05-01","-1.2814357989586074","-3.465117206613097"
"2009-06-01","-1.4267760436898684","-3.588532867337761"
"2009-07-01","-2.097161353676056","-4.238176439405731"
"2009-08-01","-1.4843486119606042","-3.6058345738122037"
"2009-09-01","-1.2862059666427432","-3.3893724846294697"
"2009-10-01","-0.1828482774861201","-2.2688742747966013"
"2009-11-01","1.8382958691302815","-0.23171162130253675"
"2009-12-01","2.7213311262058357","0.6662945449880882"
"2010-01-01","2.6257086429576217","0.5846715773266569"
"2010-02-01","2.1433317781453685","0.11539389734558902"
"2010-03-01","2.313959446943945","0.29828697173768104"
"2010-04-01","2.2364471956480854","0.2322720079305829"
"2010-05-01","2.020986084093971","0.02760342529638926"
"2010-06-01","1.0533489728456609","-0.9298843482872128"
"2010-07-01","1.2351927783014691","-0.7384730420976724"
"2010-08-01","1.1481045618391952","-0.8165070653994029"
"2010-09-01","1.1436826581592725","-0.8123138560397216"
"2010-10-01","1.1721876055269618","-0.7755523480922812"
"2010-11-01","1.143160911570279","-0.796594238414152"
"2010-12-01","1.4957235273143148","-0.43622579626511215"
"2011-01-01","1.631846857448763","-0.29237669067985683"
"2011-02-01","2.1075846286581603","0.1911090972415479"
"2011-03-01","2.681603264240854","0.7730025390058304"
"2011-04-01","3.163630859276461","1.2631348032937555"
"2011-05-01","3.568645784634565","1.6765813700502932"
"2011-06-01","3.5588282522423347","1.6756098138674802"
"2011-07-01","3.6287159822210815","1.7548322809468495"
"2011-08-01","3.771208179119781","1.9072094728295286"
"2011-09-01","3.868356841040298","2.0148413442369963"
"2011-10-01","3.525199921357398","1.682799089041156"
"2011-11-01","3.394377590800854","1.563740571853609"
"2011-12-01","2.9624188448710846","1.1441994974957304"
"2012-01-01","2.9252167121508554","1.1200615379717664"
"2012-02-01","2.871098780438217","1.0796380958014236"
"2012-03-01","2.6513981930217807","0.8742374865448288"
"2012-04-01","2.3027398112989435","0.5404514133300329"
"2012-05-01","1.7042537749376003","-0.0426298881040339"
"2012-06-01","1.6639937622385057","-0.0669968135353769"
"2012-07-01","1.4084507042253591","-0.30620217708473385"
"2012-08-01","1.692378997550157","-0.005534810293823522"
"2012-09-01","1.991282080664995","0.3104678597668531"
"2012-10-01","2.162343598871136","0.4989486555828335"
"2012-11-01","1.764133846085848","0.11843465267031994"
"2012-12-01","1.7410223687475637","0.11324832915421412"
"2013-01-01","1.5948646681225638","-0.014802795860363815"
"2013-02-01","1.9779235097490528","0.3864951871739295"
"2013-03-01","1.4738962125967776","-0.09920914454491636"
"2013-04-01","1.0630853814894483","-0.49166491018089964"
"2013-05-01","1.3619650588516832","-0.17444902579445198"
"2013-06-01","1.754416545376891","0.23627264453351127"
"2013-07-01","1.9606816118443984","0.4606960528652906"
"2013-08-01","1.5183675595431958","0.036380858681457795"
"2013-09-01","1.1849252615521528","-0.2792732615010305"
"2013-10-01","0.9636127046434048","-0.48305979818845446"
"2013-11-01","1.2370722045338978","-0.19238575805600688"
"2013-12-01","1.5017356196183846","0.08913512221218456"
"2014-01-01","1.5789473684210509","0.1828031505194343"
"2014-02-01","1.126349250105532","-0.25378467236249813"
"2014-03-01","1.512202875763087","0.14758705574763376"
"2014-04-01","1.9528578985167555","0.6032237372779212"
"2014-05-01","2.1271115499366857","0.7918772143145538"
"2014-06-01","2.0723413731670544","0.7508749860136041"
"2014-07-01","1.9923286357643093","0.6839421657797251"
"2014-08-01","1.6996113341628267","0.40355480210702543"
"2014-09-01","1.6579186757150384","0.37337487707614314"
"2014-10-01","1.6643402156320384","0.3904216067775963"
"2014-11-01","1.3223551823708954","0.058100999568888145"
"2014-12-01","0.7564932696557398","-0.4991334834378147"
"2015-01-01","-0.0893483130696503","-1.3374613137208797"
"2015-02-01","-0.0251298018153076","-1.2669155568738781"
"2015-03-01","-0.0736373908664271","-1.3103449168479988"
"2015-04-01","-0.1995174461766945","-1.4324484936799202"
"2015-05-01","-0.0399327448507771","-1.2704316878712165"
"2015-06-01","0.1237712036854516","-1.1056715794013519"
"2015-07-01","0.1695697796432303","-1.0602145558990383"
"2015-08-01","0.1950792930057341","-1.0364575438045422"
"2015-09-01","-0.0361297478059634","-1.2708350904523629"
"2015-10-01","0.1705744357355553","-1.0687124757130633"
"2015-11-01","0.5017975786678872","-0.7434712171207134"
"2015-12-01","0.7295197860415966","-0.5231102159581765"
"2016-01-01","1.3730868138309948","0.11174301407605691"
"2016-02-01","1.0177997801654646","-0.2535796422171732"
"2016-03-01","0.8525362211427311","-0.4301707442832995"
"2016-04-01","1.125110418894419","-0.17018414890081357"
"2016-05-01","1.0193225541935649","-0.289784494988089"
"2016-06-01","0.9973264945230832","-0.3267814216043251"
"2016-07-01","0.8271388704987093","-0.5131195686844268"
"2016-08-01","1.0628745027610345","-0.2946428646768551"
"2016-09-01","1.4637836474815626","0.0879441567567738"
"2016-10-01","1.6359875209176076","0.24081019551954808"
"2016-11-01","1.6925371625037904","0.27705309611040696"
"2016-12-01","2.074622132966909","0.6379073662171069"
"2017-01-01","2.5000422090529986","1.04121559179127"
"2017-02-01","2.73795817148931","1.2561764406409948"
"2017-03-01","2.3806124334402696","0.8750621789406308"
"2017-04-01","2.199689878417296","0.6695778504920722"
"2017-05-01","1.87487772084136","0.3194240779837778"
"2017-06-01","1.6334879552564587","0.051921097731473465"
"2017-07-01","1.7279784563724985","0.11953256152483394"
"2017-08-01","1.9389742120581843","0.3028888336865785"
"2017-09-01","2.232963865003227","0.568483011041284"
"2017-10-01","2.0411287019761786","0.34749849738716954"
"2017-11-01","2.202582938683175","0.4790472390170515"
"2017-12-01","2.109082474568414","0.3548801846462426"
"2018-01-01","2.0705076202751584","0.2848689978369676"
"2018-02-01","2.211795421238657","0.3939393386704073"
"2018-03-01","2.359711403972918","0.5088431502432489"
"2018-04-01","2.462743943334802","0.5780521843396387"
"2018-05-01","2.801011714807561","0.8816645671112402"
"2018-06-01","2.8715478353166874","0.9166884058727567"
"2018-07-01","2.949515086647112","0.9582546698309908"
"2018-08-01","2.699180104187448","0.6705911085834209"
"2018-09-01","2.27697219419899","0.21008074865985193"
"2018-10-01","2.5224699286070384","0.41625070793998686"
"2018-11-01","2.1766010321523983","0.029975636125600058"
"2018-12-01","1.910158848631372","-0.27800740983705485"
"2019-01-01","1.5512351381991143","-0.6796631879363606"
"2019-02-01","1.5201352659333054","-0.754740706119271"
"2019-03-01","1.8625227405691736","-0.4576255843604702"
"2019-04-01","1.9964397755302457","-0.3703189143297838"
"2019-05-01","1.7902284687663923","-0.6245183721090863"
"2019-06-01","1.6484846560762445","-0.8156650385324606"
"2019-07-01","1.811464806393509","-0.7035345424843162"
"2019-08-01","1.7497798894291428","-0.8175417183600933"
"2019-09-01","1.7113045131695268","-0.9098323337725363"
"2019-10-01","1.7640429444213823","-0.9124161893217773"
"2019-11-01","2.0512779818916256","-0.682017533396535"
"2019-12-01","2.2851297401217137","-0.5065162583026139"
"2020-01-01","2.486571955250451","-0.3649333722675028"
"2020-02-01","2.334873563945939","-0.5779907746849307"
"2020-03-01","1.539326991919816","-1.4363840600611701"
"2020-04-01","0.3290966863368166","-2.7109323416440354"
"2020-05-01","0.1179263702107137","-2.987864373621961"
"2020-06-01","0.6457330475554879","-2.5272147114953536"
"2020-07-01","0.9860818253037064","-2.2553467533369775"
"2020-08-01","1.3096453823307064","-2.0014968251633114"
"2020-09-01","1.3713248610564608","-2.010655387079275"
"2020-10-01","1.1820661677274849","-2.2717526917149042"
"2020-11-01","1.1745357842679691","-2.3519829017063003"
"2020-12-01","1.36200549471931","-2.2379173486164037"
"2021-01-01","1.399769741560094","-2.2740865575547504"
"2021-02-01","1.6762152173745015","-2.0719115356445035"
"2021-03-01","2.6197625089591847","-1.2027618488321772"
"2021-04-01","4.159694838702114","0.26287155949875984"
"2021-05-01","4.992706537594478","1.0219181351378794"
"2021-06-01","5.391451413321335","1.3472647722386872"
"2021-07-01","5.365475239385408","1.2486824456015562"
"2021-08-01","5.251271554874999","1.0628795000509257"
"2021-09-01","5.390348855079157","1.1315696017165688"
"2021-10-01","6.221868903328887","1.8941114835395032"
"2021-11-01","6.809002839806476","2.413864524065101"
"2021-12-01","7.036402865545134","2.5756545476319106"
"2022-01-01","7.479872468289114","2.9554400397916565"
"2022-02-01","7.871063897739283","3.2850083741749927"
"2022-03-01","8.542455554842439","3.896950271337209"
"2022-04-01","8.258629340882372","3.555934604883751"
"2022-05-01","8.581511543676516","3.823944565892968"
"2022-06-01","9.059757964784152","4.249665421418046"
"2022-07-01","8.524814745625516","3.6645432726280154"
"2022-08-01","8.262692503116234","3.3545559055590495"
"2022-09-01","8.201669643833617","3.247920620112147"
"2022-10-01","7.7454273308049135","2.748231588719224"
"2022-11-01","7.110322794191732","2.07173398983066"
"2022-12-01","6.454401331410823","1.3763398636613253"
"2023-01-01","6.410146968856258","1.2943839938016364"
"2023-02-01","6.035613077866588","0.8837598888801335"
"2023-03-01","4.984974122099168","-0.2015278376866556"
"2023-04-01","4.930320398188925","-0.2895655586395742"
"2023-05-01","4.04760927279197","-1.204571021699537"
"2023-06-01","2.969177654558893","-2.3143801982908276"
"2023-07-01","3.177780177942177","-2.1364020395063514"
"2023-08-01","3.665112384399559","-1.679086731561858"
"2023-09-01","3.699698121344437","-1.674039670133801"
"2023-10-01","3.241144651893209","-2.1617698792794977"
"2023-11-01","3.1372707088417875","-2.294561996403987"
"2023-12-01","3.3521228314302216","-2.108456172145029"
"2024-01-01","3.0908847812280498","-2.3983376298572137"
"2024-02-01","3.153171120861604","-2.3646445228863993"
"2024-03-01","3.4773850700380278","-2.069007841806034"
