"month","FedFundsRateMonthly","FedFundsDifference","DiffLog","FundsDetrend"
"1954-07-01","0.8","","","-0.753719055571787"
"1954-08-01","1.22","0.4199999999999999","0.209720530982069","-0.36517986717340434"
"1954-09-01","1.07","-0.1499999999999999","-0.0699585886069102","-0.5466348630415683"
"1954-10-01","0.85","-0.22","-0.1123629681870443","-0.7980754096969361"
"1954-11-01","0.83","-0.02","-0.0108696722369039","-0.8494886557985669"
"1954-12-01","1.28","0.45","0.2198594761130199","-0.4308555920162478"
"1955-01-01","1.39","0.1099999999999998","0.0471179229770699","-0.3521506543233486"
"1955-02-01","1.29","-0.0999999999999998","-0.042741548377271","-0.48334495419021417"
"1955-03-01","1.35","0.06","0.0258635105899193","-0.45440688587535094"
"1955-04-01","1.43","0.0799999999999998","0.0334759291963895","-0.4053011141237304"
"1955-05-01","1.43","0.0","0.0","-0.4359887974543508"
"1955-06-01","1.64","0.2099999999999999","0.0828876598057677","-0.2564279670628007"
"1955-07-01","1.68","0.04","0.0150378773645404","-0.24657329003357598"
"1955-08-01","1.96","0.28","0.0993724738132036","0.0036225451596840763"
"1955-09-01","2.18","0.2200000000000002","0.0716919284561166","0.19420875261502335"
"1955-10-01","2.24","0.06","0.0186921330121525","0.22523451847874787"
"1955-11-01","2.35","0.1099999999999998","0.0333870160327369","0.3067475303728373"
"1955-12-01","2.48","0.1299999999999999","0.0380719479494078","0.4087937379986042"
"1956-01-01","2.45","-0.0299999999999998","-0.0086580627431145","0.3514167241782693"
"1956-02-01","2.5","0.0499999999999998","0.0143887374520996","0.3746569174613832"
"1956-03-01","2.5","0.0","0.0","0.34855203484869834"
"1956-04-01","2.62","0.1200000000000001","0.0337110573423116","0.44313690246969184"
"1956-05-01","2.75","0.1299999999999999","0.0352818141446398","0.5484436570091265"
"1956-06-01","2.71","-0.04","-0.0107239633629756","0.4845010158855434"
"1956-07-01","2.75","0.04","0.0107239633629756","0.501333464699143"
"1956-08-01","2.73","-0.02","-0.0053476063265953","0.45896175061636013"
"1956-09-01","2.95","0.2200000000000002","0.0573073452573065","0.6574027524898596"
"1956-10-01","2.96","0.0099999999999997","0.0025284463533585","0.6466698078007735"
"1956-11-01","2.88","-0.08","-0.0204088716312071","0.5467711814781318"
"1956-12-01","2.94","0.06","0.0153455696746604","0.5877101487147911"
"1957-01-01","2.84","-0.1","-0.0257083567102069","0.469485765790171"
"1957-02-01","3.0","0.1600000000000001","0.040821994520255","0.6120925541831621"
"1957-03-01","2.96","-0.04","-0.0100503358535013","0.5555214127973009"
"1957-04-01","3.0","0.04","0.0100503358535013","0.5797585175997497"
"1957-05-01","3.0","0.0","0.0","0.5647857581270177"
"1957-06-01","3.0","0.0","0.0","0.5505805504702632"
"1957-07-01","2.99","-0.0099999999999997","-0.0025031302181184","0.527115952805842"
"1957-08-01","3.24","0.25","0.0607720383420942","0.764360775003393"
"1957-09-01","3.47","0.2299999999999999","0.0528251393816112","0.9822797596798325"
"1957-10-01","3.5","0.0299999999999998","0.0066889881507965","1.000831751606591"
"1957-11-01","3.28","-0.2200000000000002","-0.0501243871825689","0.7699680162359641"
"1957-12-01","2.98","-0.2999999999999998","-0.0726711902973589","0.45963209655302784"
"1958-01-01","2.72","-0.2599999999999998","-0.067558151011291","0.1897615944316211"
"1958-02-01","1.67","-1.0500000000000005","-0.3316451958728971","-0.8697094347983718"
"1958-03-01","1.2","-0.47","-0.193621112047888","-1.3488484000168997"
"1958-04-01","1.26","0.06","0.0269074529199243","-1.2977159993829661"
"1958-05-01","0.63","-0.63","-0.3267847984655235","-1.9363625232747101"
"1958-06-01","0.93","0.3","0.1689399880981231","-1.644828248829533"
"1958-07-01","0.68","-0.25","-0.1387262095016266","-1.9031385121159858"
"1958-08-01","1.53","0.85","0.4094255093242613","-1.0613059576266226"
"1958-09-01","1.76","0.2299999999999999","0.0870113769896295","-0.8393285451432548"
"1958-10-01","1.8","0.04","0.0143887374520996","-0.8071960453585161"
"1958-11-01","2.27","0.47","0.1551705677280039","-0.344891752664537"
"1958-12-01","2.42","0.1499999999999999","0.0448505661653517","-0.20239273308890127"
"1959-01-01","2.48","0.06","0.017391742711869","-0.149673391457398"
"1959-02-01","2.43","-0.0499999999999998","-0.0144720326085343","-0.2067065709234921"
"1959-03-01","2.8","0.3699999999999996","0.1024408055544914","0.15653604024663004"
"1959-04-01","2.96","0.1600000000000001","0.0412429585340492","0.3100843487448932"
"1959-05-01","2.9","-0.06","-0.0152674721307886","0.2439670534234044"
"1959-06-01","3.39","0.4900000000000002","0.1183526739514795","0.7282104605081239"
"1959-07-01","3.47","0.08","0.0180591815383974","0.8028389937631775"
"1959-08-01","3.5","0.0299999999999998","0.0066889881507965","0.8278714580448177"
"1959-09-01","3.76","0.2599999999999998","0.0561702714670544","1.083320463463974"
"1959-10-01","3.98","0.2200000000000002","0.045182222793233","1.2991922322345228"
"1959-11-01","4.0","0.02","0.0040080213975386","1.3154846276161463"
"1959-12-01","3.99","-0.0099999999999997","-0.0020020026706728","1.3021854882371047"
"1960-01-01","3.99","0.0","0.0","1.2992725023813092"
"1960-02-01","3.97","-0.02","-0.0040160696548898","1.2767133106051398"
"1960-03-01","3.84","-0.1300000000000003","-0.0265051193799972","1.1444655282141856"
"1960-04-01","3.92","0.08","0.0163938097756763","1.222476919331085"
"1960-05-01","3.85","-0.0699999999999998","-0.0143298255548249","1.1506864173259426"
"1960-06-01","3.32","-0.5300000000000002","-0.1157233026933728","0.6190235228765855"
"1960-07-01","3.23","-0.0899999999999998","-0.0210534091978322","0.5274088579076239"
"1960-08-01","2.98","-0.25","-0.0609201737618403","0.2757582679275936"
"1960-09-01","2.6","-0.3799999999999999","-0.100347973834282","-0.10601647106776158"
"1960-10-01","2.47","-0.1299999999999999","-0.0367792515032963","-0.2380057108471112"
"1960-11-01","2.44","-0.0300000000000002","-0.0086831225734609","-0.2702989851507991"
"1960-12-01","1.98","-0.4599999999999999","-0.1435481708679939","-0.7329839912553502"
"1961-01-01","1.45","-0.53","-0.1958352759606774","-1.2661463407969722"
"1961-02-01","2.54","1.09","0.3680387025890475","-0.1798659896711987"
"1961-03-01","2.02","-0.52","-0.1588698957589047","-0.7042131241258738"
"1961-04-01","1.49","-0.53","-0.192974120910162","-1.2392565425539834"
"1961-05-01","1.98","0.49","0.1796405900406967","-0.75505960960527"
"1961-06-01","1.73","-0.25","-0.0876216913204446","-1.0116761277647974"
"1961-07-01","1.17","-0.56","-0.2295744416445002","-1.5791540734403928"
"1961-08-01","2.0","0.8300000000000001","0.3238851211157416","-0.7575336168969202"
"1961-09-01","1.88","-0.1200000000000001","-0.0408219945202552","-0.8868427435684323"
"1961-10-01","2.26","0.3799999999999999","0.1239369012307616","-0.5171035937221835"
"1961-11-01","2.61","0.3500000000000001","0.1019805769661734","-0.17833146470302408"
"1961-12-01","2.33","-0.2799999999999998","-0.080735468352437","-0.4705376638589369"
"1962-01-01","2.15","-0.1800000000000001","-0.0555698511548108","-0.6637321225235184"
"1962-02-01","2.37","0.2200000000000002","0.0675102915267287","-0.45792114133851314"
"1962-03-01","2.85","0.48","0.1331604039354224","0.006894100444168938"
"1962-04-01","2.78","-0.0700000000000002","-0.0183491386681966","-0.07928404308524195"
"1962-05-01","2.36","-0.4199999999999999","-0.1177830356563833","-0.516453271031736"
"1962-06-01","2.68","0.3200000000000003","0.0909717782057268","-0.21461067074071227"
"1962-07-01","2.71","0.0299999999999998","0.0081191244385041","-0.20374934457862803"
"1962-08-01","2.93","0.2200000000000002","0.0576075492618259","-0.003860738965406618"
"1962-09-01","2.9","-0.0300000000000002","-0.0076628727455692","-0.05493472818096823"
"1962-10-01","2.9","0.0","0.0","-0.07696115671557857"
"1962-11-01","2.94","0.04","0.0102041701742419","-0.05992944518042975"
"1962-12-01","2.93","-0.0099999999999997","-0.0025412974286727","-0.093828420350627"
"1963-01-01","2.92","-0.0100000000000002","-0.0025477720787987","-0.1286464465827164"
"1963-02-01","3.0","0.08","0.0202027073175194","-0.07437116424851808"
"1963-03-01","2.98","-0.02","-0.0050125418235442","-0.1209892210775192"
"1963-04-01","2.9","-0.08","-0.0203052661607456","-0.2284866909476322"
"1963-05-01","3.0","0.1","0.0253178079842899","-0.15684871417796398"
"1963-06-01","2.99","-0.0099999999999997","-0.0025031302181184","-0.19605866807303185"
"1963-07-01","3.02","0.0299999999999998","0.0074906717291574","-0.19609871968492731"
"1963-08-01","3.49","0.4700000000000002","0.1105707991232334","0.24305047673262425"
"1963-09-01","3.48","-0.0100000000000002","-0.0022296553272691","0.2014097800332988"
"1963-10-01","3.5","0.02","0.0044543503493803","0.18899817368129046"
"1963-11-01","3.48","-0.02","-0.0044543503493803","0.1358330870529838"
"1963-12-01","3.38","-0.1","-0.022574322038539","0.001930491205520024"
"1964-01-01","3.48","0.1","0.022574322038539","0.06730530910123145"
"1964-02-01","3.48","0.0","0.0","0.03197244880668304"
"1964-03-01","3.43","-0.0499999999999998","-0.0112234623698495","-0.05405370094264894"
"1964-04-01","3.47","0.04","0.0089888245684333","-0.05075899811228357"
"1964-05-01","3.5","0.0299999999999998","0.0066889881507965","-0.05812888358671264"
"1964-06-01","3.5","0.0","0.0","-0.09614840659149237"
"1964-07-01","3.42","-0.08","-0.0179377006866674","-0.21480216782684236"
"1964-08-01","3.5","0.08","0.0179377006866674","-0.17407402610712763"
"1964-09-01","3.45","-0.0499999999999998","-0.0111733005981253","-0.2639461828225804"
"1964-10-01","3.36","-0.0900000000000003","-0.0204320388172059","-0.3943994961996502"
"1964-11-01","3.52","0.1600000000000001","0.0360399364831969","-0.27541278784300394"
"1964-12-01","3.85","0.33","0.0704667111052519","0.013038163848676287"
"1965-01-01","3.9","0.0499999999999998","0.0102565001671892","0.0209797055753822"
"1965-02-01","3.98","0.08","0.0161946859199806","0.05843808343398971"
"1965-03-01","4.05","0.0699999999999998","0.0139583522507067","0.08543938164092868"
"1965-04-01","4.09","0.04","0.0078895872751629","0.08200923350149392"
"1965-05-01","4.1","0.0099999999999997","0.0019627091678486","0.048172613066492787"
"1965-06-01","4.05","-0.0499999999999998","-0.0098522964430116","-0.0460461384005626"
"1965-07-01","4.09","0.04","0.0078895872751629","-0.05062305133842315"
"1965-08-01","4.12","0.0300000000000002","0.0058766084889849","-0.06553380089156047"
"1965-09-01","4.02","-0.1000000000000005","-0.0197245053477785","-0.21075367159448177"
"1965-10-01","4.08","0.0600000000000005","0.0118813278867528","-0.19625744231965037"
"1965-11-01","4.1","0.0199999999999995","0.0039292781398894","-0.22201826575379435"
"1965-12-01","4.32","0.2200000000000006","0.0422327636232731","-0.048007780251520416"
"1966-01-01","4.42","0.0999999999999996","0.0186225120980016","0.005804088936461227"
"1966-02-01","4.6","0.1799999999999997","0.0326707822895486","0.13944778698984717"
"1966-03-01","4.66","0.0600000000000005","0.010657294473988","0.1529537143036963"
"1966-04-01","4.67","0.0099999999999997","0.0017652255245692","0.11635119528705307"
"1966-05-01","4.9","0.2300000000000004","0.039763233172013","0.2996683741505528"
"1966-06-01","5.17","0.2699999999999996","0.0447464870056226","0.5229324973332581"
"1966-07-01","5.3","0.1299999999999999","0.0208507954801904","0.6061684990182608"
"1966-08-01","5.53","0.2300000000000004","0.0358573098908527","0.78939727841568"
"1966-09-01","5.4","-0.1299999999999999","-0.0201089529227134","0.6126350575095607"
"1966-10-01","5.53","0.1299999999999999","0.0201089529227134","0.6958919672555677"
"1966-11-01","5.76","0.2299999999999995","0.034615946766533","0.8791734114870069"
"1966-12-01","5.4","-0.3599999999999994","-0.0547248996892464","0.4724794245004009"
"1967-01-01","4.94","-0.4599999999999999","-0.0745888569910726","-0.03419674315318755"
"1967-02-01","5.0","0.0599999999999996","0.0100503358535013","-0.02086548659726617"
"1967-03-01","4.53","-0.4699999999999997","-0.0815716536938115","-0.5375369370915832"
"1967-04-01","4.05","-0.4800000000000004","-0.0907995722469749","-1.0642210648967634"
"1967-05-01","3.94","-0.1099999999999998","-0.0220229120874373","-1.220923692611874"
"1967-06-01","3.98","0.04","0.0080645598367306","-1.2276424312536958"
"1967-07-01","3.79","-0.1899999999999999","-0.0388994796137378","-1.4643654711315053"
"1967-08-01","3.9","0.1099999999999998","0.0227047936937572","-1.4010715300049523"
"1967-09-01","3.99","0.0900000000000003","0.0182007046468464","-1.3577280265173988"
"1967-10-01","3.88","-0.1100000000000003","-0.0222906898983716","-1.514291568575091"
"1967-11-01","4.13","0.25","0.0499604393176225","-1.3107082877877785"
"1967-12-01","4.51","0.3799999999999999","0.0714589639821448","-0.9769126314166847"
"1968-01-01","4.61","0.1000000000000005","0.0179860963697819","-0.9228289332331565"
"1968-02-01","4.71","0.0999999999999996","0.0176683041333138","-0.8683739891024338"
"1968-03-01","5.05","0.3399999999999998","0.0578392483748311","-0.5734574742961378"
"1968-04-01","5.76","0.71","0.1109646180121226","0.09201763633069415"
"1968-05-01","6.12","0.3600000000000003","0.0518848353690117","0.4081527927492141"
"1968-06-01","6.07","-0.0499999999999998","-0.0070472455154031","0.3150487349179478"
"1968-07-01","6.03","-0.04","-0.0056737740859078","0.23280305346831742"
"1968-08-01","6.03","0.0","0.0","0.1915109081001516"
"1968-09-01","5.78","-0.25","-0.0362096038702692","-0.09873433780658214"
"1968-10-01","5.91","0.1299999999999999","0.0189925358272744","-0.007840798579534791"
"1968-11-01","5.82","-0.0899999999999998","-0.0131101659242078","-0.1357158267073295"
"1968-12-01","6.02","0.1999999999999993","0.0289037461823489","0.027733285821395448"
"1969-01-01","6.3","0.2800000000000002","0.0391111301166258","0.2726002942080257"
"1969-02-01","6.61","0.3100000000000005","0.0415888237192492","0.5489787396625454"
"1969-03-01","6.79","0.1799999999999997","0.0233776880090621","0.696960059997604"
"1969-04-01","7.41","0.6200000000000001","0.0765806141021996","1.2866314570787898"
"1969-05-01","8.67","1.2599999999999998","0.1396068354803463","2.5180747549934503"
"1969-06-01","8.9","0.2300000000000004","0.0235064476753414","2.7213618501170727"
"1969-07-01","8.61","-0.2900000000000009","-0.0297305341583431","2.4065452092359827"
"1969-08-01","9.19","0.5800000000000001","0.058602624252432","2.9636563009740886"
"1969-09-01","9.15","-0.0399999999999991","-0.0039331417468368","2.9027080249336166"
"1969-10-01","9.0","-0.1500000000000003","-0.0148886124937503","2.7336904129984205"
"1969-11-01","8.85","-0.1500000000000003","-0.0151136378100482","2.566571099613893"
"1969-12-01","8.97","0.120000000000001","0.0121091287897492","2.6712966259352022"
"1970-01-01","8.98","0.0099999999999997","0.0010025063496259","2.667793729328163"
"1970-02-01","8.98","0.0","0.0","2.65596853530191"
"1970-03-01","7.76","-1.2200000000000006","-0.1303871853750728","1.4257065845374166"
"1970-04-01","8.1","0.3399999999999998","0.0380785085745043","1.7568729241312813"
"1970-05-01","7.95","-0.1499999999999994","-0.0166208812360402","1.5993216003576896"
"1970-06-01","7.61","-0.3399999999999998","-0.0387292138471249","1.2528931033725845"
"1970-07-01","7.21","-0.4000000000000003","-0.0475713949753022","0.8474155828874652"
"1970-08-01","6.62","-0.5899999999999999","-0.0745765537657821","0.2527075212287757"
"1970-09-01","6.29","-0.33","-0.0442728236779879","-0.08141913797752576"
"1970-10-01","6.2","-0.0899999999999998","-0.0124225199985572","-0.1751544010091921"
"1970-11-01","5.6","-0.6000000000000005","-0.0870113769896299","-0.7786876459098879"
"1970-12-01","4.9","-0.6999999999999993","-0.1121172981207059","-1.482206899223267"
"1971-01-01","4.14","-0.7600000000000007","-0.1378992714446001","-2.2458941791006577"
"1971-02-01","3.72","-0.4199999999999995","-0.0852442798696095","-2.669920066911756"
"1971-03-01","3.71","-0.0100000000000002","-0.0021208915691377","-2.6844378145958654"
"1971-04-01","4.16","0.4500000000000002","0.091248671465145","-2.239580072857203"
"1971-05-01","4.63","0.4699999999999997","0.0871728626581276","-1.7754587791452474"
"1971-06-01","4.91","0.2800000000000002","0.0485363892664079","-1.5021685901990347"
"1971-07-01","5.31","0.3999999999999994","0.0654898451351149","-1.1097904632299889"
"1971-08-01","5.57","0.2600000000000007","0.0403781559433973","-0.8583937646425062"
"1971-09-01","5.55","-0.0200000000000004","-0.0030487828493586","-0.8880392976429663"
"1971-10-01","5.2","-0.3499999999999996","-0.0549157575961145","-1.2487812420290698"
"1971-11-01","4.91","-0.29","-0.047903460633039","-1.5506669254434424"
"1971-12-01","4.14","-0.7700000000000005","-0.1395927519509332","-2.3337340398709774"
"1972-01-01","3.51","-0.6299999999999999","-0.1307559259524866","-2.978008312273996"
"1972-02-01","3.3","-0.2099999999999999","-0.0476821308150703","-3.203497462407726"
"1972-03-01","3.83","0.5300000000000002","0.1162314449649646","-2.6901862315681893"
"1972-04-01","4.17","0.3399999999999998","0.0680262208558564","-2.3680346427067915"
"1972-05-01","4.27","0.0999999999999996","0.0191576740329331","-2.286981961165125"
"1972-06-01","4.46","0.1900000000000004","0.0354184272035427","-2.116949180412541"
"1972-07-01","4.55","0.0899999999999998","0.0163491380015294","-2.0478396474526424"
"1972-08-01","4.81","0.2599999999999998","0.0457826431054766","-1.8095403748046124"
"1972-09-01","4.87","0.0600000000000005","0.0102740629761854","-1.7719225737557887"
"1972-10-01","5.05","0.1799999999999997","0.0302036382027448","-1.6148434930906195"
"1972-11-01","5.06","0.0099999999999997","0.001651528038473","-1.6281467093514692"
"1972-12-01","5.33","0.2700000000000004","0.0435904360748617","-1.3816633388685666"
"1973-01-01","5.94","0.6100000000000003","0.0920015383626282","-0.7952119351117277"
"1973-02-01","6.58","0.6399999999999997","0.0882114251355672","-0.17860039056821275"
"1973-03-01","7.09","0.5099999999999998","0.06511553141612","0.30836953816927526"
"1973-04-01","7.12","0.0300000000000002","0.0037014231031862","0.3158974725974666"
"1973-05-01","7.84","0.7199999999999998","0.0849567224759653","1.0141806548185066"
"1973-06-01","8.49","0.6500000000000004","0.0709517359722844","1.6434138894540453"
"1973-07-01","10.4","1.91","0.1833747427786134","3.533784155657708"
"1973-08-01","10.5","0.0999999999999996","0.0087336799687545","3.615465751920402"
"1973-09-01","10.78","0.2799999999999993","0.0240561428542362","3.8786057098799773"
"1973-10-01","10.01","-0.7699999999999996","-0.0675992274888521","3.093323164062002"
"1973-11-01","10.03","0.0199999999999995","0.0018148825308226","3.099707321478845"
"1973-12-01","9.95","-0.08","-0.0072793770029013","3.0078235209085893"
"1974-01-01","9.65","-0.2999999999999989","-0.0277795641070754","2.6977131836345576"
"1974-02-01","8.97","-0.6799999999999997","-0.0659793081816872","2.009394522425244"
"1974-03-01","9.35","0.379999999999999","0.037405935737631","2.3828649343610033"
"1974-04-01","10.51","1.16","0.1062297030224135","3.538106311934829"
"1974-05-01","11.31","0.8000000000000007","0.0671957174625705","4.3350821613362065"
"1974-06-01","11.93","0.6199999999999992","0.049138252587404","4.953728688551591"
"1974-07-01","12.92","0.9900000000000002","0.0737764621225074","5.943948649859411"
"1974-08-01","12.01","-0.91","-0.0676083623818595","5.0356065783228985"
"1974-09-01","11.34","-0.6699999999999999","-0.0528722740471723","4.368521143203976"
"1974-10-01","10.06","-1.2799999999999994","-0.1095110223830526","3.0924721587755393"
"1974-11-01","9.45","-0.6100000000000012","-0.0567330176833689","2.4872057315856075"
"1974-12-01","8.53","-0.92","-0.0921572607447092","1.572444106514319"
"1975-01-01","7.13","-1.3999999999999997","-0.1588837941063916","0.1778903370395577"
"1975-02-01","6.24","-0.8899999999999997","-0.1159397171620941","-0.7067646564171701"
"1975-03-01","5.54","-0.7000000000000002","-0.1016840409285178","-1.4018313260449853"
"1975-04-01","5.49","-0.0499999999999998","-0.0076746347531087","-1.4476146706020119"
"1975-05-01","5.22","-0.2700000000000004","-0.0424926239649106","-1.7144088722466382"
"1975-06-01","5.55","0.33","0.0516951428960725","-1.3824969432709642"
"1975-07-01","6.1","0.5499999999999998","0.0806297344001092","-0.8321486675035707"
"1975-08-01","6.14","0.04","0.0056179923042232","-0.7936231613583491"
"1975-09-01","6.24","0.1000000000000005","0.013908430046132","-0.6971731203489826"
"1975-10-01","5.82","-0.4199999999999999","-0.0597617345422543","-1.123045116353648"
"1975-11-01","5.22","-0.6000000000000005","-0.0920895651042827","-1.7314803418282922"
"1975-12-01","5.2","-0.0199999999999995","-0.0032206147000419","-1.7627113237572862"
"1976-01-01","4.87","-0.33","-0.0546946582110408","-2.106957228937178"
"1976-02-01","4.77","-0.1000000000000005","-0.0171825533199969","-2.224423622996895"
"1976-03-01","4.84","0.0700000000000002","0.0120587163201273","-2.1752998141793354"
"1976-04-01","4.82","-0.0199999999999995","-0.0034305350967891","-2.219757946964881"
"1976-05-01","5.29","0.4699999999999997","0.0776608089690027","-1.7779533811131225"
"1976-06-01","5.48","0.1900000000000004","0.0297594396518341","-1.62002434862171"
"1976-07-01","5.31","-0.1700000000000008","-0.0265848338110614","-1.82609536271221"
"1976-08-01","5.29","-0.0199999999999995","-0.0031746058407726","-1.8862784364183076"
"1976-09-01","5.25","-0.04","-0.0063796069640389","-1.9706714925316984"
"1976-10-01","5.02","-0.2300000000000004","-0.0374942044275805","-2.249357899226511"
"1976-11-01","4.95","-0.0699999999999994","-0.0116960397631913","-2.372405818878317"
"1976-12-01","4.65","-0.2999999999999998","-0.0517356743991885","-2.729866057706065"
"1977-01-01","4.61","-0.04","-0.0071048256237447","-2.8317711163282455"
"1977-02-01","4.68","0.0699999999999994","0.0124005131984548","-2.8281324315820386"
"1977-03-01","4.69","0.0100000000000006","0.0017590154051798","-2.888939590218847"
"1977-04-01","4.73","0.04","0.0070052825884086","-2.9241603569805683"
"1977-05-01","5.35","0.6199999999999992","0.1027392821779518","-2.3837402054085537"
"1977-06-01","5.39","0.04","0.0062794554848433","-2.42760204607844"
"1977-07-01","5.42","0.0300000000000002","0.0046838493124263","-2.4856503965087224"
"1977-08-01","5.9","0.4800000000000004","0.0721032939013439","-2.0977710427206304"
"1977-09-01","6.14","0.2399999999999993","0.0341913647482792","-1.953830591334186"
"1977-10-01","6.47","0.33","0.045182222793233","-1.7236794624644505"
"1977-11-01","6.51","0.04","0.0053404666313174","-1.7871530003731628"
"1977-12-01","6.56","0.0499999999999998","0.006635724415398","-1.844073249326203"
"1978-01-01","6.7","0.1400000000000005","0.0183491386681966","-1.814248463828645"
"1978-02-01","6.78","0.08","0.0103360093306621","-1.8474726694253087"
"1978-03-01","6.79","0.0099999999999997","0.0012845216923564","-1.953525892830272"
"1978-04-01","6.89","0.0999999999999996","0.012755274975126","-1.972173905567261"
"1978-05-01","7.36","0.4700000000000006","0.0578622922388274","-1.6231674056577452"
"1978-06-01","7.6","0.2399999999999993","0.0283037761628515","-1.5062418737319518"
"1978-07-01","7.81","0.2099999999999999","0.0241252366886262","-1.4211202659802398"
"1978-08-01","8.04","0.2299999999999995","0.0257717344559971","-1.3175139163562886"
"1978-09-01","8.45","0.4100000000000001","0.044355567101566","-1.0351231933796239"
"1978-10-01","8.96","0.5100000000000016","0.0525623300908555","-0.6536382995673282"
"1978-11-01","9.76","0.7999999999999989","0.0772584831371316","0.017258549625191577"
"1978-12-01","10.03","0.2699999999999996","0.0247832785317725","0.1578901822479324"
"1979-01-01","10.07","0.0400000000000009","0.0036199134551346","0.06857929318306688"
"1979-02-01","10.06","-0.0099999999999997","-0.0009037506263567","-0.07035264097568117"
"1979-03-01","10.09","0.0299999999999993","0.0027088052680865","-0.1685846727957987"
"1979-04-01","10.01","-0.08","-0.0072398506276871","-0.37579531200032257"
"1979-05-01","10.24","0.2300000000000004","0.0206748937309564","-0.27166176750462867"
"1979-06-01","10.29","0.0499999999999989","0.0044385336960255","-0.3458583485689175"
"1979-07-01","10.47","0.1800000000000015","0.0158175529797088","-0.2880572682977647"
"1979-08-01","10.94","0.4699999999999988","0.0401591768231766","0.062071928864339654"
"1979-09-01","11.43","0.4900000000000002","0.0402187975581638","0.4348619211370206"
"1979-10-01","13.77","2.34","0.1724851910206686","2.660644907789827"
"1979-11-01","13.18","-0.5899999999999999","-0.0407655754393068","1.9597497326762454"
"1979-12-01","13.78","0.5999999999999996","0.041442394416074","2.452484709982272"
"1980-01-01","13.82","0.0400000000000009","0.0027027043478855","2.3891430323681906"
"1980-02-01","14.13","0.3100000000000005","0.0207019079323234","2.5999989690011454"
"1980-03-01","17.19","3.0600000000000005","0.1841924647297665","5.565308354302665"
"1980-04-01","17.61","0.4199999999999981","0.0228270781241284","5.895306960973839"
"1980-05-01","10.98","-6.629999999999999","-0.4404604779668561","-0.8198123804783375"
"1980-06-01","9.47","-1.5099999999999998","-0.1347245678048576","-2.4099023280265115"
"1980-07-01","9.03","-0.4400000000000013","-0.0429334229086015","-2.924809213930521"
"1980-08-01","9.61","0.5800000000000001","0.0562163506520474","-2.4143607755248375"
"1980-09-01","10.87","1.2599999999999998","0.1122172559956848","-1.2183621821716066"
"1980-10-01","12.81","1.9400000000000013","0.1513787587996242","0.663400026094001"
"1980-11-01","15.85","3.039999999999999","0.19895768937717","3.6511487101795677"
"1980-12-01","18.9","3.049999999999999","0.1663690749320761","6.655101612165323"
"1981-01-01","19.08","0.1799999999999997","0.0090045630930815","6.7954483016877365"
"1981-02-01","15.93","-3.1499999999999986","-0.1706370986784842","3.6123269972905945"
"1981-03-01","14.7","-1.2300000000000004","-0.0754264837907818","2.355823483503004"
"1981-04-01","15.72","1.0200000000000014","0.062944895302293","3.355995671960578"
"1981-05-01","18.52","2.799999999999999","0.1548339733283912","6.142883296648593"
"1981-06-01","19.1","0.5800000000000018","0.0292802340800837","6.716500196524004"
"1981-07-01","19.04","-0.0600000000000022","-0.0029895388483662","6.6568128117528875"
"1981-08-01","17.82","-1.2199999999999989","-0.0628101420594302","5.443735757654142"
"1981-09-01","15.87","-1.950000000000001","-0.1093832375993568","3.5071322852502753"
"1981-10-01","15.08","-0.7899999999999991","-0.0479606328070567","2.736823641429867"
"1981-11-01","13.31","-1.7699999999999996","-0.1166176701824603","0.9926040118755903"
"1981-12-01","12.37","-0.9400000000000012","-0.0679452024545081","0.08424646480375664"
"1982-01-01","13.22","0.8500000000000014","0.0616360332612431","0.9715164094491016"
"1982-02-01","14.78","1.5599999999999987","0.1040938910426336","2.574178604996467"
"1982-03-01","14.68","-0.0999999999999996","-0.0063573004954666","2.5219903143621156"
"1982-04-01","14.94","0.2599999999999998","0.0164456584398071","2.8346889379730627"
"1982-05-01","14.45","-0.4900000000000002","-0.0312226700183142","2.4019924164545223"
"1982-06-01","14.15","-0.2999999999999989","-0.0196084713883761","2.1635968178318805"
"1982-07-01","12.59","-1.5600000000000005","-0.1086663037923258","0.6691796762384072"
"1982-08-01","10.12","-2.4700000000000006","-0.2005889393406161","-1.7315981686125017"
"1982-09-01","10.31","0.1900000000000012","0.0169420013055927","-1.4690810404308845"
"1982-10-01","9.71","-0.5999999999999996","-0.0545094056683717","-1.9935999018298052"
"1982-11-01","9.2","-0.5100000000000016","-0.0487901641694321","-2.425474379920473"
"1982-12-01","8.95","-0.25","-0.0248151691197238","-2.5950087190988036"
"1983-01-01","8.68","-0.2699999999999996","-0.0275106498820156","-2.7824884486806187"
"1983-02-01","8.51","-0.1699999999999999","-0.0177180247311867","-2.8681790747663207"
"1983-03-01","8.77","0.2599999999999998","0.0269725894973924","-2.522324633638032"
"1983-04-01","8.8","0.0300000000000011","0.003065919621835","-2.4051470305664857"
"1983-05-01","8.63","-0.1699999999999999","-0.0174991598664919","-2.486848708440986"
"1983-06-01","8.98","0.3499999999999996","0.0356998645133384","-2.0476135519175767"
"1983-07-01","9.37","0.3899999999999988","0.0383339319180628","-1.5676062570048561"
"1983-08-01","9.56","0.1900000000000012","0.0181562560366796","-1.2869757202241416"
"1983-09-01","9.45","-0.1100000000000012","-0.0104712998672953","-1.3058587423694696"
"1983-10-01","9.48","0.0300000000000011","0.0028667004820759","-1.1843821938666501"
"1983-11-01","9.34","-0.1400000000000005","-0.0134488098126128","-1.2326628690709587"
"1983-12-01","9.47","0.1300000000000007","0.0124941558021625","-1.010808423586166"
"1984-01-01","9.56","0.0899999999999998","0.0085592533956697","-0.8289170017284828"
"1984-02-01","9.59","0.0299999999999993","0.0028368813351997","-0.7070789483664015"
"1984-03-01","9.91","0.3200000000000003","0.029769640231664","-0.29537821240389306"
"1984-04-01","10.29","0.379999999999999","0.0342375783165911","0.17610671311114245"
"1984-05-01","10.32","0.0300000000000011","0.0026536946134663","0.2972996142836877"
"1984-06-01","11.06","0.7400000000000002","0.0633231185240026","1.1281229183706163"
"1984-07-01","11.23","0.1699999999999999","0.0139977584000416","1.3884967586502928"
"1984-08-01","11.64","0.4100000000000001","0.0329744390196302","1.8883325637489339"
"1984-09-01","11.3","-0.3399999999999998","-0.0272671263403392","1.6375310485832006"
"1984-10-01","9.99","-1.3100000000000005","-0.1126134939628422","0.4159783576024445"
"1984-11-01","9.43","-0.5600000000000005","-0.0522994994028489","-0.056452000014420634"
"1984-12-01","8.38","-1.049999999999999","-0.1061065059945476","-1.0198897247980323"
"1985-01-01","8.35","-0.0300000000000011","-0.0032034197175376","-0.9644640816926096"
"1985-02-01","8.5","0.1500000000000003","0.0159154553058997","-0.7302964661228852"
"1985-03-01","8.58","0.08","0.0083857933762736","-0.5675008316611141"
"1985-04-01","8.27","-0.3100000000000005","-0.0328942124050053","-0.7961854968759585"
"1985-05-01","7.97","-0.2999999999999998","-0.032897703507059","-1.016454401471635"
"1985-06-01","7.53","-0.4399999999999995","-0.0502963145671166","-1.3784053417457516"
"1985-07-01","7.88","0.3499999999999996","0.0402121955004908","-0.9521282709835566"
"1985-08-01","7.9","0.0200000000000004","0.0022497197340154","-0.8577025066266106"
"1985-09-01","7.92","0.0199999999999995","0.0022446698538236","-0.7652000194477164"
"1985-10-01","7.99","0.0700000000000002","0.0078169018916112","-0.6246861621447728"
"1985-11-01","8.05","0.0600000000000005","0.0066519092283057","-0.4962203830945473"
"1985-12-01","8.27","0.2199999999999988","0.0240186218659288","-0.20985731056453005"
"1986-01-01","8.14","-0.129999999999999","-0.0141229941117049","-0.27564774396122615"
"1986-02-01","7.86","-0.2800000000000002","-0.0311136208490689","-0.49364086342177504"
"1986-03-01","7.48","-0.3799999999999999","-0.0438363148131779","-0.8138837221717097"
"1986-04-01","6.99","-0.4900000000000002","-0.0595196900256285","-1.2464195644792841"
"1986-05-01","6.85","-0.1400000000000005","-0.0176772279838663","-1.3312853546457681"
"1986-06-01","6.92","0.0700000000000002","0.0088776740320177","-1.2085084395375123"
"1986-07-01","6.56","-0.3600000000000003","-0.046520015634893","-1.5181058937573342"
"1986-08-01","6.17","-0.3899999999999997","-0.0529655355799125","-1.8600854669972442"
"1986-09-01","5.89","-0.2800000000000002","-0.0398345695859618","-2.0944431951692115"
"1986-10-01","5.85","-0.04","-0.0058224327514333","-2.091160761673885"
"1986-11-01","6.04","0.1900000000000004","0.0273595178958172","-1.8602036890847948"
"1986-12-01","6.91","0.8700000000000001","0.1165196116096114","-0.9515213644757647"
"1987-01-01","6.43","-0.4800000000000004","-0.0626019230498946","-1.3950488214970909"
"1987-02-01","6.1","-0.33","-0.045431074682398","-1.6907137518132336"
"1987-03-01","6.13","0.0300000000000002","0.0042164503789348","-1.6284330828230535"
"1987-04-01","6.37","0.2400000000000002","0.0331064717750406","-1.3581106962946121"
"1987-05-01","6.85","0.4799999999999995","0.0630958255930715","-0.8496379089258852"
"1987-06-01","6.73","-0.1199999999999992","-0.0154046691949862","-0.9428955581656444"
"1987-07-01","6.58","-0.1500000000000003","-0.0195956629450502","-1.067757925614604"
"1987-08-01","6.73","0.1500000000000003","0.0195956629450502","-0.8940920174447804"
"1987-09-01","7.22","0.4899999999999993","0.0614613464687576","-0.3817566009553115"
"1987-10-01","7.29","0.0700000000000002","0.0084797600791151","-0.2906035445871735"
"1987-11-01","6.69","-0.5999999999999996","-0.0751291856296507","-0.8704817711285555"
"1987-12-01","6.77","0.0799999999999991","0.0103493808620034","-0.7712379610563529"
"1988-01-01","6.83","0.0600000000000005","0.0076923456231559","-0.6927120781671254"
"1988-02-01","6.58","-0.25","-0.0324493103484315","-0.9247381353472468"
"1988-03-01","6.58","0.0","0.0","-0.9071448004824845"
"1988-04-01","6.87","0.29","0.0375448627750314","-0.5997536061334854"
"1988-05-01","7.09","0.2199999999999997","0.0275706686410885","-0.36237908528682095"
"1988-06-01","7.51","0.4199999999999999","0.0506132115148822","0.07516885679938934"
"1988-07-01","7.75","0.2400000000000002","0.0278117577842405","0.3330831110019421"
"1988-08-01","8.01","0.2599999999999998","0.0292813712507231","0.6115559881910242"
"1988-09-01","8.19","0.1799999999999997","0.0197808647473491","0.8107772291510926"
"1988-10-01","8.3","0.1100000000000012","0.0118984637916148","0.9409318558704012"
"1988-11-01","8.35","0.0499999999999989","0.0053619431413851","1.0121986343400575"
"1988-12-01","8.76","0.4100000000000001","0.0429160571244056","1.4447490702745132"
"1989-01-01","9.12","0.3599999999999994","0.0362212634343181","1.828746859213565"
"1989-02-01","9.36","0.2400000000000002","0.0234385729720174","2.0943445489418426"
"1989-03-01","9.85","0.4900000000000002","0.0462128431551316","2.6116805765428994"
"1989-04-01","9.84","-0.0099999999999997","-0.0009220839749684","2.630877219034324"
"1989-05-01","9.81","-0.0299999999999993","-0.0027713643603832","2.632036601577407"
"1989-06-01","9.53","-0.2800000000000011","-0.0262433055052326","2.385240549354892"
"1989-07-01","9.24","-0.2899999999999991","-0.0279267065345223","2.130550578625135"
"1989-08-01","8.99","-0.25","-0.0247170269508996","1.9180098010126159"
"1989-09-01","9.02","0.0299999999999993","0.0029985029962564","1.9876448887083429"
"1989-10-01","8.84","-0.1799999999999997","-0.0181273845925566","1.8494677144449803"
"1989-11-01","8.55","-0.2899999999999991","-0.0299145565715228","1.6034748141890702"
"1989-12-01","8.45","-0.1000000000000014","-0.0105264129869877","1.5496484533229422"
"1990-01-01","8.23","-0.2199999999999988","-0.0235556929908904","1.3779585247380828"
"1990-02-01","8.24","0.0099999999999997","0.0010828371388318","1.4383629641619802"
"1990-03-01","8.28","0.0399999999999991","0.0043196611445166","1.5308090749260979"
"1990-04-01","8.26","-0.0199999999999995","-0.0021574981400211","1.5652330618822443"
"1990-05-01","8.18","-0.08","-0.0086768440256892","1.5415593180838005"
"1990-06-01","8.29","0.1099999999999994","0.0119113481933483","1.7097001591685501"
"1990-07-01","8.15","-0.1399999999999988","-0.0151846735383172","1.6295560060264513"
"1990-08-01","8.13","-0.0199999999999995","-0.0021881846805529","1.6710140874166006"
"1990-09-01","8.2","0.0699999999999985","0.0076377894481174","1.8039490583634823"
"1990-10-01","8.11","-0.0899999999999998","-0.0098307727831277","1.7782226802643688"
"1990-11-01","7.81","-0.2999999999999998","-0.0334852713237787","1.54368279515651"
"1990-12-01","7.31","-0.5","-0.0584278310807313","1.110163524223144"
"1991-01-01","6.91","-0.3999999999999994","-0.0493318270877942","0.777487077514829"
"1991-02-01","6.25","-0.6600000000000001","-0.0871263129129791","0.18546709900554692"
"1991-03-01","6.12","-0.1299999999999999","-0.0180937434426988","0.12391123354059719"
"1991-04-01","5.91","-0.2099999999999999","-0.0299380876443058","-0.017374305108016408"
"1991-05-01","5.78","-0.1299999999999999","-0.0189925358272744","-0.07858425927348911"
"1991-06-01","5.9","0.1200000000000001","0.0175443096509095","0.11008676277197704"
"1991-07-01","5.82","-0.08","-0.011661939747843","0.09844475911620698"
"1991-08-01","5.66","-0.1600000000000001","-0.023739987303073","0.006294878412130167"
"1991-09-01","5.45","-0.2099999999999999","-0.0320393537446166","-0.13655849029194833"
"1991-10-01","5.21","-0.2400000000000002","-0.0379192348622936","-0.310311006519318"
"1991-11-01","4.81","-0.4000000000000003","-0.0665803250815677","-0.6451572761012132"
"1991-12-01","4.43","-0.3799999999999999","-0.0676414369179756","-0.9612895104938195"
"1992-01-01","4.03","-0.3999999999999994","-0.0765191498341961","-1.2988949430879186"
"1992-02-01","4.06","0.0299999999999993","0.0059464991877262","-1.2081533899169576"
"1992-03-01","3.98","-0.0799999999999996","-0.0159365922628125","-1.2292346446768572"
"1992-04-01","3.73","-0.25","-0.0515046885327199","-1.4222991788923216"
"1992-05-01","3.82","0.0899999999999998","0.0188487255586673","-1.2774979792528351"
"1992-06-01","3.76","-0.06","-0.0125262598191804","-1.2849710579171782"
"1992-07-01","3.25","-0.5099999999999998","-0.1133286853070032","-1.7448485698066394"
"1992-08-01","3.3","0.0499999999999998","0.0116960397631913","-1.6472507549423705"
"1992-09-01","3.22","-0.0799999999999996","-0.018779894651596","-1.682284390007792"
"1992-10-01","3.1","-0.1200000000000001","-0.0288481543376586","-1.7600435414181557"
"1992-11-01","3.09","-0.0100000000000002","-0.0024420036555516","-1.730609294999283"
"1992-12-01","2.92","-0.1699999999999999","-0.0424533162523392","-1.8640491559941132"
"1993-01-01","3.02","0.1","0.0251902488285584","-1.7304172761788021"
"1993-02-01","3.03","0.0099999999999997","0.0024844733276618","-1.6897534242341705"
"1993-03-01","3.07","0.04","0.0098766234959122","-1.6220840168558825"
"1993-04-01","2.96","-0.1099999999999998","-0.0273989741881144","-1.7074224325187366"
"1993-05-01","3.0","0.04","0.0100503358535013","-1.645769533617159"
"1993-06-01","3.04","0.04","0.009950330853168","-1.5871130079897657"
"1993-07-01","3.06","0.02","0.0049382816405827","-1.5514278446361813"
"1993-08-01","3.03","-0.0300000000000002","-0.0074165976550499","-1.5686767863136857"
"1993-09-01","3.09","0.06","0.0147785940961189","-1.4988106048856968"
"1993-10-01","2.99","-0.0999999999999996","-0.0247537391529382","-1.5917679682280808"
"1993-11-01","3.02","0.0299999999999998","0.0074906717291574","-1.5574759793200612"
"1993-12-01","2.96","-0.06","-0.0150378773645403","-1.6158494589806116"
"1994-01-01","3.05","0.0899999999999998","0.0224728558520586","-1.5267912104671373"
"1994-02-01","3.25","0.2000000000000001","0.0482021018178775","-1.3301915690628228"
"1994-03-01","3.34","0.0899999999999998","0.0209553651759881","-1.2459290892544779"
"1994-04-01","3.56","0.2200000000000002","0.0494482754139813","-1.033872061705074"
"1994-05-01","4.01","0.4499999999999997","0.0941132915704785","-0.5938791634272063"
"1994-06-01","4.25","0.2400000000000002","0.046792161506759","-0.3658010940255867"
"1994-07-01","4.26","0.0099999999999997","0.0019029501460861","-0.36948397070397476"
"1994-08-01","4.47","0.2099999999999999","0.0391475896842712","-0.17477108812682385"
"1994-09-01","4.73","0.2600000000000007","0.0464369142927585","0.06849710999797587"
"1994-10-01","4.76","0.0299999999999993","0.0052219439811516","0.08048152850487966"
"1994-11-01","5.29","0.5300000000000002","0.0880235960045492","0.5913425437012654"
"1994-12-01","5.45","0.1600000000000001","0.0251190600953319","0.7312399108950594"
"1995-01-01","5.53","0.08","0.0123268124806585","0.7903288225659226"
"1995-02-01","5.92","0.3899999999999997","0.0580088263412386","1.1587588289102495"
"1995-03-01","5.98","0.0600000000000005","0.0086331471447029","1.1966733819082167"
"1995-04-01","6.05","0.0699999999999994","0.009978700049896","1.2442069924996462"
"1995-05-01","6.01","-0.04","-0.0056899157776786","1.1814849380334556"
"1995-06-01","6.0","-0.0099999999999997","-0.0014275519911854","1.1486228954959667"
"1995-07-01","5.85","-0.1500000000000003","-0.0216614967811794","0.9757274254773733"
"1995-08-01","5.74","-0.1099999999999994","-0.0161887273499181","0.8428962257368857"
"1995-09-01","5.8","0.0599999999999996","0.0088626872578454","0.8802194652727122"
"1995-10-01","5.76","-0.04","-0.0058997221271883","0.8177808092541632"
"1995-11-01","5.8","0.04","0.0058997221271883","0.8356571310336856"
"1995-12-01","5.6","-0.2000000000000001","-0.0298529631496813","0.6139189939266174"
"1996-01-01","5.56","-0.04","-0.0060790460763822","0.552630513276605"
"1996-02-01","5.22","-0.3399999999999998","-0.0532206962049095","0.19185106739801938"
"1996-03-01","5.31","0.0899999999999998","0.0143657698020338","0.2616357704808978"
"1996-04-01","5.22","-0.0899999999999998","-0.0143657698020338","0.15203825638297275"
"1996-05-01","5.24","0.0200000000000004","0.0032102756302483","0.15311014016744728"
"1996-06-01","5.27","0.0299999999999993","0.004796172263493","0.16490186376282967"
"1996-07-01","5.4","0.1300000000000007","0.0205216357207969","0.27746268769222926"
"1996-08-01","5.22","-0.1800000000000006","-0.0285280836145382","0.08084060008782767"
"1996-09-01","5.3","0.08","0.0127797266463989","0.14508144816601032"
"1996-10-01","5.24","-0.0599999999999996","-0.0095694510161505","0.07023045537310146"
"1996-11-01","5.31","0.0699999999999994","0.0111554941717855","0.1263317256998029"
"1996-12-01","5.29","-0.0199999999999995","-0.0031746058407726","0.09342882123515928"
"1997-01-01","5.25","-0.04","-0.0063796069640389","0.04156432928637788"
"1997-02-01","5.19","-0.0599999999999996","-0.0096463770518053","-0.029219883740728037"
"1997-03-01","5.39","0.1999999999999993","0.0317991816929386","0.16111772784723488"
"1997-04-01","5.51","0.1200000000000001","0.0186051878310344","0.2726189352057329"
"1997-05-01","5.5","-0.0099999999999997","-0.0015372793188865","0.2553242662978805"
"1997-06-01","5.56","0.0599999999999996","0.0091884260544061","0.3092721455456289"
"1997-07-01","5.52","-0.04","-0.0061162270174359","0.26449902727628416"
"1997-08-01","5.54","0.0200000000000004","0.0030627895305457","0.2810389794579997"
"1997-09-01","5.54","0.0","0.0","0.27892402917137904"
"1997-10-01","5.5","-0.04","-0.0061349885675159","0.2381840349863813"
"1997-11-01","5.52","0.0199999999999995","0.0030721990369702","0.2588467032813835"
"1997-12-01","5.5","-0.0199999999999995","-0.0030721990369702","0.24093790259499048"
"1998-01-01","5.56","0.0599999999999996","0.0091884260544061","0.3044815041918554"
"1998-02-01","5.51","-0.0499999999999998","-0.0076511467355195","0.25949952024788026"
"1998-03-01","5.49","-0.0199999999999995","-0.0030769255044793","0.24601161354464018"
"1998-04-01","5.45","-0.04","-0.0061823999083174","0.2140354445525956"
"1998-05-01","5.49","0.04","0.0061823999083174","0.2635867755044483"
"1998-06-01","5.56","0.0699999999999994","0.0107280722399989","0.34467971712484324"
"1998-07-01","5.54","-0.0199999999999995","-0.0030534374868902","0.3373263462898519"
"1998-08-01","5.55","0.0099999999999997","0.0015278841780532","0.3615360803098264"
"1998-09-01","5.51","-0.04","-0.0061255934266826","0.3373157336683761"
"1998-10-01","5.07","-0.4399999999999995","-0.0699808511490709","-0.08533066878113615"
"1998-11-01","4.83","-0.2400000000000002","-0.0403416047090059","-0.3064017049302068"
"1998-12-01","4.68","-0.1500000000000003","-0.0260657676293412","-0.43589529425468054"
"1999-01-01","4.63","-0.0499999999999998","-0.0088417905814608","-0.4638069920197152"
"1999-02-01","4.76","0.1299999999999999","0.0228280325562009","-0.3101289901008517"
"1999-03-01","4.81","0.0499999999999998","0.0086430961560197","-0.23484990161597707"
"1999-04-01","4.74","-0.0699999999999994","-0.0121213605323446","-0.2779559467123711"
"1999-05-01","4.74","0.0","0.0","-0.24943153342387703"
"1999-06-01","4.76","0.0199999999999995","0.0034782643763249","-0.19925892506252652"
"1999-07-01","4.99","0.2300000000000004","0.0391539374195581","0.06258153968568081"
"1999-08-01","5.07","0.08","0.0132671929440488","0.17611105962645102"
"1999-09-01","5.22","0.1499999999999994","0.0244113016796809","0.3613503506832414"
"1999-10-01","5.2","-0.0199999999999995","-0.0032206147000419","0.37831876989787894"
"1999-11-01","5.42","0.2199999999999997","0.0348688256508238","0.6370328861150352"
"1999-12-01","5.3","-0.1200000000000001","-0.0188684843043829","0.5575063490530772"
"2000-01-01","5.45","0.1500000000000003","0.0235304974101941","0.7497478930531658"
"2000-02-01","5.73","0.2800000000000002","0.0424950128489554","1.0737619507099385"
"2000-03-01","5.85","0.1199999999999992","0.0176735086174972","1.2395471695262703"
"2000-04-01","6.02","0.1699999999999999","0.0245145657635859","1.4570939118047992"
"2000-05-01","6.27","0.25","0.0349930735077081","1.7563829754409914"
"2000-06-01","6.53","0.2600000000000007","0.0351387502663742","2.0673839153217353"
"2000-07-01","6.54","0.0099999999999997","0.0013271402080627","2.130052733996143"
"2000-08-01","6.5","-0.04","-0.0053191614776002","2.144329481976949"
"2000-09-01","6.52","0.0199999999999995","0.0026631174194835","2.220137774184799"
"2000-10-01","6.51","-0.0099999999999997","-0.0013306721857047","2.267384679788165"
"2000-11-01","6.51","0.0","0.0","2.3259601372628147"
"2000-12-01","6.4","-0.1099999999999994","-0.0147554655659192","2.2757365898323583"
"2001-01-01","5.98","-0.4199999999999999","-0.058431083435843","1.9165685334971236"
"2001-02-01","5.49","-0.4900000000000002","-0.0727863860582826","1.4882929045615292"
"2001-03-01","5.31","-0.1800000000000006","-0.0281268541628767","1.3707318509925441"
"2001-04-01","4.8","-0.5099999999999998","-0.0842777590007481","0.9236960370155884"
"2001-05-01","4.21","-0.5899999999999999","-0.107278061787098","0.3969855502214288"
"2001-06-01","3.97","-0.2399999999999997","-0.047160015656738","0.2203933509165954"
"2001-07-01","3.77","-0.2000000000000001","-0.0410735352082878","0.0837093362475061"
"2001-08-01","3.65","-0.1200000000000001","-0.0254790853009847","0.0267217027946014"
"2001-09-01","3.07","-0.5800000000000001","-0.1332242201447613","-0.49078199876705186"
"2001-10-01","2.49","-0.5799999999999996","-0.1537412632401678","-1.0090144239483663"
"2001-11-01","2.09","-0.4000000000000003","-0.1217306453046818","-1.3481844413621165"
"2001-12-01","1.82","-0.2699999999999998","-0.0914342059596318","-1.5584931340159531"
"2002-01-01","1.73","-0.09","-0.0324352757531538","-1.5901311822598019"
"2002-02-01","1.74","0.01","0.0036563112031104","-1.5232772410336033"
"2002-03-01","1.73","-0.01","-0.0036563112031104","-1.4780976957465723"
"2002-04-01","1.75","0.02","0.0072993024816114","-1.4047471781255076"
"2002-05-01","1.75","0.0","0.0","-1.3533689148223949"
"2002-06-01","1.75","0.0","0.0","-1.3040952933906222"
"2002-07-01","1.73","-0.02","-0.0072993024816114","-1.2770482587222003"
"2002-08-01","1.74","0.01","0.0036563112031104","-1.222339693245454"
"2002-09-01","1.75","0.01","0.0036429912785009","-1.170071625621281"
"2002-10-01","1.75","0.0","0.0","-1.1303366528771432"
"2002-11-01","1.34","-0.4099999999999999","-0.1614499823088697","-1.5032183437100575"
"2002-12-01","1.24","-0.1","-0.0436750635026617","-1.5687915450836074"
"2003-01-01","1.24","0.0","0.0","-1.5371195050544022"
"2003-02-01","1.26","0.02","0.0088889474172461","-1.4882533668060185"
"2003-03-01","1.25","-0.01","-0.0044345970678657","-1.4722324130320223"
"2003-04-01","1.26","0.01","0.0044345970678657","-1.4390844429895078"
"2003-05-01","1.26","0.0","0.0","-1.418825896117568"
"2003-06-01","1.22","-0.04","-0.0178576174000064","-1.4414621078086662"
"2003-07-01","1.01","-0.2099999999999999","-0.0993724738132036","-1.6369874657245853"
"2003-08-01","1.03","0.02","0.0099010709827116","-1.6053852351343016"
"2003-09-01","1.01","-0.02","-0.0099010709827116","-1.6166260502306675"
"2003-10-01","1.01","0.0","0.0","-1.6106681579747824"
"2003-11-01","1.0","-0.01","-0.004987541511039","-1.6174573313613063"
"2003-12-01","0.98","-0.02","-0.0100503358535014","-1.636926915389855"
"2004-01-01","1.0","0.02","0.0100503358535014","-1.6189977746794"
"2004-02-01","1.01","0.01","0.004987541511039","-1.613578143239997"
"2004-03-01","1.0","-0.01","-0.004987541511039","-1.630563762814921"
"2004-04-01","1.0","0.0","0.0","-1.6398379246988108"
"2004-05-01","1.0","0.0","0.0","-1.6512713386757887"
"2004-06-01","1.03","0.03","0.0148886124937507","-1.634722061459571"
"2004-07-01","1.26","0.2299999999999999","0.1073290202304985","-1.4200354084726807"
"2004-08-01","1.43","0.1699999999999999","0.0725264440682625","-1.2670440815414883"
"2004-09-01","1.61","0.1800000000000001","0.0714589639821449","-1.1055698254290272"
"2004-10-01","1.76","0.1499999999999999","0.0558804583944564","-0.975424608323628"
"2004-11-01","1.93","0.1699999999999999","0.0597717432999174","-0.8264118677822496"
"2004-12-01","2.16","0.2300000000000002","0.0755696045698448","-0.6183275149374046"
"2005-01-01","2.28","0.1199999999999996","0.0372713947972316","-0.520961084286824"
"2005-02-01","2.5","0.2200000000000002","0.0649195460993157","-0.32409733928259943"
"2005-03-01","2.63","0.1299999999999999","0.0364696797813912","-0.2175170236153705"
"2005-04-01","2.79","0.1600000000000001","0.0431333708175756","-0.08099838022469985"
"2005-05-01","3.0","0.2099999999999999","0.0539283420255556","0.10568202632194446"
"2005-06-01","3.04","0.04","0.009950330853168","0.12274825644459675"
"2005-07-01","3.26","0.2199999999999997","0.0530244683082203","0.3204235551155592"
"2005-08-01","3.5","0.2400000000000002","0.0548082364949951","0.5389302201755299"
"2005-09-01","3.62","0.1200000000000001","0.0263173083173733","0.63848807706123"
"2005-10-01","3.78","0.1599999999999997","0.0340458414097168","0.7793127927971883"
"2005-11-01","4.0","0.2200000000000002","0.0449973659307358","0.9816151078024027"
"2005-12-01","4.16","0.1600000000000001","0.0314986670593711","1.1255997492798757"
"2006-01-01","4.29","0.1299999999999999","0.0248816663767366","1.2414638702419634"
"2006-02-01","4.49","0.2000000000000001","0.0371100096512313","1.4293959385177715"
"2006-03-01","4.59","0.0999999999999996","0.0180510316455684","1.5195748427398743"
"2006-04-01","4.79","0.2000000000000001","0.035153004417896","1.7121684422511998"
"2006-05-01","4.94","0.1500000000000003","0.0255768417896498","1.8573328712801471"
"2006-06-01","4.99","0.0499999999999998","0.0083822787528045","1.9052110528788635"
"2006-07-01","5.24","0.25","0.0408887702539781","2.1559315788273423"
"2006-08-01","5.25","0.0099999999999997","0.0016012813669739","2.1696083402030073"
"2006-09-01","5.25","0.0","0.0","2.176338592808755"
"2006-10-01","5.25","0.0","0.0","2.1862028516423853"
"2006-11-01","5.25","0.0","0.0","2.1992648389656444"
"2006-12-01","5.24","-0.0099999999999997","-0.0016012813669739","2.2055714081911106"
"2007-01-01","5.25","0.0099999999999997","0.0016012813669739","2.2351524430952603"
"2007-02-01","5.26","0.0099999999999997","0.0015987213636969","2.268020809156669"
"2007-03-01","5.26","0.0","0.0","2.2941721253072855"
"2007-04-01","5.25","-0.0099999999999997","-0.0015987213636969","2.3135845103184933"
"2007-05-01","5.25","0.0","0.0","2.3462183810162647"
"2007-06-01","5.25","0.0","0.0","2.3820163024942373"
"2007-07-01","5.26","0.0099999999999997","0.0015987213636969","2.4309027363091595"
"2007-08-01","5.02","-0.2400000000000002","-0.0390929257912775","2.232783764262358"
"2007-09-01","4.94","-0.0799999999999991","-0.013378125946176","2.1975467111896014"
"2007-10-01","4.76","-0.1800000000000006","-0.0307716586667536","2.0650616736568708"
"2007-11-01","4.49","-0.2699999999999996","-0.0480092191863605","1.8451817918512057"
"2007-12-01","4.24","-0.25","-0.0466067571884885","1.6477442718417907"
"2008-01-01","3.94","-0.3000000000000002","-0.0589561671331198","1.4025720821839847"
"2008-02-01","2.98","-0.96","-0.2160835119034847","0.4994754773569752"
"2008-03-01","2.61","-0.3700000000000001","-0.0975740469515566","0.1882538895244985"
"2008-04-01","2.28","-0.33","-0.0958643499487372","-0.0812971031271581"
"2008-05-01","1.98","-0.2999999999999998","-0.0959201218787393","-0.31938337498801417"
"2008-06-01","2.0","0.02","0.0066889881507967","-0.23621017315562787"
"2008-07-01","2.01","0.0099999999999997","0.0033277900926744","-0.16198028034966283"
"2008-08-01","2.0","-0.0099999999999997","-0.0033277900926744","-0.10689465668042208"
"2008-09-01","1.81","-0.1899999999999999","-0.0654278053224552","-0.2311530124103669"
"2008-10-01","0.97","-0.8400000000000001","-0.3551509405957573","-1.0049542329975087"
"2008-11-01","0.39","-0.58","-0.3487297956072967","-1.5184954203117993"
"2008-12-01","0.16","-0.23","-0.1808837420243271","-1.6819659219467027"
"2009-01-01","0.15","-0.01","-0.0086580627431145","-1.6255433687100322"
"2009-02-01","0.22","0.07","0.0590889163700064","-1.4893924132774867"
"2009-03-01","0.18","-0.04","-0.0333364202675918","-1.4636651655518584"
"2009-04-01","0.15","-0.03","-0.0257524961024146","-1.4285022432105283"
"2009-05-01","0.18","0.03","0.0257524961024146","-1.33403297021818"
"2009-06-01","0.21","0.03","0.0251059211310763","-1.2403756481456452"
"2009-07-01","0.16","-0.0499999999999999","-0.0422003544903764","-1.22763828509948"
"2009-08-01","0.16","0.0","0.0","-1.165919318386486"
"2009-09-01","0.15","-0.01","-0.0086580627431145","-1.115307712795833"
"2009-10-01","0.12","-0.03","-0.0264332570681555","-1.0858834368256542"
"2009-11-01","0.12","0.0","0.0","-1.0277178532046949"
"2009-12-01","0.12","0.0","0.0","-0.9708739459314774"
"2010-01-01","0.11","-0.0099999999999999","-0.0089686699827604","-0.9254067690828166"
"2010-02-01","0.13","0.02","0.0178576174000064","-0.8513638854242163"
"2010-03-01","0.16","0.03","0.026202372394024","-0.7687857172368504"
"2010-04-01","0.2","0.04","0.0339015516756813","-0.6777061176361117"
"2010-05-01","0.2","0.0","0.0","-0.6281530077488326"
"2010-06-01","0.18","-0.02","-0.0168071183163812","-0.6001490794879762"
"2010-07-01","0.18","0.0","0.0","-0.5537121779068781"
"2010-08-01","0.19","0.01","0.0084388686458646","-0.4988555172789399"
"2010-09-01","0.19","0.0","0.0","-0.4555880394070561"
"2010-10-01","0.19","0.0","0.0","-0.41391483690031344"
"2010-11-01","0.19","0.0","0.0","-0.3738374870279882"
"2010-12-01","0.18","-0.01","-0.0084388686458646","-0.34535437327203494"
"2011-01-01","0.17","-0.0099999999999999","-0.0085106896679086","-0.31846099456589705"
"2011-02-01","0.16","-0.01","-0.0085837436913914","-0.2931501850716193"
"2011-03-01","0.14","-0.0199999999999999","-0.0173917427118692","-0.279412321690486"
"2011-04-01","0.1","-0.04","-0.0357180826020792","-0.2872355193624766"
"2011-05-01","0.09","-0.01","-0.0091324835632725","-0.2666057370682986"
"2011-06-01","0.09","0.0","0.0","-0.2375067174652075"
"2011-07-01","0.07","-0.0199999999999999","-0.0185190477672375","-0.22992014606742567"
"2011-08-01","0.1","0.03","0.02765153133051","-0.17382587577561517"
"2011-09-01","0.08","-0.02","-0.0183491386681965","-0.16920198541523673"
"2011-10-01","0.07","-0.0099999999999999","-0.0093023926623135","-0.1560252125627097"
"2011-11-01","0.08","0.0099999999999999","0.0093023926623135","-0.12427098922357822"
"2011-12-01","0.07","-0.0099999999999999","-0.0093023926623135","-0.11391354350514138"
"2012-01-01","0.08","0.0099999999999999","0.0093023926623135","-0.0849261446336086"
"2012-02-01","0.1","0.02","0.0183491386681965","-0.04728118287266217"
"2012-03-01","0.13","0.03","0.0269074529199243","-0.0009503931916585717"
"2012-04-01","0.14","0.01","0.0088106296821548","0.024094854263987706"
"2012-05-01","0.16","0.0199999999999999","0.0173917427118692","0.057883196682142715"
"2012-06-01","0.16","0.0","0.0","0.07044308533358724"
"2012-07-01","0.16","0.0","0.0","0.08180252485949797"
"2012-08-01","0.13","-0.03","-0.026202372394024","0.061988976358726466"
"2012-09-01","0.14","0.01","0.0088106296821548","0.0810292697378028"
"2012-10-01","0.16","0.0199999999999999","0.0173917427118692","0.10894975659325426"
"2012-11-01","0.16","0.0","0.0","0.1157761632957614"
"2012-12-01","0.16","0.0","0.0","0.1215333755543026"
"2013-01-01","0.14","-0.0199999999999999","-0.0173917427118692","0.10624538574326296"
"2013-02-01","0.15","0.0099999999999999","0.0087336799687546","0.11993524847950005"
"2013-03-01","0.14","-0.0099999999999999","-0.0087336799687546","0.11262519858522843"
"2013-04-01","0.15","0.0099999999999999","0.0087336799687546","0.1243365454563626"
"2013-05-01","0.11","-0.0399999999999999","-0.0354019270509159","0.08508972946722314"
"2013-06-01","0.09","-0.02","-0.0181823190831904","0.06490423160520573"
"2013-07-01","0.09","0.0","0.0","0.06379887630115152"
"2013-08-01","0.08","-0.0099999999999999","-0.009216655104924","0.05179198718164549"
"2013-09-01","0.08","0.0","0.0","0.04890139559799238"
"2013-10-01","0.09","0.0099999999999999","0.009216655104924","0.05514453327196628"
"2013-11-01","0.08","-0.0099999999999999","-0.009216655104924","0.040538454599757995"
"2013-12-01","0.09","0.0099999999999999","0.009216655104924","0.04509978847961631"
"2014-01-01","0.07","-0.0199999999999999","-0.0185190477672375","0.0188448510130724"
"2014-02-01","0.07","0.0","0.0","0.011789610309462434"
"2014-03-01","0.08","0.0099999999999999","0.0093023926623135","0.013949889070321561"
"2014-04-01","0.09","0.0099999999999999","0.009216655104924","0.01534141902796958"
"2014-05-01","0.09","0.0","0.0","0.005979824276693441"
"2014-06-01","0.1","0.01","0.0091324835632725","0.005880610535633227"
"2014-07-01","0.09","-0.01","-0.0091324835632725","-0.014940762616690334"
"2014-08-01","0.09","0.0","0.0","-0.02646888097683775"
"2014-09-01","0.09","0.0","0.0","-0.03868821505770731"
"2014-10-01","0.09","0.0","0.0","-0.05158303113700452"
"2014-11-01","0.09","0.0","0.0","-0.06513729697225701"
"2014-12-01","0.12","0.03","0.0271509890659508","-0.04933458230377688"
"2015-01-01","0.11","-0.0099999999999999","-0.0089686699827604","-0.07415795426927611"
"2015-02-01","0.11","0.0","0.0","-0.08959009933839314"
"2015-03-01","0.11","0.0","0.0","-0.10561313177432925"
"2015-04-01","0.12","0.0099999999999999","0.0089686699827604","-0.11220847455865526"
"2015-05-01","0.12","0.0","0.0","-0.12935673575680173"
"2015-06-01","0.13","0.01","0.008888947417246","-0.13703765762806852"
"2015-07-01","0.13","0.0","0.0","-0.15522998430879442"
"2015-08-01","0.14","0.01","0.0088106296821548","-0.16391140254598469"
"2015-09-01","0.14","0.0","0.0","-0.18305840132442014"
"2015-10-01","0.12","-0.02","-0.0176995770994009","-0.2226462048804051"
"2015-11-01","0.12","0.0","0.0","-0.24264862496257933"
"2015-12-01","0.24","0.12","0.1017826943099423","-0.14303775537047075"
"2016-01-01","0.34","0.1","0.0775582343458745","-0.06378381761483393"
"2016-02-01","0.38","0.0399999999999999","0.0294138852062932","-0.04485592952003914"
"2016-03-01","0.36","-0.02","-0.0145987994211526","-0.08622271675136983"
"2016-04-01","0.37","0.01","0.0073260400920729","-0.09785245886354199"
"2016-05-01","0.37","0.0","0.0","-0.11971277011253123"
"2016-06-01","0.38","0.01","0.0072727593290797","-0.13177050971990845"
"2016-07-01","0.39","0.01","0.0072202479734871","-0.14399161319759846"
"2016-08-01","0.4","0.01","0.0071684894786125","-0.15634099930976564"
"2016-09-01","0.4","0.0","0.0","-0.17878247577417627"
"2016-10-01","0.4","0.0","0.0","-0.20127864397372563"
"2016-11-01","0.41","0.0099999999999999","0.0071174677688639","-0.21379072579689745"
"2016-12-01","0.54","0.13","0.0881927120354609","-0.10627839005621831"
"2017-01-01","0.65","0.1099999999999999","0.0689928714869514","-0.01869965594441758"
"2017-02-01","0.66","0.01","0.0060423144559625","-0.0310117226049188"
"2017-03-01","0.79","0.13","0.0753980174842118","0.07682835510632313"
"2017-04-01","0.9","0.1099999999999999","0.0596382663197311","0.1648637616213362"
"2017-05-01","0.91","0.01","0.0052493558861436","0.15313708856076658"
"2017-06-01","1.04","0.13","0.0658465657975866","0.2616896554483341"
"2017-07-01","1.15","0.1099999999999998","0.0525180342834463","0.3505616001944216"
"2017-08-01","1.16","0.01","0.0046403795565022","0.33979104149910755"
"2017-09-01","1.15","-0.01","-0.0046403795565022","0.309413393111851"
"2017-10-01","1.15","0.0","0.0","0.2894614469376555"
"2017-11-01","1.16","0.01","0.0046403795565022","0.2799656074325033"
"2017-12-01","1.3","0.1400000000000001","0.0628009012390303","0.40095404555355796"
"2018-01-01","1.41","0.1099999999999998","0.0467176245674595","0.4924527720295303"
"2018-02-01","1.42","0.01","0.0041407926660315","0.48448470380791653"
"2018-03-01","1.51","0.09","0.0365152129750975","0.5570689580463046"
"2018-04-01","1.69","0.1799999999999999","0.0692584404700551","0.7202209135943821"
"2018-05-01","1.7","0.01","0.0037105793965356","0.7139516509302474"
"2018-06-01","1.82","0.1200000000000001","0.0434851119397389","0.8182666932718623"
"2018-07-01","1.91","0.0899999999999998","0.0314161962333789","0.8931660549509932"
"2018-08-01","1.91","0.0","0.0","0.8786434365131937"
"2018-09-01","1.95","0.04","0.0136520891683271","0.9046856467906299"
"2018-10-01","2.19","0.24","0.0782157464450248","1.1312727149593225"
"2018-11-01","2.2","0.0100000000000002","0.0031298930089276","1.1283776895961652"
"2018-12-01","2.27","0.0699999999999998","0.0216391751034812","1.1859648903219175"
"2019-01-01","2.4","0.1299999999999999","0.0389854467129535","1.3039899301393647"
"2019-02-01","2.4","0.0","0.0","1.2923992710876315"
"2019-03-01","2.41","0.0100000000000002","0.0029368596733096","1.291129313555148"
"2019-04-01","2.42","0.0099999999999997","0.0029282597790885","1.2901064857137454"
"2019-05-01","2.39","-0.0299999999999998","-0.0088106296821548","1.249247253317714"
"2019-06-01","2.38","-0.0100000000000002","-0.0029542118974317","1.228458127595989"
"2019-07-01","2.4","0.02","0.0058997221271883","1.2376359805240098"
"2019-08-01","2.13","-0.27","-0.0827424270700538","0.9566682052336375"
"2019-09-01","2.04","-0.0899999999999998","-0.0291754891339315","0.8554326451963905"
"2019-10-01","1.83","-0.2099999999999999","-0.0715808037629839","0.6337997621846723"
"2019-11-01","1.55","-0.28","-0.1041833524848114","0.34163341741035325"
"2019-12-01","1.55","0.0","0.0","0.328792581655039"
"2020-01-01","1.55","0.0","0.0","0.3151335896400165"
"2020-02-01","1.58","0.03","0.0116960397631912","0.3305102391067758"
"2020-03-01","0.65","-0.93","-0.4470141110210368","-0.6152261037895331"
"2020-04-01","0.05","-0.6","-0.4519851237430572","-1.2322266231270866"
"2020-05-01","0.05","0.0","0.0","-1.2506377558690625"
"2020-06-01","0.08","0.03","0.0281708769666963","-1.2405964310571644"
"2020-07-01","0.09","0.0099999999999999","0.009216655104924","-1.2522299277504112"
"2020-08-01","0.1","0.01","0.0091324835632725","-1.265655952504496"
"2020-09-01","0.09","-0.01","-0.0091324835632725","-1.3009825496071505"
"2020-10-01","0.09","0.0","0.0","-1.3283079974822756"
"2020-11-01","0.09","0.0","0.0","-1.3577205361081723"
"2020-12-01","0.09","0.0","0.0","-1.3892981561730398"
"2021-01-01","0.09","0.0","0.0","-1.4231083721263713"
"2021-02-01","0.08","-0.0099999999999999","-0.009216655104924","-1.4692079785244796"
"2021-03-01","0.07","-0.0099999999999999","-0.0093023926623135","-1.5176427891492021"
"2021-04-01","0.07","0.0","0.0","-1.5584472813010606"
"2021-05-01","0.06","-0.01","-0.009389740349839","-1.611644222073871"
"2021-06-01","0.08","0.02","0.0186921330121525","-1.6372443535052663"
"2021-07-01","0.1","0.02","0.0183491386681965","-1.6652459821064745"
"2021-08-01","0.09","-0.01","-0.0091324835632725","-1.7256347813304402"
"2021-09-01","0.08","-0.0099999999999999","-0.009216655104924","-1.7883835755098767"
"2021-10-01","0.08","0.0","0.0","-1.8434518738943078"
"2021-11-01","0.08","0.0","0.0","-1.9007853864772741"
"2021-12-01","0.08","0.0","0.0","-1.9603155990866221"
"2022-01-01","0.08","0.0","0.0","-2.0219593309962907"
"2022-02-01","0.08","0.0","0.0","-2.0856182755882497"
"2022-03-01","0.2","0.12","0.1053605156578263","-2.031178524706421"
"2022-04-01","0.33","0.13","0.1028573854397077","-1.9685100774611182"
"2022-05-01","0.77","0.44","0.2858006043520754","-1.5974672602888518"
"2022-06-01","1.21","0.4399999999999999","0.2220129689439236","-1.2278892105051642"
"2022-07-01","1.68","0.47","0.1928242789931038","-0.8296027392893313"
"2022-08-01","2.33","0.6500000000000001","0.2171555094695872","-0.2524251833668436"
"2022-09-01","2.56","0.2299999999999999","0.0667882408715865","-0.09616747820748772"
"2022-10-01","3.08","0.52","0.1363364435521312","0.3493613884441302"
"2022-11-01","3.78","0.6999999999999997","0.158343558087294","0.9743531708764146"
"2022-12-01","4.1","0.3199999999999998","0.0647999932269156","1.2189969276880448"
"2023-01-01","4.33","0.2300000000000004","0.044110698447473","1.3734741993205164"
"2023-02-01","4.57","0.2400000000000002","0.0440438157614395","1.537957120374832"
"2023-03-01","4.65","0.08","0.014260491219157","1.5426072276572453"
"2023-04-01","4.83","0.1799999999999997","0.0313614552040513","1.6475741910209214"
"2023-05-01","5.06","0.2299999999999995","0.038692799718822","1.802995777485478"
"2023-06-01","5.08","0.0200000000000004","0.0032948958968526","1.7489970413067155"
"2023-07-01","5.12","0.04","0.006557400546159","1.7156891247359773"
"2023-08-01","5.33","0.2099999999999999","0.0337381396318501","1.853169674677067"
"2023-09-01","5.33","0.0","0.0","1.7815230996917752"
"2023-10-01","5.33","0.0","0.0","1.710819509193167"
"2023-11-01","5.33","0.0","0.0","1.6411152662740944"
"2023-12-01","5.33","0.0","0.0","1.5724535332595915"
"2024-01-01","5.33","0.0","0.0","1.5048648095482555"
"2024-02-01","5.33","0.0","0.0","1.4383674614095696"
"2024-03-01","5.33","0.0","0.0","1.3729682435018309"
"2024-04-01","5.33","0.0","0.0","1.3086628119689738"
"2024-05-01","5.33","0.0","0.0","1.2454362290641647"
"2024-06-01","5.33","0.0","0.0","1.1832634593336895"
"2024-07-01","5.33","0.0","0.0","1.1221098574763841"
"2024-08-01","5.33","0.0","0.0","1.0619316480718037"
"2024-09-01","5.13","-0.2000000000000001","-0.0321054862079648","0.8026763974444275"
"2024-10-01","4.83","-0.2999999999999998","-0.0501777495857189","0.4442834780017"
"2024-11-01","4.64","-0.1900000000000004","-0.0331329348524336","0.19668606866034288"
"2024-12-01","4.48","-0.1599999999999992","-0.0287789645500431","-0.02018607977617659"
"2025-01-01","4.33","-0.1500000000000003","-0.0277538627821711","-0.22640473414381557"
"2025-02-01","4.33","0.0","0.0","-0.282041505521736"
"2025-03-01","4.33","0.0","0.0","-0.33716625803899714"
"2025-04-01","4.33","0.0","0.0","-0.39184667957847186"
"2025-05-01","4.33","0.0","0.0","-0.44614785643153443"
"2025-06-01","4.33","0.0","0.0","-0.5001318513812283"
"2025-07-01","4.33","0.0","0.0","-0.5538572847117047"
"2025-08-01","4.33","0.0","0.0","-0.6073789176650495"
"2025-09-01","4.22","-0.1100000000000003","-0.0208538362832058","-0.7707472378931879"
"2025-10-01","4.09","-0.1299999999999999","-0.0252195713321159","-0.9540080464823202"
"2025-11-01","3.88","-0.2099999999999999","-0.0421326106973756","-1.2172011973948988"
"2025-12-01","3.72","-0.1599999999999997","-0.0333364202675916","-1.430359183420172"
"2026-01-01","3.64","-0.08","-0.0170944333593001","-1.5635051053628426"
