Date,Price,Open,High,Low,Vol.,Change %
02-09-2026,90.756,90.518,90.811,90.373,,0.18%
02-06-2026,90.596,90.315,90.845,90.173,,0.31%
02-05-2026,90.319,90.362,90.521,90.063,,-0.08%
02-04-2026,90.391,90.377,90.535,90.233,,-0.04%
02-03-2026,90.423,90.328,90.52,90.022,,-0.94%
02-02-2026,91.285,91.778,92.023,91.28,,-0.45%
01/30/2026,91.694,91.87,92.027,91.667,,-0.10%
01/29/2026,91.782,92.031,92.129,91.779,,-0.28%
01/28/2026,92.043,91.54,92.22,91.418,,0.62%
01/27/2026,91.474,91.775,91.896,91.472,,-0.26%
01/26/2026,91.713,91.531,91.79,91.5,,0.04%
01/23/2026,91.675,91.559,91.988,91.415,,0.11%
01/22/2026,91.57,91.537,91.681,91.279,,0.03%
01/21/2026,91.546,91.055,91.753,90.998,,0.47%
01/20/2026,91.119,90.905,91.119,90.871,,0.24%
01/19/2026,90.902,90.717,91.015,90.61,,0.21%
01/16/2026,90.709,90.318,90.891,90.318,,0.38%
01/15/2026,90.362,90.19,90.439,90.181,,0.13%
01/14/2026,90.248,90.265,90.391,89.983,,-0.04%
01/13/2026,90.282,90.233,90.351,90.165,,0.17%
01-12-2026,90.132,90.257,90.272,90.117,,-0.12%
01-09-2026,90.244,89.883,90.318,89.855,,0.38%
01-08-2026,89.905,89.852,90.132,89.73,,0.05%
01-07-2026,89.864,90.166,90.232,89.807,,-0.27%
01-06-2026,90.108,90.231,90.264,90.05,,-0.14%
01-05-2026,90.233,90.131,90.311,90.095,,0.24%
01-02-2026,90.014,89.942,90.255,89.864,,0.05%
01-01-2026,89.968,89.955,89.993,89.865,,0.11%
12/31/2025,89.871,89.78,90.001,89.727,,0.11%
12/30/2025,89.77,89.974,90.02,89.687,,-0.14%
12/29/2025,89.9,89.837,89.993,89.83,,0.12%
12/26/2025,89.796,89.753,89.962,89.697,,0.07%
12/25/2025,89.736,89.735,89.736,89.735,,-0.09%
12/24/2025,89.814,89.534,89.86,89.419,,0.42%
12/23/2025,89.436,89.563,89.851,89.411,,-0.19%
12/22/2025,89.604,89.542,89.768,89.446,,0.03%
12/19/2025,89.577,90.238,90.302,89.255,,-0.76%
12/18/2025,90.267,90.389,90.464,90.042,,-0.16%
12/17/2025,90.409,91.02,91.075,89.906,,-0.59%
12/16/2025,90.949,90.777,91.082,90.71,,0.19%
12/15/2025,90.775,90.55,90.793,90.51,,0.21%
12-12-2025,90.584,90.188,90.652,90.174,,0.37%
12-11-2025,90.251,89.875,90.488,89.846,,0.51%
12-10-2025,89.793,89.908,90.084,89.763,,-0.14%
12-09-2025,89.917,90.13,90.207,89.825,,-0.24%
12-08-2025,90.13,89.962,90.267,89.962,,0.21%
12-05-2025,89.945,89.9,90.076,89.7,,0.12%
12-04-2025,89.837,90.15,90.462,89.726,,-0.37%
12-03-2025,90.171,89.923,90.329,89.857,,0.28%
12-02-2025,89.918,89.606,90.014,89.591,,0.34%
12-01-2025,89.613,89.325,89.8,89.325,,0.29%
11/28/2025,89.357,89.361,89.516,89.316,,-0.01%
11/27/2025,89.365,89.161,89.409,89.116,,0.23%
11/26/2025,89.161,89.17,89.288,89.146,,0.01%
11/25/2025,89.153,89.148,89.274,88.979,,0.01%
11/24/2025,89.148,89.527,89.538,89.063,,-0.55%
11/21/2025,89.641,88.692,89.734,88.602,,1.04%
11/20/2025,88.715,88.487,88.763,88.483,,0.25%
11/19/2025,88.492,88.557,88.623,88.416,,-0.07%
11/18/2025,88.552,88.61,88.697,88.495,,-0.09%
11/17/2025,88.636,88.705,88.748,88.559,,-0.06%
11/14/2025,88.689,88.777,88.808,88.636,,-0.14%
11/13/2025,88.817,88.59,88.831,88.582,,0.26%
11-12-2025,88.59,88.501,88.663,88.499,,0.14%
11-11-2025,88.467,88.707,88.726,88.421,,-0.27%
11-10-2025,88.707,88.65,88.746,88.623,,0.05%
11-07-2025,88.665,88.625,88.731,88.59,,-0.01%
11-06-2025,88.673,88.632,88.693,88.459,,0.13%
11-05-2025,88.557,88.71,88.774,88.545,,-0.20%
11-04-2025,88.732,88.722,88.779,88.332,,0.01%
11-03-2025,88.724,88.722,88.806,88.697,,-0.05%
10/31/2025,88.769,88.637,88.814,88.566,,0.15%
10/30/2025,88.632,88.314,88.765,88.308,,0.25%
10/29/2025,88.408,88.232,88.493,88.141,,0.20%
10/28/2025,88.234,88.223,88.423,88.16,,0.01%
10/27/2025,88.225,87.786,88.311,87.785,,0.44%
10/24/2025,87.836,87.777,87.889,87.63,,0.06%
10/23/2025,87.779,87.716,87.964,87.716,,0.04%
10/22/2025,87.74,88.003,88.003,87.612,,-0.32%
10/21/2025,88.021,87.88,88.092,87.88,,0.17%
10/20/2025,87.875,87.956,88.012,87.738,,-0.15%
10/17/2025,88.003,87.939,88.119,87.716,,0.01%
10/16/2025,87.991,87.754,88.058,87.611,,0.21%
10/15/2025,87.81,88.729,88.799,87.809,,-1.09%
10/14/2025,88.782,88.683,88.827,88.627,,0.13%
10/13/2025,88.665,88.726,88.798,88.564,,-0.10%
10-10-2025,88.757,88.817,88.826,88.494,,-0.12%
10-09-2025,88.866,88.778,88.877,88.694,,0.12%
10-08-2025,88.76,88.759,88.824,88.725,,0.02%
10-07-2025,88.739,88.721,88.785,88.691,,0.02%
10-06-2025,88.721,88.763,88.839,88.695,,-0.02%
10-03-2025,88.735,88.749,88.816,88.664,,0.02%
10-02-2025,88.72,88.669,88.883,88.585,,0.04%
10-01-2025,88.683,88.786,88.856,88.612,,-0.18%
09/30/2025,88.841,88.738,88.877,88.673,,0.15%
09/29/2025,88.704,88.661,88.802,88.624,,0.03%
09/26/2025,88.677,88.774,88.792,88.638,,-0.10%
09/25/2025,88.768,88.732,88.818,88.599,,-0.01%
09/24/2025,88.777,88.79,88.939,88.673,,-0.03%
09/23/2025,88.808,88.304,88.821,88.256,,0.57%
09/22/2025,88.303,88.181,88.346,88.116,,0.23%
09/19/2025,88.1,88.207,88.343,88.052,,-0.12%
09/18/2025,88.206,87.891,88.291,87.834,,0.53%
09/17/2025,87.745,87.879,87.91,87.662,,-0.16%
09/16/2025,87.883,88.069,88.16,87.878,,-0.27%
09/15/2025,88.122,88.279,88.302,88.115,,-0.18%
09-12-2025,88.277,88.298,88.431,88.232,,0.01%
09-11-2025,88.267,88.105,88.499,88.084,,0.24%
09-10-2025,88.054,88.22,88.267,88.021,,-0.22%
09-09-2025,88.248,88.002,88.261,87.949,,0.30%
09-08-2025,87.981,88.153,88.196,87.922,,-0.23%
09-05-2025,88.187,88.125,88.367,88.069,,-0.01%
09-04-2025,88.193,88.079,88.22,87.999,,0.14%
09-03-2025,88.073,88.045,88.195,87.975,,0.09%
09-02-2025,87.998,87.985,88.206,87.825,,0.00%
09-01-2025,88.001,88.175,88.343,87.931,,-0.20%
08/29/2025,88.174,87.591,88.313,87.575,,0.67%
08/28/2025,87.591,87.659,87.696,87.52,,-0.08%
08/27/2025,87.661,87.674,87.883,87.607,,0.03%
08/26/2025,87.635,87.623,87.805,87.582,,0.03%
08/25/2025,87.608,87.31,87.623,87.274,,0.32%
08/22/2025,87.331,87.266,87.551,87.179,,0.04%
08/21/2025,87.294,87.023,87.343,86.926,,0.32%
08/20/2025,87.018,87.073,87.171,86.98,,-0.06%
08/19/2025,87.07,87.297,87.382,86.921,,-0.28%
08/18/2025,87.311,87.545,87.559,87.296,,-0.23%
08/15/2025,87.513,87.692,87.694,87.41,,-0.20%
08/14/2025,87.691,87.471,87.7,87.385,,0.28%
08/13/2025,87.45,87.595,87.727,87.38,,-0.18%
08-12-2025,87.606,87.656,87.761,87.575,,-0.06%
08-11-2025,87.66,87.541,87.763,87.472,,0.20%
08-08-2025,87.489,87.435,87.759,87.435,,0.05%
08-07-2025,87.446,87.715,87.798,87.345,,-0.32%
08-06-2025,87.725,87.785,87.851,87.629,,-0.12%
08-05-2025,87.83,87.977,87.977,87.736,,0.17%
08-04-2025,87.68,87.284,87.727,87.155,,0.50%
08-01-2025,87.245,87.49,87.673,87.17,,-0.32%
07/31/2025,87.524,87.715,87.796,87.501,,-0.19%
07/30/2025,87.691,87.058,87.846,87.05,,0.67%
07/29/2025,87.108,86.77,87.108,86.735,,0.47%
07/28/2025,86.697,86.481,86.725,86.402,,0.22%
07/25/2025,86.503,86.432,86.641,86.405,,0.14%
07/24/2025,86.38,86.401,86.445,86.241,,0.00%
07/23/2025,86.38,86.328,86.471,86.284,,0.07%
07/22/2025,86.322,86.195,86.441,86.18,,0.15%
07/21/2025,86.195,86.134,86.362,86.132,,0.05%
07/18/2025,86.15,86.01,86.244,85.972,,0.13%
07/17/2025,86.035,85.922,86.136,85.796,,0.17%
07/16/2025,85.885,85.959,86.081,85.733,,-0.12%
07/15/2025,85.991,86.009,86.032,85.742,,-0.03%
07/14/2025,86.017,85.824,86.062,85.81,,0.22%
07-11-2025,85.825,85.735,85.921,85.69,,0.09%
07-10-2025,85.749,85.715,85.766,85.533,,0.08%
07-09-2025,85.68,85.76,85.932,85.637,,-0.09%
07-08-2025,85.76,85.778,85.835,85.632,,0.00%
07-07-2025,85.76,85.575,86.043,85.575,,0.31%
07-04-2025,85.497,85.48,85.535,85.307,,0.07%
07-03-2025,85.433,85.559,85.708,85.183,,-0.22%
07-02-2025,85.625,85.617,85.772,85.566,,-0.01%
07-01-2025,85.63,85.7,85.7,85.457,,-0.08%
06/30/2025,85.7,85.479,85.845,85.441,,0.29%
06/27/2025,85.455,85.64,85.681,85.422,,-0.22%
06/26/2025,85.64,86.021,86.055,85.614,,-0.46%
06/25/2025,86.04,85.937,86.148,85.791,,0.11%
06/24/2025,85.944,86.157,86.265,85.899,,-0.73%
06/23/2025,86.58,86.788,86.871,86.571,,0.00%
06/20/2025,86.58,86.684,86.698,86.53,,-0.30%
06/19/2025,86.84,86.416,86.916,86.416,,0.47%
06/18/2025,86.43,86.315,86.573,86.263,,0.13%
06/17/2025,86.318,86.03,86.404,85.89,,0.55%
06/16/2025,85.846,86.149,86.26,85.782,,-0.30%
06/13/2025,86.108,86.164,86.217,85.924,,0.62%
06-12-2025,85.581,85.47,85.665,85.401,,0.13%
06-11-2025,85.468,85.56,85.631,85.412,,-0.15%
06-10-2025,85.596,85.666,85.695,85.505,,-0.09%
06-09-2025,85.67,85.803,85.813,85.466,,-0.14%
06-06-2025,85.786,85.838,86.005,85.621,,-0.06%
06-05-2025,85.835,85.849,85.978,85.663,,-0.05%
06-04-2025,85.875,85.692,86.045,85.651,,0.19%
06-03-2025,85.709,85.392,85.709,85.359,,0.42%
06-02-2025,85.354,85.504,85.594,85.292,,-0.20%
05/30/2025,85.525,85.368,85.653,85.248,,0.12%
05/29/2025,85.419,85.557,85.62,85.386,,0.01%
05/28/2025,85.414,85.519,85.737,85.321,,0.10%
05/27/2025,85.33,85.075,85.464,85.04,,0.28%
05/26/2025,85.088,85.037,85.184,84.785,,-0.13%
05/23/2025,85.2,85.953,86.045,85.111,,-0.92%
05/22/2025,85.995,85.609,86.115,85.53,,0.46%
05/21/2025,85.6,85.537,85.702,85.486,,0.07%
05/20/2025,85.54,85.37,85.659,85.344,,0.18%
05/19/2025,85.39,85.463,85.64,85.336,,-0.13%
05/16/2025,85.5,85.445,85.7,85.252,,-0.05%
05/15/2025,85.546,85.4,85.741,85.348,,0.18%
05/14/2025,85.395,85.038,85.522,85.006,,0.14%
05/13/2025,85.275,84.838,85.48,84.63,,0.46%
05-12-2025,84.885,84.695,84.959,84.592,,-0.61%
05-09-2025,85.409,85.884,85.952,85.284,,-0.15%
05-08-2025,85.536,84.778,85.81,84.528,,0.96%
05-07-2025,84.721,84.647,84.909,84.473,,0.49%
05-06-2025,84.305,84.37,84.637,84.25,,0.01%
05-05-2025,84.295,84.491,84.525,84.114,,-0.27%
05-02-2025,84.527,84.657,84.685,83.765,,-0.07%
05-01-2025,84.59,84.609,84.745,84.552,,-0.01%
04/30/2025,84.599,85.22,85.268,84.466,,-0.65%
04/29/2025,85.155,85.16,85.408,84.945,,-0.01%
04/28/2025,85.163,85.382,85.419,84.949,,-0.26%
04/25/2025,85.385,85.293,85.66,85.085,,0.07%
04/24/2025,85.326,85.515,85.671,85.239,,-0.03%
04/23/2025,85.35,85.221,85.533,85.208,,0.20%
04/22/2025,85.18,85.159,85.239,85.049,,0.01%
04/21/2025,85.17,85.378,85.379,85.025,,-0.30%
04/18/2025,85.429,85.409,85.505,85.39,,0.06%
04/17/2025,85.38,85.602,85.631,85.313,,-0.24%
04/16/2025,85.587,85.713,85.773,85.515,,-0.11%
04/15/2025,85.681,86.023,86.023,85.585,,-0.40%
04/14/2025,86.021,86.036,86.11,85.869,,-0.20%
04-11-2025,86.19,86.244,86.269,85.935,,0.00%
04-10-2025,86.19,86.146,86.334,86.118,,-0.53%
04-09-2025,86.65,86.353,86.751,86.353,,0.48%
04-08-2025,86.24,85.943,86.306,85.812,,0.45%
04-07-2025,85.854,85.611,85.913,85.568,,0.41%
04-04-2025,85.502,85.282,85.641,84.932,,0.30%
04-03-2025,85.247,85.804,85.813,85.203,,-0.24%
04-02-2025,85.45,85.611,85.726,85.432,,-0.14%
04-01-2025,85.57,85.459,85.66,85.451,,0.14%
03/31/2025,85.45,85.459,85.558,85.417,,-0.10%
03/28/2025,85.534,85.68,85.739,85.403,,-0.12%
03/27/2025,85.64,85.795,85.915,85.625,,0.02%
03/26/2025,85.625,85.616,85.895,85.596,,0.05%
03/25/2025,85.583,85.532,85.83,85.531,,0.03%
03/24/2025,85.56,85.99,86.046,85.475,,-0.50%
03/21/2025,85.99,86.325,86.344,85.916,,-0.38%
03/20/2025,86.32,86.337,86.418,86.185,,0.01%
03/19/2025,86.31,86.574,86.675,86.301,,-0.23%
03/18/2025,86.51,86.659,86.783,86.509,,-0.21%
03/17/2025,86.69,86.957,86.973,86.691,,-0.29%
03/14/2025,86.941,86.923,87.004,86.871,,0.05%
03/13/2025,86.897,87.153,87.201,86.923,,-0.29%
03-12-2025,87.15,87.183,87.311,87.149,,-0.03%
03-11-2025,87.176,87.332,87.39,87.141,,-0.13%
03-10-2025,87.29,87.139,87.381,87.138,,0.22%
03-07-2025,87.1,87.149,87.22,86.857,,0.10%
03-06-2025,87.011,86.872,87.166,86.868,,0.15%
03-05-2025,86.88,87.271,87.346,86.876,,-0.43%
03-04-2025,87.255,87.334,87.408,87.134,,-0.01%
03-03-2025,87.26,87.449,87.449,87.239,,-0.24%
02/28/2025,87.466,87.32,87.559,87.266,,0.16%
02/27/2025,87.33,87.108,87.427,87.106,,0.25%
02/26/2025,87.113,87.086,87.192,87.014,,-0.02%
02/25/2025,87.13,86.698,87.263,86.674,,0.54%
02/24/2025,86.66,86.655,86.762,86.506,,0.10%
02/21/2025,86.572,86.509,86.779,86.456,,0.01%
02/20/2025,86.561,86.902,86.926,86.542,,-0.38%
02/19/2025,86.89,86.925,86.958,86.815,,0.03%
02/18/2025,86.867,86.855,86.987,86.837,,0.07%
02/17/2025,86.809,86.676,86.908,86.632,,0.22%
02/14/2025,86.62,86.779,86.905,86.562,,-0.08%
02/13/2025,86.69,86.95,87.014,86.693,,-0.24%
02-12-2025,86.9,86.796,87.034,86.327,,0.13%
02-11-2025,86.789,87.476,87.566,86.639,,-0.78%
02-10-2025,87.469,87.994,87.997,87.429,,-0.18%
02-07-2025,87.627,87.598,87.655,87.309,,0.05%
02-06-2025,87.58,87.336,87.676,87.334,,0.28%
02-05-2025,87.336,87.075,87.501,87.075,,0.31%
02-04-2025,87.07,86.977,87.142,86.948,,0.13%
02-03-2025,86.96,86.916,87.305,86.892,,0.49%
01/31/2025,86.536,86.667,86.682,86.55,,-0.01%
01/30/2025,86.545,86.553,86.661,86.536,,-0.10%
01/29/2025,86.63,86.566,86.648,86.485,,0.05%
01/28/2025,86.584,86.395,86.596,86.391,,0.27%
01/27/2025,86.35,86.244,86.459,86.234,,0.17%
01/24/2025,86.2,86.453,86.478,86.15,,-0.27%
01/23/2025,86.43,86.475,86.531,86.37,,-0.02%
01/22/2025,86.45,86.452,86.601,86.297,,0.00%
01/21/2025,86.452,86.211,86.623,86.211,,0.28%
01/20/2025,86.209,86.564,86.584,86.201,,-0.42%
01/17/2025,86.571,86.61,86.671,86.521,,0.00%
01/16/2025,86.57,86.438,86.648,86.382,,0.22%
01/15/2025,86.38,86.532,86.599,86.298,,-0.17%
01/14/2025,86.525,86.651,86.723,86.47,,-0.14%
01/13/2025,86.646,86.178,86.729,86.094,,0.56%
01-10-2025,86.165,85.922,86.195,85.855,,0.32%
01-09-2025,85.89,85.922,85.947,85.83,,-0.03%
01-08-2025,85.917,85.775,85.943,85.77,,0.13%
01-07-2025,85.803,85.705,85.813,85.649,,0.12%
01-06-2025,85.7,85.816,85.855,85.601,,-0.07%
01-03-2025,85.761,85.836,85.836,85.705,,0.00%
01-02-2025,85.76,85.652,85.798,85.628,,0.13%
01-01-2025,85.645,85.625,85.716,85.625,,0.11%
12/31/2024,85.554,85.538,85.687,85.516,,0.09%
12/30/2024,85.474,85.437,85.605,85.426,,0.10%
12/27/2024,85.388,85.253,85.823,85.229,,0.16%
12/26/2024,85.254,85.201,85.319,85.195,,0.07%
12/25/2024,85.198,85.181,85.21,85.156,,0.03%
12/24/2024,85.176,85.1,85.218,85.075,,0.10%
12/23/2024,85.095,84.96,85.141,84.924,,0.17%
12/20/2024,84.947,85.113,85.113,84.941,,-0.17%
12/19/2024,85.088,85.035,85.148,84.992,,0.26%
12/18/2024,84.867,84.907,84.975,84.84,,-0.04%
12/17/2024,84.902,84.882,84.955,84.877,,0.01%
12/16/2024,84.89,84.846,84.93,84.794,,0.13%
12/13/2024,84.782,84.828,84.896,84.766,,-0.05%
12-12-2024,84.825,84.847,84.902,84.823,,0.04%
12-11-2024,84.795,84.891,84.919,84.799,,-0.10%
12-10-2024,84.88,84.848,84.914,84.775,,0.06%
12-09-2024,84.829,84.704,84.914,84.675,,0.19%
12-06-2024,84.668,84.685,84.718,84.529,,-0.02%
12-05-2024,84.684,84.713,84.757,84.673,,-0.01%
12-04-2024,84.693,84.69,84.776,84.644,,0.02%
12-03-2024,84.676,84.726,84.8,84.63,,-0.08%
12-02-2024,84.74,84.572,84.761,84.56,,0.21%
11/29/2024,84.559,84.476,84.64,84.459,,0.13%
11/28/2024,84.445,84.441,84.524,84.432,,0.04%
11/27/2024,84.41,84.318,84.479,84.315,,0.11%
11/26/2024,84.319,84.271,84.366,84.225,,0.07%
11/25/2024,84.26,84.408,84.438,84.238,,-0.20%
11/22/2024,84.426,84.5,84.523,84.401,,-0.08%
11/21/2024,84.495,84.367,84.522,84.359,,0.16%
11/20/2024,84.36,84.411,84.419,84.34,,-0.04%
11/19/2024,84.39,84.402,84.44,84.371,,-0.01%
11/18/2024,84.398,84.444,84.461,84.371,,-0.03%
11/15/2024,84.424,84.473,84.483,84.411,,-0.04%
11/14/2024,84.461,84.422,84.49,84.384,,0.05%
11/13/2024,84.416,84.38,84.432,84.36,,0.04%
11-12-2024,84.38,84.381,84.428,84.364,,0.00%
11-11-2024,84.379,84.375,84.429,84.357,,-0.02%
11-08-2024,84.395,84.312,84.401,84.302,,0.12%
11-07-2024,84.293,84.311,84.395,84.26,,-0.02%
11-06-2024,84.31,84.115,84.355,84.115,,0.24%
11-05-2024,84.109,84.151,84.18,84.088,,-0.02%
11-04-2024,84.13,84.057,84.149,84.051,,0.06%
11-01-2024,84.08,84.078,84.111,84.038,,0.02%
10/31/2024,84.061,84.094,84.142,84.06,,-0.02%
10/30/2024,84.08,84.063,84.11,84.056,,0.04%
10/29/2024,84.05,84.092,84.102,84.043,,-0.01%
10/28/2024,84.06,84.087,84.1,84.054,,-0.04%
10/25/2024,84.095,84.089,84.11,84.055,,0.05%
10/24/2024,84.05,84.093,84.1,84.05,,-0.01%
10/23/2024,84.056,84.108,84.115,84.056,,-0.02%
10/22/2024,84.07,84.075,84.104,84.054,,0.00%
10/21/2024,84.07,84.08,84.094,84.037,,0.01%
10/18/2024,84.065,84.045,84.092,84.028,,0.04%
10/17/2024,84.035,84.043,84.083,83.995,,0.01%
10/16/2024,84.03,84.052,84.103,83.975,,-0.01%
10/15/2024,84.04,84.065,84.087,84.015,,-0.01%
10/14/2024,84.045,84.07,84.105,84.021,,-0.07%
10-11-2024,84.101,83.965,84.121,83.942,,0.19%
10-10-2024,83.94,83.939,83.992,83.93,,-0.01%
10-09-2024,83.95,83.938,83.98,83.893,,0.01%
10-08-2024,83.945,83.969,83.996,83.915,,-0.04%
10-07-2024,83.98,84.007,84.018,83.945,,-0.05%
10-04-2024,84.023,83.977,84.05,83.938,,0.04%
10-03-2024,83.99,83.927,84.036,83.895,,0.08%
10-02-2024,83.92,83.908,84.012,83.849,,0.02%
10-01-2024,83.9,83.851,83.951,83.786,,0.17%
09/30/2024,83.755,83.696,83.836,83.67,,0.05%
09/27/2024,83.71,83.622,83.725,83.598,,0.13%
09/26/2024,83.601,83.64,83.729,83.593,,0.00%
09/25/2024,83.6,83.605,83.652,83.506,,0.00%
09/24/2024,83.6,83.572,83.688,83.518,,0.08%
09/23/2024,83.53,83.481,83.577,83.44,,0.05%
09/20/2024,83.485,83.62,83.637,83.468,,-0.16%
09/19/2024,83.62,83.689,83.749,83.558,,-0.04%
09/18/2024,83.65,83.764,83.807,83.651,,-0.12%
09/17/2024,83.747,83.907,83.914,83.695,,-0.11%
09/16/2024,83.84,83.876,83.919,83.834,,-0.05%
09/13/2024,83.88,83.927,83.955,83.843,,-0.05%
09-12-2024,83.92,84.015,84.015,83.919,,-0.05%
09-11-2024,83.96,83.98,84.007,83.926,,0.01%
09-10-2024,83.949,84.005,84.009,83.947,,0.03%
09-09-2024,83.928,83.945,83.985,83.921,,-0.07%
09-06-2024,83.985,83.988,83.99,83.906,,0.03%
09-05-2024,83.961,83.979,84.004,83.956,,0.00%
09-04-2024,83.96,83.994,84.02,83.939,,0.01%
09-03-2024,83.95,83.919,83.991,83.897,,0.08%
09-02-2024,83.88,83.875,83.946,83.85,,0.02%
08/30/2024,83.867,83.884,83.905,83.811,,-0.02%
08/29/2024,83.88,83.944,83.956,83.839,,-0.02%
08/28/2024,83.9,83.963,83.988,83.91,,-0.01%
08/27/2024,83.91,83.87,83.965,83.87,,0.08%
08/26/2024,83.84,83.806,83.923,83.787,,0.04%
08/23/2024,83.809,83.926,83.946,83.799,,-0.14%
08/22/2024,83.93,83.9,83.985,83.881,,0.07%
08/21/2024,83.87,83.805,83.951,83.749,,0.14%
08/20/2024,83.75,83.81,83.88,83.738,,-0.12%
08/19/2024,83.85,83.865,83.952,83.826,,-0.04%
08/16/2024,83.88,83.945,83.979,83.887,,-0.07%
08/15/2024,83.94,83.963,84.007,83.936,,-0.02%
08/14/2024,83.96,83.92,83.985,83.896,,0.06%
08/13/2024,83.91,83.949,83.983,83.911,,-0.02%
08-12-2024,83.93,83.915,83.985,83.899,,-0.02%
08-09-2024,83.945,84.015,84.016,83.873,,-0.05%
08-08-2024,83.99,83.942,84.011,83.924,,0.13%
08-07-2024,83.885,83.955,83.994,83.878,,-0.05%
08-06-2024,83.93,83.996,84,83.833,,-0.10%
08-05-2024,84.018,83.793,84.182,83.757,,0.27%
08-02-2024,83.794,83.753,83.822,83.715,,0.10%
08-01-2024,83.71,83.709,83.762,83.651,,0.01%
07/31/2024,83.699,83.761,83.77,83.654,,-0.02%
07/30/2024,83.72,83.746,83.764,83.702,,-0.03%
07/29/2024,83.748,83.725,83.774,83.7,,0.05%
07/26/2024,83.703,83.76,83.77,83.701,,-0.02%
07/25/2024,83.72,83.769,83.81,83.648,,0.01%
07/24/2024,83.71,83.69,83.739,83.675,,0.04%
07/23/2024,83.676,83.664,83.731,83.606,,0.03%
07/22/2024,83.651,83.741,83.741,83.637,,-0.09%
07/19/2024,83.724,83.668,83.741,83.596,,0.17%
07/18/2024,83.58,83.576,83.682,83.555,,0.00%
07/17/2024,83.58,83.532,83.592,83.494,,0.07%
07/16/2024,83.524,83.59,83.626,83.53,,-0.03%
07/15/2024,83.551,83.507,83.628,83.493,,0.05%
07-12-2024,83.513,83.507,83.564,83.476,,0.01%
07-11-2024,83.507,83.518,83.607,83.472,,0.00%
07-10-2024,83.51,83.492,83.545,83.465,,0.05%
07-09-2024,83.465,83.479,83.522,83.452,,-0.04%
07-08-2024,83.5,83.495,83.522,83.434,,0.00%
07-05-2024,83.5,83.503,83.532,83.458,,0.03%
07-04-2024,83.475,83.495,83.561,83.463,,-0.05%
07-03-2024,83.52,83.497,83.564,83.435,,0.02%
07-02-2024,83.5,83.44,83.567,83.422,,0.07%
07-01-2024,83.438,83.38,83.479,83.349,,0.10%
06/28/2024,83.355,83.458,83.492,83.329,,-0.10%
06/27/2024,83.438,83.579,83.596,83.408,,-0.15%
06/26/2024,83.56,83.452,83.632,83.413,,0.19%
06/25/2024,83.403,83.439,83.51,83.394,,-0.06%
06/24/2024,83.45,83.563,83.59,83.41,,-0.13%
06/21/2024,83.558,83.654,83.654,83.484,,-0.07%
06/20/2024,83.62,83.422,83.684,83.417,,0.19%
06/19/2024,83.46,83.394,83.491,83.34,,0.16%
06/18/2024,83.33,83.498,83.56,83.322,,-0.20%
06/17/2024,83.5,83.523,83.567,83.503,,-0.06%
06/14/2024,83.547,83.546,83.593,83.514,,0.01%
06/13/2024,83.54,83.507,83.575,83.487,,0.13%
06-12-2024,83.43,83.618,83.622,83.433,,-0.20%
06-11-2024,83.6,83.521,83.639,83.48,,0.12%
06-10-2024,83.5,83.53,83.551,83.468,,-0.03%
06-07-2024,83.521,83.472,83.529,83.365,,0.07%
06-06-2024,83.466,83.39,83.527,83.357,,0.11%
06-05-2024,83.37,83.539,83.585,83.277,,-0.18%
06-04-2024,83.524,83.12,83.676,83.085,,0.53%
06-03-2024,83.083,83.124,83.188,82.952,,-0.41%
05/31/2024,83.424,83.321,83.501,83.235,,0.17%
05/30/2024,83.28,83.363,83.442,83.246,,-0.07%
05/29/2024,83.34,83.197,83.411,83.172,,0.22%
05/28/2024,83.16,83.137,83.209,83.103,,0.07%
05/27/2024,83.102,83.07,83.147,83.034,,0.05%
05/24/2024,83.06,83.285,83.3,83.018,,-0.22%
05/23/2024,83.24,83.286,83.322,83.19,,0.02%
05/22/2024,83.22,83.324,83.328,83.21,,-0.04%
05/21/2024,83.25,83.297,83.373,83.226,,-0.04%
05/20/2024,83.28,83.302,83.328,83.224,,0.00%
05/17/2024,83.28,83.511,83.52,83.273,,-0.20%
05/16/2024,83.45,83.42,83.524,83.404,,0.05%
05/15/2024,83.411,83.503,83.529,83.409,,-0.08%
05/14/2024,83.482,83.529,83.55,83.472,,0.03%
05/13/2024,83.46,83.526,83.566,83.465,,-0.10%
05-10-2024,83.541,83.453,83.56,83.446,,0.12%
05-09-2024,83.441,83.476,83.527,83.432,,-0.03%
05-08-2024,83.462,83.466,83.535,83.449,,0.00%
05-07-2024,83.458,83.473,83.529,83.432,,-0.03%
05-06-2024,83.48,83.391,83.545,83.39,,0.12%
05-03-2024,83.376,83.42,83.482,83.308,,-0.07%
05-02-2024,83.435,83.43,83.503,83.401,,-0.02%
05-01-2024,83.455,83.474,83.532,83.446,,0.01%
04/30/2024,83.45,83.459,83.537,83.397,,0.05%
04/29/2024,83.41,83.385,83.513,83.352,,0.01%
04/26/2024,83.4,83.268,83.422,83.267,,0.11%
04/25/2024,83.31,83.338,83.402,83.255,,-0.01%
04/24/2024,83.319,83.28,83.362,83.257,,0.06%
04/23/2024,83.269,83.384,83.407,83.26,,-0.11%
04/22/2024,83.36,83.423,83.457,83.306,,0.00%
04/19/2024,83.358,83.548,83.721,83.362,,-0.21%
04/18/2024,83.53,83.59,83.605,83.487,,-0.14%
04/17/2024,83.65,83.673,83.747,83.589,,0.02%
04/16/2024,83.637,83.534,83.7,83.469,,0.18%
04/15/2024,83.484,83.481,83.544,83.413,,-0.07%
04-12-2024,83.54,83.368,83.622,83.316,,0.26%
04-11-2024,83.324,83.413,83.438,83.295,,-0.08%
04-10-2024,83.389,83.227,83.426,83.147,,0.25%
04-09-2024,83.182,83.271,83.291,83.166,,-0.11%
04-08-2024,83.27,83.344,83.352,83.225,,-0.03%
04-05-2024,83.293,83.417,83.471,83.241,,-0.06%
04-04-2024,83.34,83.478,83.513,83.35,,-0.20%
04-03-2024,83.504,83.375,83.585,83.33,,0.22%
04-02-2024,83.322,83.374,83.448,83.33,,-0.05%
04-01-2024,83.36,83.343,83.408,83.31,,0.01%
03/29/2024,83.35,83.391,83.399,83.335,,0.00%
03/28/2024,83.352,83.373,83.424,83.31,,0.07%
03/27/2024,83.294,83.365,83.48,83.291,,-0.02%
03/26/2024,83.309,83.415,83.441,83.254,,-0.12%
03/25/2024,83.405,83.465,83.548,83.384,,-0.21%
03/22/2024,83.582,83.232,83.733,83.206,,0.49%
03/21/2024,83.174,83.117,83.235,83.034,,0.00%
03/20/2024,83.173,83.053,83.233,82.99,,0.20%
03/19/2024,83.007,82.935,83.063,82.899,,0.13%
03/18/2024,82.9,82.891,82.935,82.825,,0.02%
03/15/2024,82.883,82.99,82.995,82.817,,-0.04%
03/14/2024,82.915,82.827,82.952,82.803,,0.11%
03/13/2024,82.82,82.83,82.923,82.774,,0.04%
03-12-2024,82.786,82.739,82.839,82.72,,0.08%
03-11-2024,82.72,82.754,82.782,82.645,,-0.02%
03-08-2024,82.739,82.713,82.77,82.66,,0.04%
03-07-2024,82.708,82.82,82.85,82.669,,-0.09%
03-06-2024,82.78,82.896,82.919,82.801,,-0.13%
03-05-2024,82.891,82.913,82.938,82.863,,-0.02%
03-04-2024,82.911,82.845,82.935,82.83,,0.08%
03-01-2024,82.841,82.926,82.933,82.836,,-0.07%
02/29/2024,82.9,82.91,82.957,82.864,,0.00%
02/28/2024,82.9,82.924,82.967,82.863,,0.03%
02/27/2024,82.877,82.901,82.921,82.841,,0.04%
02/26/2024,82.846,82.873,82.914,82.851,,-0.02%
02/23/2024,82.859,82.845,82.965,82.845,,0.03%
02/22/2024,82.837,82.933,82.965,82.812,,-0.11%
02/21/2024,82.93,82.895,82.983,82.835,,0.05%
02/20/2024,82.89,83.031,83.043,82.862,,-0.16%
02/19/2024,83.026,82.987,83.061,82.949,,0.02%
02/16/2024,83.013,82.991,83.049,82.983,,0.03%
02/15/2024,82.988,83.035,83.075,82.982,,-0.06%
02/14/2024,83.034,83.104,83.12,83.015,,-0.08%
02/13/2024,83.098,83.008,83.121,82.963,,0.15%
02-12-2024,82.97,83.025,83.057,82.951,,-0.04%
02-09-2024,83,82.984,83.059,82.945,,0.03%
02-08-2024,82.978,82.981,83.021,82.893,,0.00%
02-07-2024,82.977,83.07,83.091,82.934,,-0.10%
02-06-2024,83.062,83.044,83.079,83.015,,0.03%
02-05-2024,83.036,83.011,83.095,82.956,,0.04%
02-02-2024,82.999,82.952,83.027,82.826,,0.06%
02-01-2024,82.947,83.083,83.091,82.915,,-0.18%
01/31/2024,83.095,83.1,83.132,82.998,,-0.03%
01/30/2024,83.12,83.136,83.177,83.087,,-0.02%
01/29/2024,83.134,83.149,83.173,83.118,,0.02%
01/26/2024,83.115,83.17,83.173,83.079,,-0.03%
01/25/2024,83.144,83.141,83.177,83.077,,0.02%
01/24/2024,83.13,83.164,83.184,83.067,,-0.02%
01/23/2024,83.15,83.096,83.188,83.061,,0.06%
01/22/2024,83.1,83.077,83.185,83.059,,0.02%
01/19/2024,83.086,83.187,83.192,83.036,,-0.09%
01/18/2024,83.165,83.197,83.205,83.098,,-0.02%
01/17/2024,83.182,83.085,83.217,83.035,,0.12%
01/16/2024,83.084,82.832,83.15,82.829,,0.31%
01/15/2024,82.827,82.835,82.929,82.775,,-0.04%
01-12-2024,82.857,83.068,83.104,82.779,,-0.25%
01-11-2024,83.063,83.004,83.121,82.93,,0.05%
01-10-2024,83.023,83.113,83.185,82.959,,-0.10%
01-09-2024,83.109,83.053,83.149,83.029,,0.08%
01-08-2024,83.045,83.124,83.178,83.026,,-0.07%
01-05-2024,83.103,83.235,83.286,83.067,,-0.17%
01-04-2024,83.243,83.294,83.335,83.195,,-0.05%
01-03-2024,83.282,83.279,83.348,83.244,,0.01%
01-02-2024,83.27,83.179,83.359,83.179,,0.04%
01-01-2024,83.238,83.24,83.243,83.15,,0.06%
12/29/2023,83.19,83.174,83.242,83.099,,0.03%
12/28/2023,83.169,83.268,83.318,83.125,,-0.11%
12/27/2023,83.263,83.163,83.368,83.163,,0.13%
12/26/2023,83.158,83.169,83.218,83.105,,-0.01%
12/25/2023,83.164,83.179,83.179,83.109,,0.00%
12/22/2023,83.166,83.221,83.275,83.102,,-0.06%
12/21/2023,83.214,83.166,83.291,83.156,,0.09%
12/20/2023,83.139,83.111,83.237,83.087,,0.04%
12/19/2023,83.106,83.153,83.228,83.07,,-0.05%
12/18/2023,83.144,83.018,83.173,82.91,,0.15%
12/15/2023,83.02,83.308,83.332,82.927,,-0.34%
12/14/2023,83.307,83.287,83.372,83.266,,-0.05%
12/13/2023,83.35,83.399,83.438,83.346,,-0.06%
12-12-2023,83.396,83.368,83.434,83.324,,0.06%
12-11-2023,83.35,83.409,83.451,83.349,,-0.09%
12-08-2023,83.425,83.354,83.465,83.335,,0.10%
12-07-2023,83.343,83.337,83.398,83.311,,0.01%
12-06-2023,83.332,83.325,83.381,83.286,,0.01%
12-05-2023,83.32,83.431,83.439,83.317,,-0.13%
12-04-2023,83.426,83.217,83.461,83.215,,0.20%
12-01-2023,83.26,83.356,83.375,83.24,,-0.12%
11/30/2023,83.357,83.359,83.419,83.29,,0.01%
11/29/2023,83.352,83.292,83.383,83.26,,0.01%
11/28/2023,83.34,83.358,83.399,83.292,,0.01%
11/27/2023,83.33,83.324,83.433,83.309,,-0.01%
11/24/2023,83.34,83.35,83.413,83.332,,0.04%
11/23/2023,83.305,83.276,83.368,83.265,,0.02%
11/22/2023,83.287,83.313,83.359,83.255,,-0.03%
11/21/2023,83.308,83.321,83.38,83.228,,-0.01%
11/20/2023,83.317,83.265,83.424,83.23,,0.09%
11/17/2023,83.244,83.161,83.303,83.161,,0.11%
11/16/2023,83.152,83.186,83.273,83.153,,-0.04%
11/15/2023,83.188,82.98,83.213,82.962,,0.26%
11/14/2023,82.973,83.209,83.278,82.906,,-0.25%
11/13/2023,83.18,83.309,83.343,83.201,,-0.15%
11-10-2023,83.309,83.302,83.499,83.224,,-0.01%
11-09-2023,83.315,83.232,83.341,83.216,,0.12%
11-08-2023,83.213,83.234,83.31,83.208,,-0.02%
11-07-2023,83.23,83.221,83.287,83.21,,0.01%
11-06-2023,83.218,83.107,83.263,83.085,,0.09%
11-03-2023,83.14,83.247,83.311,83.134,,-0.11%
11-02-2023,83.234,83.24,83.281,83.174,,0.00%
11-01-2023,83.237,83.278,83.337,83.225,,-0.02%
10/31/2023,83.256,83.26,83.293,83.221,,0.01%
10/30/2023,83.25,83.28,83.305,83.212,,-0.02%
10/27/2023,83.265,83.272,83.301,83.19,,0.03%
10/26/2023,83.243,83.163,83.269,83.131,,0.12%
10/25/2023,83.14,83.022,83.205,83.008,,0.16%
10/24/2023,83.01,83.031,83.102,82.956,,-0.07%
10/23/2023,83.071,83.16,83.206,83.085,,-0.10%
10/20/2023,83.15,83.15,83.216,83.012,,0.06%
10/19/2023,83.097,83.284,83.306,83.082,,-0.23%
10/18/2023,83.29,83.255,83.31,83.211,,0.06%
10/17/2023,83.24,83.215,83.289,83.186,,0.06%
10/16/2023,83.19,83.264,83.296,83.183,,-0.08%
10/13/2023,83.255,83.25,83.297,83.211,,-0.04%
10-12-2023,83.29,83.175,83.302,83.125,,0.16%
10-11-2023,83.16,83.217,83.246,83.116,,0.00%
10-10-2023,83.162,83.266,83.282,83.17,,-0.11%
10-09-2023,83.254,83.187,83.348,83.162,,0.16%
10-06-2023,83.118,83.218,83.303,83.121,,-0.10%
10-05-2023,83.2,83.214,83.305,83.178,,-0.06%
10-04-2023,83.25,83.235,83.346,83.173,,0.04%
10-03-2023,83.214,83.233,83.271,83.127,,0.05%
10-02-2023,83.174,83.165,83.234,83.123,,0.17%
09/29/2023,83.03,83.209,83.209,83.012,,-0.14%
09/28/2023,83.15,83.237,83.273,83.111,,-0.04%
09/27/2023,83.181,83.297,83.312,83.153,,-0.06%
09/26/2023,83.23,83.122,83.309,83.099,,0.12%
09/25/2023,83.13,83.057,83.179,83.029,,0.19%
09/22/2023,82.97,82.876,82.993,82.769,,-0.16%
09/21/2023,83.102,83.193,83.222,83.005,,0.22%
09/20/2023,82.92,83.261,83.297,82.924,,-0.47%
09/19/2023,83.31,83.25,83.344,83.17,,0.05%
09/18/2023,83.27,83.106,83.36,83.085,,0.24%
09/15/2023,83.069,83.063,83.202,82.981,,0.07%
09/14/2023,83.01,82.915,83.101,82.913,,0.09%
09/13/2023,82.934,82.873,83.039,82.855,,0.10%
09-12-2023,82.85,82.905,83.015,82.853,,-0.06%
09-11-2023,82.9,82.955,83.068,82.815,,-0.13%
09-08-2023,83.004,83.133,83.184,82.902,,-0.18%
09-07-2023,83.15,83.22,83.271,83.076,,-0.06%
09-06-2023,83.197,83.075,83.258,82.986,,0.20%
09-05-2023,83.033,82.753,83.097,82.712,,0.38%
09-04-2023,82.715,82.67,82.785,82.65,,0.03%
09-01-2023,82.689,82.647,82.784,82.576,,-0.02%
08/31/2023,82.702,82.678,82.799,82.582,,0.11%
08/30/2023,82.607,82.593,82.819,82.568,,0.04%
08/29/2023,82.574,82.646,82.842,82.576,,-0.03%
08/28/2023,82.6,82.585,82.662,82.527,,-0.04%
08/25/2023,82.637,82.605,82.74,82.532,,0.07%
08/24/2023,82.58,82.579,82.646,82.359,,0.09%
08/23/2023,82.508,83.082,83.09,82.449,,-0.64%
08/22/2023,83.04,83.113,83.122,82.909,,-0.06%
08/21/2023,83.09,83.193,83.217,83.021,,-0.06%
08/18/2023,83.14,83.086,83.221,83.018,,0.01%
08/17/2023,83.13,83.222,83.268,82.989,,-0.10%
08/16/2023,83.209,83.24,83.443,83.085,,0.00%
08/15/2023,83.212,83.185,83.467,83.17,,0.05%
08/14/2023,83.17,82.895,83.301,82.895,,0.36%
08-11-2023,82.87,82.789,82.911,82.725,,0.31%
08-10-2023,82.616,82.84,82.861,82.59,,-0.28%
08-09-2023,82.844,82.878,82.88,82.783,,-0.01%
08-08-2023,82.853,82.76,82.984,82.748,,0.12%
08-07-2023,82.75,82.741,82.785,82.678,,0.10%
08-04-2023,82.668,82.74,82.893,82.674,,-0.10%
08-03-2023,82.75,82.719,82.826,82.665,,0.02%
08-02-2023,82.73,82.352,82.811,82.321,,0.47%
08-01-2023,82.34,82.24,82.357,82.222,,0.12%
07/31/2023,82.24,82.227,82.313,82.205,,0.02%
07/28/2023,82.225,82.155,82.354,82.155,,0.09%
07/27/2023,82.15,81.938,82.248,81.88,,0.24%
07/26/2023,81.95,81.899,82.078,81.863,,0.12%
07/25/2023,81.85,81.815,81.918,81.666,,0.07%
07/24/2023,81.79,82.035,82.052,81.786,,-0.23%
07/21/2023,81.98,82.084,82.091,81.928,,-0.11%
07/20/2023,82.07,82.064,82.087,81.908,,0.02%
07/19/2023,82.05,82.087,82.166,82.024,,-0.01%
07/18/2023,82.06,82.062,82.114,81.961,,0.02%
07/17/2023,82.04,82.127,82.209,81.988,,-0.01%
07/14/2023,82.049,82.01,82.203,81.926,,0.01%
07/13/2023,82.04,82.001,82.146,81.948,,0.07%
07-12-2023,81.98,82.405,82.421,81.962,,-0.50%
07-11-2023,82.39,82.55,82.563,82.324,,-0.16%
07-10-2023,82.52,82.665,82.689,82.52,,-0.11%
07-07-2023,82.61,82.766,82.778,82.545,,-0.18%
07-06-2023,82.758,82.398,82.821,82.297,,0.44%
07-05-2023,82.397,82.047,82.413,81.994,,0.55%
07-04-2023,81.946,81.975,82.045,81.868,,0.01%
07-03-2023,81.94,82.061,82.072,81.753,,-0.18%
06/30/2023,82.091,82.09,82.135,81.997,,-0.01%
06/29/2023,82.1,82.037,82.134,81.997,,0.10%
06/28/2023,82.02,81.991,82.099,81.966,,0.05%
06/27/2023,81.983,82.03,82.05,81.934,,0.02%
06/26/2023,81.97,81.971,82.086,81.935,,-0.01%
06/23/2023,81.98,81.927,82.089,81.926,,0.04%
06/22/2023,81.95,81.961,82.017,81.878,,0.02%
06/21/2023,81.93,81.992,82.135,81.94,,-0.09%
06/20/2023,82,81.915,82.173,81.915,,0.11%
06/19/2023,81.91,81.976,82.011,81.879,,0.00%
06/16/2023,81.91,81.913,82.03,81.841,,0.01%
06/15/2023,81.9,82.045,82.279,81.905,,-0.06%
06/14/2023,81.95,82.242,82.335,81.897,,-0.34%
06/13/2023,82.229,82.401,82.473,82.152,,-0.20%
06-12-2023,82.39,82.463,82.504,82.4,,-0.06%
06-09-2023,82.44,82.515,82.525,82.404,,-0.06%
06-08-2023,82.488,82.628,82.628,82.475,,-0.01%
06-07-2023,82.5,82.51,82.587,82.454,,-0.01%
06-06-2023,82.51,82.511,82.663,82.483,,-0.01%
06-05-2023,82.52,82.456,82.697,82.398,,0.15%
06-02-2023,82.398,82.277,82.447,82.262,,0.16%
06-01-2023,82.266,82.666,82.668,82.268,,-0.50%
05/31/2023,82.68,82.648,82.777,82.62,,0.02%
05/30/2023,82.665,82.557,82.794,82.548,,0.10%
05/29/2023,82.586,82.591,82.682,82.511,,0.02%
05/26/2023,82.57,82.745,82.748,82.542,,-0.20%
05/25/2023,82.733,82.68,82.821,82.666,,0.08%
05/24/2023,82.67,82.88,82.897,82.57,,-0.19%
05/23/2023,82.83,82.835,82.89,82.749,,-0.01%
05/22/2023,82.84,82.809,82.903,82.725,,-0.05%
05/19/2023,82.878,82.767,82.953,82.623,,0.19%
05/18/2023,82.72,82.453,82.797,82.348,,0.39%
05/17/2023,82.4,82.272,82.46,82.26,,0.17%
05/16/2023,82.264,82.239,82.317,82.16,,0.03%
05/15/2023,82.237,82.244,82.388,82.182,,0.08%
05-12-2023,82.173,82.12,82.244,82.095,,0.10%
05-11-2023,82.09,81.926,82.195,81.901,,0.23%
05-10-2023,81.9,82.105,82.114,81.875,,-0.24%
05-09-2023,82.1,81.787,82.162,81.771,,0.40%
05-08-2023,81.77,81.711,81.836,81.659,,0.09%
05-05-2023,81.7,81.718,81.827,81.652,,-0.01%
05-04-2023,81.71,81.762,81.829,81.652,,-0.06%
05-03-2023,81.755,81.788,81.872,81.67,,0.01%
05-02-2023,81.75,81.795,81.961,81.715,,-0.02%
05-01-2023,81.77,81.795,81.814,81.715,,0.06%
04/28/2023,81.72,81.72,81.87,81.706,,0.03%
04/27/2023,81.695,81.732,81.864,81.594,,-0.06%
04/26/2023,81.74,82.004,82.026,81.679,,-0.27%
04/25/2023,81.965,81.871,82.043,81.852,,0.02%
04/24/2023,81.95,82.095,82.115,81.865,,-0.10%
04/21/2023,82.03,82.14,82.22,82.008,,-0.11%
04/20/2023,82.12,82.308,82.355,82.05,,-0.18%
04/19/2023,82.265,82.098,82.288,82.057,,0.23%
04/18/2023,82.08,81.995,82.115,81.948,,0.12%
04/17/2023,81.98,81.915,82.096,81.859,,0.20%
04/14/2023,81.82,81.701,81.93,81.547,,0.21%
04/13/2023,81.65,82.008,82.027,81.628,,-0.34%
04-12-2023,81.93,82.088,82.126,81.93,,-0.13%
04-11-2023,82.04,81.966,82.16,81.927,,0.09%
04-10-2023,81.965,81.844,82.045,81.761,,0.13%
04-07-2023,81.86,81.832,81.91,81.79,,0.05%
04-06-2023,81.82,81.953,82.059,81.81,,-0.12%
04-05-2023,81.92,82.123,82.217,81.843,,-0.21%
04-04-2023,82.09,82.219,82.279,82.077,,-0.12%
04-03-2023,82.19,82.391,82.484,82.19,,0.04%
03/31/2023,82.16,82.088,82.282,82.044,,0.10%
03/30/2023,82.08,82.238,82.286,82.03,,-0.12%
03/29/2023,82.178,82.164,82.39,82.164,,0.01%
03/28/2023,82.172,82.195,82.29,82.113,,-0.01%
03/27/2023,82.18,82.374,82.441,82.2,,-0.19%
03/24/2023,82.334,82.265,82.524,82.195,,0.12%
03/23/2023,82.236,82.524,82.542,82.053,,-0.33%
03/22/2023,82.505,82.677,82.742,82.395,,-0.21%
03/21/2023,82.677,82.516,82.733,82.516,,0.20%
03/20/2023,82.51,82.495,82.727,82.452,,-0.01%
03/17/2023,82.52,82.615,82.701,82.419,,-0.12%
03/16/2023,82.62,82.773,82.851,82.592,,-0.31%
03/15/2023,82.88,82.28,82.92,82.211,,0.77%
03/14/2023,82.245,82.299,82.579,82.235,,0.01%
03/13/2023,82.235,81.677,82.312,81.677,,0.34%
03-10-2023,81.96,82.037,82.21,81.843,,-0.07%
03-09-2023,82.02,81.967,82.088,81.763,,0.09%
03-08-2023,81.95,82.037,82.298,81.859,,-0.06%
03-07-2023,82,81.852,82.025,81.725,,0.23%
03-06-2023,81.81,81.778,81.973,81.61,,0.16%
03-03-2023,81.68,82.348,82.407,81.685,,-0.81%
03-02-2023,82.35,82.425,82.628,82.355,,-0.10%
03-01-2023,82.43,82.588,82.634,82.365,,-0.25%
02/28/2023,82.64,82.69,82.761,82.554,,0.00%
02/27/2023,82.642,82.871,82.951,82.627,,-0.31%
02/24/2023,82.897,82.643,83.026,82.628,,0.37%
02/23/2023,82.59,82.799,82.835,82.562,,-0.29%
02/22/2023,82.83,82.844,82.937,82.776,,-0.02%
02/21/2023,82.844,82.691,82.892,82.68,,0.18%
02/20/2023,82.693,82.72,82.763,82.604,,-0.07%
02/17/2023,82.75,82.703,82.872,82.703,,0.05%
02/16/2023,82.71,82.719,82.845,82.59,,-0.05%
02/15/2023,82.75,82.842,82.972,82.765,,-0.19%
02/14/2023,82.91,82.597,83.047,82.565,,0.39%
02/13/2023,82.592,82.582,82.788,82.577,,0.10%
02-10-2023,82.51,82.535,82.644,82.33,,0.00%
02-09-2023,82.511,82.656,82.679,82.402,,-0.17%
02-08-2023,82.65,82.734,82.761,82.472,,-0.25%
02-07-2023,82.86,82.755,82.906,82.618,,0.15%
02-06-2023,82.74,82.388,82.85,82.316,,0.65%
02-03-2023,82.206,82.044,82.326,81.745,,0.20%
02-02-2023,82.039,81.698,82.272,81.685,,0.38%
02-01-2023,81.73,81.765,82.041,81.676,,-0.01%
01/31/2023,81.739,81.599,82.079,81.55,,0.27%
01/30/2023,81.52,81.548,81.725,81.461,,0.01%
01/27/2023,81.51,81.509,81.679,81.473,,0.11%
01/26/2023,81.418,81.531,81.578,81.355,,-0.09%
01/25/2023,81.491,81.602,81.78,81.477,,-0.13%
01/24/2023,81.594,81.488,81.77,81.41,,0.14%
01/23/2023,81.478,80.933,81.509,80.874,,0.62%
01/20/2023,80.979,81.281,81.31,80.973,,-0.32%
01/19/2023,81.24,81.44,81.455,81.207,,-0.25%
01/18/2023,81.44,81.675,81.829,81.163,,-0.23%
01/17/2023,81.63,81.71,81.889,81.547,,0.00%
01/16/2023,81.628,81.227,81.749,81.197,,0.43%
01/13/2023,81.28,81.115,81.522,81.115,,0.22%
01-12-2023,81.1,81.657,81.754,81.11,,-0.66%
01-11-2023,81.637,81.625,81.83,81.496,,0.04%
01-10-2023,81.602,82.185,82.317,81.604,,-0.69%
01-09-2023,82.17,82.234,82.454,82.095,,-0.12%
01-06-2023,82.27,82.604,82.785,82.275,,-0.36%
01-05-2023,82.568,82.74,82.808,82.426,,-0.09%
01-04-2023,82.641,82.779,82.919,82.667,,-0.16%
01-03-2023,82.774,82.698,83.038,82.654,,0.04%
01-02-2023,82.745,82.67,82.8,82.56,,0.03%
12/30/2022,82.717,82.787,82.829,82.539,,-0.05%
12/29/2022,82.758,82.847,82.901,82.754,,0.03%
12/28/2022,82.736,82.84,82.93,82.747,,-0.11%
12/27/2022,82.83,82.675,82.909,82.655,,0.22%
12/26/2022,82.65,82.775,82.847,82.627,,-0.16%
12/23/2022,82.78,82.88,82.902,82.742,,-0.22%
12/22/2022,82.96,82.825,82.989,82.643,,0.10%
12/21/2022,82.88,82.73,82.933,82.654,,0.34%
12/20/2022,82.6,82.582,82.885,82.564,,-0.06%
12/19/2022,82.649,82.775,82.832,82.565,,-0.07%
12/16/2022,82.706,82.865,82.897,82.626,,-0.17%
12/15/2022,82.843,82.537,82.993,82.415,,0.45%
12/14/2022,82.474,82.61,82.715,82.402,,0.12%
12/13/2022,82.375,82.662,82.922,82.373,,-0.31%
12-12-2022,82.634,82.434,82.745,82.423,,0.27%
12-09-2022,82.41,82.244,82.509,82.086,,0.16%
12-08-2022,82.28,82.267,82.477,82.253,,0.09%
12-07-2022,82.204,82.422,82.783,82.188,,-0.33%
12-06-2022,82.48,81.904,82.643,81.897,,0.72%
12-05-2022,81.89,81.255,81.91,81.195,,0.59%
12-02-2022,81.41,81.165,81.527,81.082,,0.36%
12-01-2022,81.12,81.151,81.336,80.985,,-0.29%
11/30/2022,81.359,81.645,81.65,81.271,,-0.31%
11/29/2022,81.616,81.549,81.758,81.541,,-0.03%
11/28/2022,81.64,81.814,81.846,81.518,,-0.06%
11/25/2022,81.685,81.671,81.754,81.432,,0.09%
11/24/2022,81.613,81.633,81.777,81.588,,0.01%
11/23/2022,81.604,81.719,81.934,81.628,,-0.13%
11/22/2022,81.714,81.728,81.83,81.58,,0.02%
11/21/2022,81.699,81.672,81.927,81.579,,0.10%
11/18/2022,81.617,81.53,81.8,81.505,,0.13%
11/17/2022,81.51,81.453,81.854,81.422,,0.04%
11/16/2022,81.48,81.105,81.574,81.105,,0.52%
11/15/2022,81.061,80.992,81.449,80.703,,0.12%
11/14/2022,80.965,80.525,81.299,80.51,,0.61%
11-11-2022,80.477,80.565,80.996,80.483,,-0.19%
11-10-2022,80.63,81.444,81.93,80.632,,-0.87%
11-09-2022,81.335,81.34,81.628,81.21,,-0.04%
11-08-2022,81.37,81.832,82.034,81.241,,-0.53%
11-07-2022,81.804,82.075,82.324,81.809,,-0.19%
11-04-2022,81.962,82.69,82.74,81.97,,-0.93%
11-03-2022,82.731,82.894,82.996,82.693,,0.02%
11-02-2022,82.712,82.682,82.818,82.609,,0.08%
11-01-2022,82.65,82.817,82.826,82.494,,-0.14%
10/31/2022,82.77,82.386,82.877,82.316,,0.62%
10/28/2022,82.261,82.364,82.518,82.269,,-0.13%
10/27/2022,82.368,82.031,82.574,82.017,,0.57%
10/26/2022,81.901,82.445,82.539,81.961,,-0.74%
10/25/2022,82.515,82.755,82.859,82.413,,-0.28%
10/24/2022,82.744,82.603,82.884,82.572,,0.26%
10/21/2022,82.529,82.836,83.104,82.539,,-0.35%
10/20/2022,82.82,82.991,83.268,82.526,,-0.23%
10/19/2022,83.013,82.271,83.101,82.26,,0.88%
10/18/2022,82.291,82.134,82.381,81.998,,0.15%
10/17/2022,82.171,82.4,82.418,82.081,,-0.21%
10/14/2022,82.34,82.182,82.423,82.101,,0.20%
10/13/2022,82.172,82.179,82.66,82.1,,0.02%
10-12-2022,82.159,82.238,82.365,82.151,,-0.12%
10-11-2022,82.256,82.397,82.497,82.084,,-0.14%
10-10-2022,82.37,82.68,82.695,82.236,,-0.54%
10-07-2022,82.82,82.264,82.82,82.089,,0.93%
10-06-2022,82.06,81.515,82.298,81.46,,0.53%
10-05-2022,81.631,81.454,81.711,81.303,,0.22%
10-04-2022,81.451,81.49,81.68,81.265,,-0.05%
10-03-2022,81.494,81.504,81.923,81.48,,-0.02%
09/30/2022,81.509,81.473,81.71,81.142,,0.06%
09/29/2022,81.461,81.565,81.943,81.456,,0.07%
09/28/2022,81.406,81.85,82.005,81.338,,-0.37%
09/27/2022,81.705,81.352,81.772,81.277,,0.12%
09/26/2022,81.61,81.31,81.704,81.31,,0.44%
09/23/2022,81.25,81.025,81.266,80.76,,0.25%
09/22/2022,81.047,80.206,81.13,80.177,,1.43%
09/21/2022,79.907,79.76,80.056,79.73,,0.20%
09/20/2022,79.751,79.65,79.771,79.575,,0.07%
09/19/2022,79.693,79.686,79.818,79.569,,0.01%
09/16/2022,79.686,79.832,79.858,79.566,,-0.19%
09/15/2022,79.839,79.49,79.846,79.428,,0.51%
09/14/2022,79.431,79.566,79.62,79.349,,-0.18%
09/13/2022,79.577,79.375,79.607,78.998,,0.29%
09-12-2022,79.35,79.648,79.72,79.273,,-0.36%
09-09-2022,79.635,79.656,79.665,79.434,,-0.04%
09-08-2022,79.667,79.635,79.835,79.626,,0.05%
09-07-2022,79.63,79.908,79.974,79.594,,-0.30%
09-06-2022,79.87,79.803,79.916,79.735,,0.11%
09-05-2022,79.783,79.925,79.927,79.752,,0.08%
09-02-2022,79.717,79.71,79.914,79.604,,0.06%
09-01-2022,79.673,79.535,79.74,79.281,,0.23%
08/31/2022,79.491,79.707,79.717,79.415,,-0.22%
08/30/2022,79.665,79.968,79.985,79.417,,-0.36%
08/29/2022,79.954,79.989,80.135,79.892,,-0.01%
08/26/2022,79.961,79.883,79.983,79.709,,0.12%
08/25/2022,79.862,79.811,80.006,79.749,,0.10%
08/24/2022,79.78,79.875,79.9,79.691,,-0.08%
08/23/2022,79.847,79.875,79.919,79.682,,0.00%
08/22/2022,79.85,79.905,79.93,79.769,,-0.09%
08/19/2022,79.92,79.775,79.943,79.698,,0.21%
08/18/2022,79.75,79.405,79.765,79.372,,0.50%
08/17/2022,79.35,79.166,79.514,79.155,,0.13%
08/16/2022,79.248,79.55,79.605,79.25,,-0.34%
08/15/2022,79.518,79.654,79.658,79.459,,-0.15%
08-12-2022,79.641,79.61,79.759,79.59,,0.08%
08-11-2022,79.58,79.066,79.695,79.066,,0.62%
08-10-2022,79.09,79.56,79.613,79.018,,-0.59%
08-09-2022,79.563,79.582,79.661,79.497,,-0.03%
08-08-2022,79.584,79.425,79.689,79.42,,0.28%
08-05-2022,79.36,79.16,79.494,78.918,,0.25%
08-04-2022,79.16,79.096,79.84,79.048,,0.07%
08-03-2022,79.108,78.627,79.243,78.574,,0.66%
08-02-2022,78.587,78.961,79.002,78.393,,-0.47%
08-01-2022,78.959,79.185,79.241,78.894,,-0.48%
07/29/2022,79.336,79.604,79.604,79.168,,-0.36%
07/28/2022,79.626,79.763,79.855,79.586,,-0.27%
07/27/2022,79.845,79.823,79.995,79.774,,0.00%
07/26/2022,79.843,79.735,79.884,79.692,,0.19%
07/25/2022,79.691,79.784,79.885,79.678,,-0.17%
07/22/2022,79.83,79.883,79.938,79.803,,-0.03%
07/21/2022,79.85,80.026,80.067,79.76,,-0.16%
07/20/2022,79.98,79.907,80.067,79.878,,0.16%
07/19/2022,79.85,79.989,80.072,79.857,,-0.18%
07/18/2022,79.99,79.817,80.02,79.703,,0.29%
07/15/2022,79.76,79.867,79.979,79.715,,-0.16%
07/14/2022,79.89,79.708,80.235,79.666,,0.30%
07/13/2022,79.65,79.49,79.87,79.475,,0.25%
07-12-2022,79.45,79.466,79.666,79.459,,0.05%
07-11-2022,79.41,79.255,79.585,79.255,,0.19%
07-08-2022,79.26,79.18,79.435,79.128,,0.11%
07-07-2022,79.175,79.046,79.278,78.905,,0.16%
07-06-2022,79.047,79.186,79.398,78.922,,-0.32%
07-05-2022,79.298,78.964,79.428,78.956,,0.45%
07-04-2022,78.939,78.984,79.088,78.871,,-0.02%
07-01-2022,78.956,78.983,79.159,78.818,,-0.01%
06/30/2022,78.965,78.9,79.095,78.867,,0.03%
06/29/2022,78.945,79.004,79.075,78.856,,-0.06%
06/28/2022,78.995,78.445,79.047,78.438,,0.71%
06/27/2022,78.44,78.283,78.571,78.196,,0.24%
06/24/2022,78.255,78.182,78.375,78.12,,0.14%
06/23/2022,78.145,78.22,78.377,78.112,,-0.04%
06/22/2022,78.18,78.15,78.41,78.121,,0.06%
06/21/2022,78.133,77.937,78.143,77.935,,0.26%
06/20/2022,77.927,78.002,78.058,77.879,,-0.03%
06/17/2022,77.952,77.993,78.112,77.941,,-0.03%
06/16/2022,77.977,78.036,78.123,77.917,,-0.25%
06/15/2022,78.171,78.03,78.227,77.977,,0.19%
06/14/2022,78.022,78.128,78.128,77.953,,-0.10%
06/13/2022,78.104,78.185,78.323,77.963,,-0.05%
06-10-2022,78.144,77.804,78.208,77.778,,0.42%
06-09-2022,77.815,77.707,77.874,77.69,,0.14%
06-08-2022,77.709,77.7,77.811,77.598,,0.06%
06-07-2022,77.664,77.784,77.847,77.62,,-0.19%
06-06-2022,77.814,77.678,77.854,77.554,,0.26%
06-03-2022,77.615,77.423,77.68,77.393,,0.28%
06-02-2022,77.399,77.562,77.654,77.377,,-0.21%
06-01-2022,77.56,77.627,77.655,77.431,,-0.05%
05/31/2022,77.598,77.553,77.752,77.553,,0.06%
05/30/2022,77.554,77.595,77.595,77.487,,-0.09%
05/27/2022,77.624,77.64,77.703,77.533,,-0.02%
05/26/2022,77.636,77.504,77.716,77.504,,0.14%
05/25/2022,77.531,77.496,77.641,77.459,,0.07%
05/24/2022,77.475,77.528,77.69,77.463,,-0.09%
05/23/2022,77.545,77.678,77.738,77.445,,-0.41%
05/20/2022,77.865,77.432,77.891,77.432,,0.58%
05/19/2022,77.415,77.825,77.825,77.378,,-0.51%
05/18/2022,77.81,77.455,77.81,77.455,,0.43%
05/17/2022,77.476,77.822,77.822,77.375,,-0.46%
05/16/2022,77.833,77.512,77.911,77.512,,0.46%
05/13/2022,77.48,77.44,77.548,77.243,,0.06%
05-12-2022,77.435,77.418,77.645,77.294,,0.01%
05-11-2022,77.425,77.254,77.502,77.155,,0.26%
05-10-2022,77.225,77.374,77.472,77.114,,-0.18%
05-09-2022,77.365,76.987,77.535,76.987,,0.50%
05-06-2022,76.979,76.518,77.079,76.518,,0.61%
05-05-2022,76.514,76.149,76.578,76.007,,0.30%
05-04-2022,76.282,76.474,76.603,76.206,,-0.25%
05-03-2022,76.47,76.49,76.675,76.45,,-0.02%
05-02-2022,76.485,76.515,76.53,76.327,,-0.07%
04/29/2022,76.535,76.617,76.704,76.264,,-0.18%
04/28/2022,76.67,76.521,76.72,76.407,,0.05%
04/27/2022,76.632,76.773,76.816,76.498,,-0.06%
04/26/2022,76.68,76.546,76.705,76.451,,-0.09%
04/25/2022,76.748,76.556,76.8,76.552,,0.36%
04/22/2022,76.475,76.283,76.533,76.205,,0.28%
04/21/2022,76.262,76.282,76.39,76.08,,-0.01%
04/20/2022,76.269,76.475,76.548,76.156,,-0.23%
04/19/2022,76.445,76.285,76.56,76.253,,0.21%
04/18/2022,76.284,76.308,76.453,76.222,,-0.06%
04/15/2022,76.332,76.306,76.365,76.286,,0.05%
04/14/2022,76.292,76.145,76.296,76.081,,0.22%
04/13/2022,76.122,76.155,76.286,76.044,,0.05%
04-12-2022,76.082,75.938,76.196,75.938,,0.32%
04-11-2022,75.836,75.966,76.111,75.805,,-0.16%
04-08-2022,75.96,75.932,76.061,75.722,,0.06%
04-07-2022,75.913,75.962,76.05,75.776,,-0.04%
04-06-2022,75.947,75.424,76.074,75.424,,0.64%
04-05-2022,75.465,75.434,75.572,75.26,,0.02%
04-04-2022,75.451,75.922,75.951,75.354,,-0.72%
04-01-2022,75.995,75.918,76.021,75.863,,0.09%
03/31/2022,75.928,75.845,75.968,75.651,,0.14%
03/30/2022,75.823,75.668,75.984,75.615,,0.21%
03/29/2022,75.666,76.005,76.176,75.565,,-0.56%
03/28/2022,76.09,76.32,76.39,76.022,,-0.26%
03/25/2022,76.285,76.222,76.299,76.125,,-0.03%
03/24/2022,76.305,76.51,76.51,76.166,,-0.29%
03/23/2022,76.53,76.104,76.53,75.982,,0.49%
03/22/2022,76.159,76.308,76.52,75.996,,-0.17%
03/21/2022,76.285,76.034,76.285,76.005,,0.29%
03/18/2022,76.065,76.065,76.21,76.017,,0.17%
03/17/2022,75.937,76.054,76.09,75.755,,-0.35%
03/16/2022,76.2,76.271,76.482,76.108,,-0.29%
03/15/2022,76.42,76.47,76.69,76.302,,-0.04%
03/14/2022,76.45,76.654,76.72,76.44,,-0.08%
03-11-2022,76.511,76.371,76.737,76.272,,0.26%
03-10-2022,76.31,76.271,76.497,76.071,,-0.09%
03-09-2022,76.382,76.928,77.014,76.317,,-0.68%
03-08-2022,76.905,76.996,77.174,76.725,,-0.09%
03-07-2022,76.975,76.665,77.16,76.665,,0.72%
03-04-2022,76.425,75.945,76.438,75.944,,0.60%
03-03-2022,75.971,75.66,76.02,75.627,,0.44%
03-02-2022,75.638,75.928,75.947,75.59,,-0.19%
03-01-2022,75.782,75.289,75.817,75.284,,0.35%
02/28/2022,75.52,75.767,75.808,75.285,,0.59%
02/25/2022,75.075,75.415,75.475,75.075,,-0.71%
02/24/2022,75.615,74.679,75.835,74.643,,1.31%
02/23/2022,74.64,74.63,74.735,74.531,,0.01%
02/22/2022,74.63,74.692,74.999,74.602,,0.14%
02/21/2022,74.524,74.596,74.742,74.355,,-0.22%
02/18/2022,74.687,75.07,75.109,74.469,,-0.56%
02/17/2022,75.105,74.973,75.233,74.945,,0.07%
02/16/2022,75.05,75.198,75.319,74.955,,-0.17%
02/15/2022,75.177,75.63,75.749,75.162,,-0.67%
