Date,Close
2021-01-05,0.6391497984209006
2021-01-06,-0.4157710721228068
2021-01-07,2.8584726335963975
2021-01-08,1.0187373294425528
2021-01-11,-2.3578126500945604
2021-01-12,-1.240090927950922
2021-01-13,0.3565766780633463
2021-01-14,-0.9056998801357584
2021-01-15,-0.32140810988850005
2021-01-19,3.008424798897712
2021-01-20,5.132053486603526
2021-01-21,0.13842121407951952
2021-01-22,0.4249690385198281
2021-01-25,-0.17871136724736486
2021-01-26,0.8429927425305673
2021-01-27,-4.705781979596347
2021-01-28,1.6581189367523608
2021-01-29,-1.5718345378126897
2021-02-01,3.4197882418378835
2021-02-02,1.2746260765320139
2021-02-03,7.0434717457353395
2021-02-04,-0.4645370368635558
2021-02-05,1.621016228289095
2021-02-08,-0.334779204861869
2021-02-09,-0.5420194608239958
2021-02-10,0.4762375396261777
2021-02-11,-0.06753104491184034
2021-02-12,0.2995631745902773
2021-02-16,0.7500662577881502
2021-02-17,0.20976954072293624
2021-02-18,-0.6152543001580978
2021-02-19,-0.8533089616719512
2021-02-22,-1.8326422934749742
2021-02-23,0.1973097775371126
2021-02-24,1.0752000988892385
2021-02-25,-3.1847848990868908
2021-02-26,0.17852007951100107
2021-03-01,2.076556424515429
2021-03-02,-0.36464897321890716
2021-03-03,-2.4870506601734075
2021-03-04,1.0063170246459963
2021-03-05,2.768131763232228
2021-03-08,-4.175463736559172
2021-03-09,1.307747014406745
2021-03-10,0.021589105798612986
2021-03-11,2.77368790964878
2021-03-12,-2.622711275498558
2021-03-15,0.1295333139610601
2021-03-16,1.1598894561926743
2021-03-17,-0.16072629992474147
2021-03-18,-2.75040635056636
2021-03-19,0.2503497032590775
2021-03-22,-0.3177623574659681
2021-03-23,0.6105720839110641
2021-03-24,-0.4774201436253965
2021-03-25,-0.12609239629866137
2021-03-26,-0.5237540416998653
2021-03-29,0.9053328825853181
2021-03-30,-0.11180237597623417
2021-03-31,0.5429221520366613
2021-04-01,3.1948503041208323
2021-04-05,3.9331647085055312
2021-04-06,-0.12780398146452582
2021-04-07,1.0224712119444967
2021-04-08,0.6062373388688637
2021-04-09,0.8063352690476523
2021-04-12,-1.461294330356756
2021-04-13,0.4601031515061517
2021-04-14,-0.6416186915737098
2021-04-15,1.745822827948439
2021-04-16,-0.04397731876360041
2021-04-19,0.1098651495169402
2021-04-20,-0.4734936083318662
2021-04-21,-0.10671082214772738
2021-04-22,-1.2042959003685694
2021-04-23,1.9757422343540598
2021-04-26,0.40103672768194615
2021-04-27,-0.9386911682101716
2021-04-28,3.014401539389654
2021-04-29,1.9864737435692825
2021-04-30,-0.90882027316861
2021-05-03,-0.7140962704478736
2021-05-04,-1.815056753593881
2021-05-05,0.013826946384453288
2021-05-06,0.9469662780859468
2021-05-07,0.6336533436549042
2021-05-10,-2.4981319466809158
2021-05-11,-1.506818136028022
2021-05-12,-3.156416296939236
2021-05-13,0.9252359531908939
2021-05-14,2.275595197486945
2021-05-17,0.13453053624636796
2021-05-18,-0.8693961703576624
2021-05-19,0.13709302157900355
2021-05-20,1.9395672483050619
2021-05-21,-0.5593983088737052
2021-05-24,2.499744442552009
2021-05-25,0.007796723523311323
2021-05-26,0.9183387899853502
2021-05-27,-1.3747376005909706
2021-05-28,0.2841144662449881
2021-06-01,0.6620479017501725
2021-06-02,-0.4435467866275698
2021-06-03,-0.7827205903931277
2021-06-04,1.8499741057371943
2021-06-07,0.49090803281808165
2021-06-08,0.5854534507234045
2021-06-09,0.2519043254748378
2021-06-10,1.1130212928642125
2021-06-11,-0.3965093610787794
2021-06-14,0.4282784404628028
2021-06-15,-0.34464591082665846
2021-06-16,-0.35923193560008043
2021-06-17,0.4433141258947106
2021-06-18,-0.7297242337993791
2021-06-21,0.6124438582671966
2021-06-22,0.33778169710643086
2021-06-23,-0.5163747828553565
2021-06-24,0.5548468158256926
2021-06-25,-0.31760258199622454
2021-06-28,-0.23015149180543132
2021-06-29,-0.7254774323288037
2021-06-30,-0.650882157461231
2021-07-01,0.7444973719952886
2021-07-02,1.7510589880192151
2021-07-06,0.7221085829611996
2021-07-07,0.14407329064096602
2021-07-08,-0.7865818480461205
2021-07-09,0.21539705372173218
2021-07-12,0.6688643841489695
2021-07-13,0.23732033422338888
2021-07-14,0.7352895436606434
2021-07-15,-0.7115911687103581
2021-07-16,0.3482468917004535
2021-07-19,-2.077004078841883
2021-07-20,1.327396486105824
2021-07-21,1.0450059552932645
2021-07-22,0.45567607219811807
2021-07-23,3.218456441483374
2021-07-26,1.2261917334031247
2021-07-27,-2.152419042697163
2021-07-28,-0.39567569034553257
2021-07-29,0.024623607492090395
2021-07-30,-1.0629395859801838
2021-08-02,0.47486148461464056
2021-08-03,0.12151179852721754
2021-08-04,-0.27657119565633975
2021-08-05,0.5759602811884025
2021-08-06,-0.02177861901933128
2021-08-09,0.6105708099251695
2021-08-10,-0.02339837379363815
2021-08-11,-0.38700127961182146
2021-08-12,0.4152397966332923
2021-08-13,-0.07997252879195046
2021-08-16,0.27593533167287093
2021-08-17,-1.2616226198783898
2021-08-18,-0.6252954970168877
2021-08-19,0.15929995532697377
2021-08-20,1.0147450476493114
2021-08-23,1.8131333472384037
2021-08-24,0.8245373610828767
2021-08-25,0.29468121260085484
2021-08-26,-0.6720603315714567
2021-08-27,1.6017471193468624
2021-08-30,0.5418728655315109
2021-08-31,-0.09702742437591824
2021-09-01,0.16903072006220116
2021-09-02,-1.2109554083006968
2021-09-03,0.2929245687812933
2021-09-07,0.42073180043657915
2021-09-08,-0.5295356905787206
2021-09-09,-0.07118429885146868
2021-09-10,-2.178495332793707
2021-09-13,0.9901700715191576
2021-09-14,-0.13296628397301374
2021-09-15,1.1554648668445233
2021-09-16,-0.666824371410547
2021-09-17,-2.1280535730326964
2021-09-20,-1.8364365692479245
2021-09-21,0.35994507071117526
2021-09-22,0.8290946951724488
2021-09-23,0.5361963310699148
2021-09-24,0.4751819822952132
2021-09-27,-0.8886816215637038
2021-09-28,-3.9218599906734273
2021-09-29,-1.3205155507609823
2021-09-30,-1.0295786480216462
2021-10-01,2.2787870076169217
2021-10-04,-2.0883895737851663
2021-10-05,1.6952356667698554
2021-10-06,0.7687387162224492
2021-10-07,1.2327288609008435
2021-10-08,0.5315933445268807
2021-10-11,-0.9584542496644542
2021-10-12,-1.6411316152089361
2021-10-13,0.7726420369156041
2021-10-14,2.4230252970093726
2021-10-15,0.09393550321508029
2021-10-18,0.811405502875905
2021-10-19,0.5089335668918106
2021-10-20,-1.074983504037631
2021-10-21,0.16445605768884336
2021-10-22,-3.045479306559807
2021-10-25,0.014835606897078003
2021-10-26,0.5538857445702251
2021-10-27,4.631491085133431
2021-10-28,-0.29592759960801557
2021-10-29,1.3629900959909003
2021-11-01,-3.1714560568225867
2021-11-02,1.3506552040451802
2021-11-03,0.5416592221799678
2021-11-04,1.1894820332005496
2021-11-05,0.2827230313370723
2021-11-08,-0.017850053787539087
2021-11-09,-0.1608422998643509
2021-11-10,-1.8646172313593345
2021-11-11,-0.008709660010032115
2021-11-12,1.863353818963075
2021-11-15,-0.2640766936542481
2021-11-16,-0.30093978317504805
2021-11-17,-0.10124743480501948
2021-11-18,1.0069848369486978
2021-11-19,-0.5950987251929672
2021-11-22,-2.027081364415496
2021-11-23,-0.31069384984905396
2021-11-24,-0.11878960703193371
2021-11-26,-2.7940499977550335
2021-11-29,2.198143613128133
2021-11-30,-2.630085704987751
2021-12-01,-0.6790588464684842
2021-12-02,1.4208319948054482
2021-12-03,-0.9692940652699332
2021-12-06,0.799470138871582
2021-12-07,2.814110276033576
2021-12-08,0.36911135951542734
2021-12-09,-0.5059039289302857
2021-12-10,0.2915679342422752
2021-12-13,-1.4261115231773103
2021-12-14,-1.28086407819057
2021-12-15,1.5487356415371012
2021-12-16,-1.8235704124337515
2021-12-17,-1.507201672896864
2021-12-20,-0.3733927252625567
2021-12-21,1.1774153352439798
2021-12-22,1.7823452045746302
2021-12-23,0.03972575427606443
2021-12-27,0.5324271493385647
2021-12-28,-1.1892676463683982
2021-12-29,-0.05330029789185716
2021-12-30,-0.43510466170675427
2021-12-31,-1.0021342944018363
2022-01-03,0.18077957576501008
2022-01-04,-0.5464631424460419
2022-01-05,-4.88806260177992
2022-01-06,-0.1663370875913071
2022-01-07,-0.48995626004233556
2022-01-10,1.0471910941967744
2022-01-11,0.9444284868637122
2022-01-12,1.0658884703650828
2022-01-13,-1.8847740681007485
2022-01-14,0.3781655142521369
2022-01-18,-2.6246380401238287
2022-01-19,-0.5614406960964279
2022-01-20,-1.686133774765809
2022-01-21,-2.682700106921155
2022-01-24,0.12313864022803671
2022-01-25,-2.9208210786138675
2022-01-26,1.8650315027404873
2022-01-27,-0.18401806108106028
2022-01-28,3.0855049950683213
2022-01-31,1.699343586892853
2022-02-01,1.5018673663343962
2022-02-02,7.016736269856659
2022-02-03,-3.798009719208496
2022-02-04,0.16403344022506333
2022-02-07,-2.984743907164967
2022-02-08,0.10589398538029997
2022-02-09,1.5043570193700384
2022-02-10,-2.1276139112085932
2022-02-11,-3.3718972809356327
2022-02-14,0.7766078160896351
2022-02-15,0.7365463711064048
2022-02-16,0.6835719371090166
2022-02-17,-3.9315455011990306
2022-02-18,-1.4930675646306801
2022-02-22,-0.9115176651114841
2022-02-23,-1.506352737401896
2022-02-24,3.8189759998818342
2022-02-25,1.2899245806609494
2022-02-28,0.18391682375227164
2022-03-01,-0.6292999292434996
2022-03-02,0.34209465778374154
2022-03-03,-0.4215160418238338
2022-03-04,-1.7328698067911275
2022-03-07,-4.468285996655675
2022-03-08,0.5497310093552467
2022-03-09,4.954287837337889
2022-03-10,-0.9802589436425767
2022-03-11,-1.7688525443865244
2022-03-14,-2.9958416956500376
2022-03-15,2.1855220171248515
2022-03-16,2.968910498072818
2022-03-17,0.5865141565638988
2022-03-18,1.5301496593897335
2022-03-21,-0.32829069859057297
2022-03-22,2.6536863643116906
2022-03-23,-1.364565790104889
2022-03-24,1.9156055589369048
2022-03-25,0.056266500813938615
2022-03-28,0.21047320467191172
2022-03-29,0.8197803639126579
2022-03-30,-0.5154616179158699
2022-03-31,-2.213847575652329
2022-04-01,0.6575593054866092
2022-04-04,1.9779013613178564
2022-04-05,-1.9039691236707468
2022-04-06,-2.886037140251686
2022-04-07,-0.6115416708601505
2022-04-08,-1.9068541074568357
2022-04-11,-3.286923429851308
2022-04-12,-1.19345744682129
2022-04-13,1.3861482606237752
2022-04-14,-2.4473280061515954
2022-04-18,0.4629555743206328
2022-04-19,1.8966729124208592
2022-04-20,-1.8583152428225402
2022-04-21,-2.705148195625041
2022-04-22,-4.446233132833678
2022-04-25,2.9026194781052386
2022-04-26,-3.1766932603917173
2022-04-27,-3.9174810050043316
2022-04-28,3.654637654516945
2022-04-29,-3.885328081846785
2022-05-02,1.7955519803935382
2022-05-03,0.7347929393562981
2022-05-04,3.60228916478753
2022-05-05,-4.963688436145409
2022-05-06,-1.0268724678568886
2022-05-09,-2.344261019482664
2022-05-10,1.2263038734053866
2022-05-11,-0.6375062789618423
2022-05-12,-0.7963316389878249
2022-05-13,2.8294086225953077
2022-05-16,-1.581682232813565
2022-05-17,1.5574648854264284
2022-05-18,-3.846521491489808
2022-05-19,-1.5756809873679123
2022-05-20,-1.3937924815161884
2022-05-23,2.0382480496132995
2022-05-24,-5.369447981110232
2022-05-25,-0.1735649352612843
2022-05-26,2.202572379575928
2022-05-27,3.9820587497498163
2022-05-31,1.0014505532932583
2022-06-01,-0.005984435804974174
2022-06-02,3.021175633665395
2022-06-03,-2.831488061395616
2022-06-06,2.0211295799221975
2022-06-07,0.09511458547890497
2022-06-08,-0.08460313450353682
2022-06-09,-2.090590123500858
2022-06-10,-3.1763456649634545
2022-06-13,-4.261884343352596
2022-06-14,0.20476873443200277
2022-06-15,2.8465283447925085
2022-06-16,-3.552168047342642
2022-06-17,1.0545268566527477
2022-06-21,3.68289502302248
2022-06-22,-0.0748996351341856
2022-06-23,0.4870814467359476
2022-06-24,4.972302028018637
2022-06-27,-1.7210030463782344
2022-06-28,-3.627218249640608
2022-06-29,-0.37209131210691565
2022-06-30,-2.6945646642468244
2022-07-01,-0.35873305913567505
2022-07-05,4.219730677718546
2022-07-06,1.0661522359082676
2022-07-07,3.3985956050048163
2022-07-08,0.6284701387230686
2022-07-11,-3.172920041380701
2022-07-12,-1.538055612980861
2022-07-13,-2.437402228801867
2022-07-14,-0.7599492329750445
2022-07-15,1.091873581353363
2022-07-18,-2.658046584592034
2022-07-19,4.104172646435854
2022-07-20,-0.022090765417660384
2022-07-21,0.20411657786538656
2022-07-22,-6.073952853361876
2022-07-25,-0.23038485293913707
2022-07-26,-2.6850380960905316
2022-07-27,7.362269275712195
2022-07-28,0.7758395050847734
2022-07-29,1.6813157368134257
2022-08-01,-1.0913549507462383
2022-08-02,0.27116666460276123
2022-08-03,2.3626532479272147
2022-08-04,-0.01611460255077731
2022-08-05,-0.6401955791769841
2022-08-08,-0.15954437077827605
2022-08-09,-0.6350824186674996
2022-08-10,2.553694100632308
2022-08-11,-0.7821975757933207
2022-08-12,2.2425476638011634
2022-08-15,0.09549546566673853
2022-08-16,-0.39342916466724814
2022-08-17,-1.8956448256123315
2022-08-18,0.3559228875878108
2022-08-19,-2.385040753580837
2022-08-22,-2.707906579455811
2022-08-23,-0.3529217866202093
2022-08-24,-0.1528744320188356
2022-08-25,2.4900258838002944
2022-08-26,-5.682843088816748
2022-08-29,-0.9581381902475937
2022-08-30,-0.482325297682019
2022-08-31,-0.7857462189231567
2022-09-01,1.182619152624097
2022-09-02,-1.7978805460591174
2022-09-06,-1.2021621903904445
2022-09-07,2.661098827094465
2022-09-08,-1.0559558911589007
2022-09-09,2.042036934592838
2022-09-12,-0.011386456782714736
2022-09-13,-6.134772161090064
2022-09-14,0.438483550044987
2022-09-15,-1.9701752739285772
2022-09-16,-0.3520680464031987
2022-09-19,0.12019464910000181
2022-09-20,-2.0561353457436713
2022-09-21,-1.8953279134854795
2022-09-22,0.46651866608680054
2022-09-23,-1.493699936600491
2022-09-26,-0.4555502094341311
2022-09-27,-0.8232026151436377
2022-09-28,2.573889890425173
2022-09-29,-2.7576228277344637
2022-09-30,-2.0894612571015667
2022-10-03,3.1317379344671483
2022-10-04,2.9920240954399926
2022-10-05,-0.27756838103567644
2022-10-06,-0.07230344337208025
2022-10-07,-2.73807036042737
2022-10-10,-0.9593474566949266
2022-10-11,-0.7627286087087858
2022-10-12,0.16278749465701198
2022-10-13,1.3323311999904541
2022-10-14,-2.661979961722883
2022-10-17,3.5456190808311963
2022-10-18,0.5115967124049926
2022-10-19,-1.1827209150017792
2022-10-20,0.14716041504481042
2022-10-21,0.8486922679968191
2022-10-24,1.3657361970802684
2022-10-25,1.793695339456457
2022-10-26,-10.223167792076216
2022-10-27,-2.460984961877722
2022-10-28,4.1163825477344975
2022-10-31,-2.099874217079135
2022-11-01,-4.586046863570759
2022-11-02,-3.9556034735958487
2022-11-03,-4.290421779565291
2022-11-04,3.6808177932046373
2022-11-07,2.1323652029887388
2022-11-08,0.20100794232706848
2022-11-09,-1.804826096056923
2022-11-10,7.368783255734599
2022-11-11,2.590335058032144
2022-11-14,-0.8181752148041409
2022-11-15,2.6708287929440235
2022-11-16,0.18126675247171947
2022-11-17,-0.5881006741030658
2022-11-18,-0.8050614664004262
2022-11-21,-2.126751715063447
2022-11-22,1.4612892682266165
2022-11-23,1.4274007140974143
2022-11-25,-1.3341209009732913
2022-11-28,-1.4847161478394943
2022-11-29,-0.9369716717896336
2022-11-30,6.014953673345124
2022-12-01,-0.25957122381685777
2022-12-02,-0.537176087472636
2022-12-05,-1.0485217529494284
2022-12-06,-2.6886327465528
2022-12-07,-2.3365904355479703
2022-12-08,-1.3610402638333474
2022-12-09,-1.0329483093959324
2022-12-12,0.4332272757114221
2022-12-13,2.3262969689807225
2022-12-14,-0.656835494358644
2022-12-15,-4.499865362184897
2022-12-16,-0.46536519588766906
2022-12-19,-1.9918182455943578
2022-12-20,0.4451141612046729
2022-12-21,0.5974685359448219
2022-12-22,-2.321514816458526
2022-12-23,1.64907246377488
2022-12-27,-2.2074054662439178
2022-12-28,-1.7777752832591764
2022-12-29,2.747381527571479
2022-12-30,-0.33949389705327887
2023-01-03,0.9953921746218998
2023-01-04,-1.2016758032886499
2023-01-05,-2.3030431295467455
2023-01-06,1.497404874902729
2023-01-09,0.6314552813385655
2023-01-10,0.40238772094924785
2023-01-11,3.236272074976009
2023-01-12,-0.4719535988939381
2023-01-13,0.8718124956493812
2023-01-17,-0.7839108682346617
2023-01-18,-0.5050387882443507
2023-01-19,2.2023724851294215
2023-01-20,5.4688673315579575
2023-01-23,1.8334759086874308
2023-01-24,-2.0877465862039433
2023-01-25,-2.6233763001679353
2023-01-26,2.389234323466093
2023-01-27,1.4591633304490637
2023-01-30,-2.8706552958594376
2023-01-31,1.849361143017857
2023-02-01,1.4580878098769945
2023-02-02,6.922373314874151
2023-02-03,-3.437662360819372
2023-02-06,-1.7690258674514026
2023-02-07,4.230105058267485
2023-02-08,-7.824996869281732
2023-02-09,-4.7381603414713656
2023-02-10,-0.722387227715272
2023-02-13,0.05562155837386299
2023-02-14,-0.1445181109098979
2023-02-15,2.1472191673596033
2023-02-16,-1.4605972838430026
2023-02-17,-1.3420913981161198
2023-02-21,-2.813836530373882
2023-02-22,-0.36383442389944604
2023-02-23,-0.8902570444893297
2023-02-24,-1.9985948443069346
2023-02-27,0.7440387073273537
2023-02-28,0.12985515170533718
2023-03-01,0.14043034937907167
2023-03-02,1.8773353789422786
2023-03-03,1.7436385725755998
2023-03-06,1.5537622780872995
2023-03-07,-1.5780711941817194
2023-03-08,0.4165614986923795
2023-03-09,-2.2167719300725484
2023-03-10,-1.888617855839515
2023-03-13,0.6197936916869419
2023-03-14,2.6946158822425783
2023-03-15,2.319161844975225
2023-03-16,4.483358420946159
2023-03-17,1.2740430851124296
2023-03-20,-0.610487981883635
2023-03-21,3.6723535890214034
2023-03-22,-1.6342947108858985
2023-03-23,1.8466166889245395
2023-03-24,-0.28026912077721106
2023-03-27,-2.9612218746419625
2023-03-28,-1.755155120263231
2023-03-29,0.43948512540035084
2023-03-30,-0.6626953253706224
2023-03-31,2.5188521388288745
2023-04-03,0.7793184081813055
2023-04-04,0.10811250286069012
2023-04-05,-0.2537261543482448
2023-04-06,3.6027431683643076
2023-04-10,-1.8987322796339312
2023-04-11,-0.8709507698740692
2023-04-12,-0.9435855657377933
2023-04-13,2.6916889717430994
2023-04-14,1.0751515117038524
2023-04-17,-2.9084309374531667
2023-04-18,-1.320956162655863
2023-04-19,-0.18704502456714606
2023-04-20,0.7425917289898488
2023-04-21,-0.08243890959740527
2023-04-24,0.7262369389960045
2023-04-25,-2.145014805299917
2023-04-26,-0.24494182467471687
2023-04-27,3.5924338517529844
2023-04-28,-0.23039336619634737
2023-05-01,-0.5642399410007447
2023-05-02,-1.7110692250173598
2023-05-03,0.040149260540344324
2023-05-04,-0.9530895728170795
2023-05-05,0.8588346701297257
2023-05-08,1.7966873913373804
2023-05-09,-0.3693889288649342
2023-05-10,3.8501545981081566
2023-05-11,3.940440996257321
2023-05-12,0.7768844866175452
2023-05-15,-0.9093130946245208
2023-05-16,2.549082585848227
2023-05-17,1.058948257792357
2023-05-18,1.5734748932510578
2023-05-19,-0.3106921871820721
2023-05-22,2.011625928060722
2023-05-23,-2.16290469490057
2023-05-24,-1.4392124181385368
2023-05-25,2.111566413241638
2023-05-26,0.7728873624187161
2023-05-30,-0.723675131662672
2023-05-31,-1.116034279164092
2023-06-01,0.7154317526724564
2023-06-02,0.5972448995063874
2023-06-05,1.0198704400226732
2023-06-06,0.9138900301951959
2023-06-07,-4.054917021712635
2023-06-08,-0.31173820513050826
2023-06-09,0.07104649717646253
2023-06-12,1.1054625004769159
2023-06-13,-0.027554925503304593
2023-06-14,-0.13205633601931593
2023-06-15,1.0353692483631372
2023-06-16,-1.4767005307757108
2023-06-20,-0.26128914300687184
2023-06-21,-2.2052813109920475
2023-06-22,2.0376950561428178
2023-06-23,-0.78044136800124
2023-06-26,-3.3386012328755275
2023-06-27,-0.1590691721625302
2023-06-28,1.6325317187224841
2023-06-29,-0.9795076080255659
2023-06-30,0.7048749049265214
2023-07-03,-0.43136331809849976
2023-07-05,1.6105430953863953
2023-07-06,-1.4878431537497916
2023-07-07,-0.7472820847006522
2023-07-10,-2.8514170430052896
2023-07-11,0.624304138831432
2023-07-12,1.5177549013193337
2023-07-13,4.171400967299887
2023-07-14,0.6026696572462898
2023-07-17,-0.6023158525260596
2023-07-18,-0.8785793733928192
2023-07-19,-1.1451105397657158
2023-07-20,-2.774540402519788
2023-07-21,0.5585717404970704
2023-07-24,1.2046460201868159
2023-07-25,0.6520007921731564
2023-07-26,5.352145171941535
2023-07-27,0.06997060136206726
2023-07-28,2.297154240057674
2023-07-31,-0.016703535505270116
2023-08-01,-1.0126294354640086
2023-08-02,-2.5869030576457295
2023-08-03,0.009136082805371183
2023-08-04,-0.27064473675342354
2023-08-07,2.5188476712129084
2023-08-08,-0.16767283933154614
2023-08-09,-1.3820340429530964
2023-08-10,-0.04575445938182029
2023-08-11,-0.12260150599401427
2023-08-14,1.1753274984677142
2023-08-15,-1.282281880003412
2023-08-16,-0.9862927874155557
2023-08-17,0.9483110968300447
2023-08-18,-1.9095883940045921
2023-08-21,0.5461577065674507
2023-08-22,0.495860938994296
2023-08-23,2.5861386578530645
2023-08-24,-2.2085537977186274
2023-08-25,0.11492379159256842
2023-08-28,0.7462910139205848
2023-08-29,2.676969905006098
2023-08-30,0.965307863071695
2023-08-31,0.21440162734911355
2023-09-01,-0.4930815481144056
2023-09-05,-0.15768646970235706
2023-09-06,-1.0768886557265722
2023-09-07,0.5193965890149189
2023-09-08,0.6396619348927092
2023-09-11,0.3009552846799703
2023-09-12,-1.3116953391681518
2023-09-13,0.953575378201842
2023-09-14,0.9859241459807978
2023-09-15,-0.5895346429181335
2023-09-18,0.38422693430326577
2023-09-19,-0.18547006930875837
2023-09-20,-3.1935490852571977
2023-09-21,-2.5210187991360886
2023-09-22,-0.17566131117707867
2023-09-25,0.6066389743987645
2023-09-26,-2.171289103037589
2023-09-27,1.4489405344497486
2023-09-28,1.1704585899675146
2023-09-29,-1.0579731922494295
2023-10-02,2.3949695839407195
2023-10-03,-1.4849755511592078
2023-10-04,2.111744077092025
2023-10-05,-0.29755618035978243
2023-10-06,1.9029423733862616
2023-10-09,0.4616471616373676
2023-10-10,-0.3071551084118394
2023-10-11,1.6881643246595013
2023-10-12,-1.0919071542461423
2023-10-13,-1.318237676841273
2023-10-16,1.276970898334694
2023-10-17,0.26340801821811327
2023-10-18,-1.3121334837520549
2023-10-19,-0.3075065919120999
2023-10-20,-1.7167477611499626
2023-10-23,0.752895291393484
2023-10-24,1.5051618876434014
2023-10-25,-10.183248727563422
2023-10-26,-2.6748607130908884
2023-10-27,-0.1242811929264019
2023-10-30,1.794597237154315
2023-10-31,-0.45035441999508136
2023-11-01,1.7035669802015307
2023-11-02,0.6967217838343077
2023-11-03,1.290683510918521
2023-11-06,0.7331380211917472
2023-11-07,0.6282168999816252
2023-11-08,0.5555914319156353
2023-11-09,-1.2769901705178788
2023-11-10,1.6918056141894888
2023-11-13,-0.4056740231151555
2023-11-14,1.2386600681641313
2023-11-15,0.6071855500728186
2023-11-16,1.5949506337869168
2023-11-17,-1.3689329066335587
2023-11-20,0.6212348523945134
2023-11-21,0.41439454754719124
2023-11-22,0.9130088589401221
2023-11-24,-1.3857294332737757
2023-11-27,-0.21491894017737861
2023-11-28,0.32017363989245057
2023-11-29,-1.7063387252387108
2023-11-30,-1.9267828418385824
2023-12-01,-0.5408972079521189
2023-12-04,-2.130198623516778
2023-12-05,1.2464651264296067
2023-12-06,-0.8196474176072731
2023-12-07,5.1116039137344185
2023-12-08,-1.407793548747206
2023-12-11,-1.521836346719253
2023-12-12,-0.8819305723504433
2023-12-13,0.15476387595965052
2023-12-14,-0.6682824749413517
2023-12-15,0.38746925656976033
2023-12-18,2.3803238491621794
2023-12-19,0.5692443595912468
2023-12-20,1.0314212261761868
2023-12-21,1.42880525062956
2023-12-22,0.5548481936312956
2023-12-26,-0.02182626055848943
2023-12-27,-1.0628137197620247
2023-12-28,-0.20507037290322755
2023-12-29,-0.33991085283136085
2024-01-02,-1.0687340788871025
2024-01-03,0.4797503934547133
2024-01-04,-1.7585779802793644
2024-01-05,-0.5638731596724132
2024-01-08,2.167891211573524
2024-01-09,1.3423012892128428
2024-01-10,0.774193679781442
2024-01-11,-0.18230745218128602
2024-01-12,0.30409827427388864
2024-01-16,-0.2028396024895916
2024-01-17,-0.921239216945514
2024-01-18,1.3670909943773724
2024-01-19,1.94261168170342
2024-01-22,-0.26773641625184125
2024-01-23,0.5626761888835697
2024-01-24,1.0251217914521982
2024-01-25,2.0727356556574197
2024-01-26,0.0057032291300930585
2024-01-29,0.5885582111910582
2024-01-30,-1.2546108878311435
2024-01-31,-7.726568978750261
2024-02-01,0.5478306940217105
2024-02-02,0.4880484984668189
2024-02-05,0.8718434641169938
2024-02-06,0.2387899766082437
2024-02-07,0.7777133422853789
2024-02-08,0.2756345545103169
2024-02-09,1.925394701783455
2024-02-12,-1.088692056198527
2024-02-13,-1.691342549976339
2024-02-14,0.4327998664662704
2024-02-15,-2.290658399376456
2024-02-16,-1.6179714274101598
2024-02-20,0.21803628647478662
2024-02-21,1.0548406959377077
2024-02-22,0.9318029408455376
2024-02-23,-0.112511952422457
2024-02-26,-4.69766233744553
2024-02-27,0.8764018223214033
2024-02-28,-2.0160617251773214
2024-02-29,1.6036564979584378
2024-03-01,-1.3155197966969523
2024-03-04,-2.942054411495244
2024-03-05,-0.4053461152421232
2024-03-06,-1.0080085269259753
2024-03-07,1.9097141729861755
2024-03-08,0.6815161855324038
2024-03-11,1.8338644738226095
2024-03-12,0.39636422384645614
2024-03-13,0.7284166734889953
2024-03-14,2.4125576197984824
2024-03-15,-1.606665391150509
2024-03-18,4.250810712764407
2024-03-19,-0.4697106531870841
2024-03-20,1.0909107408884056
2024-03-21,-0.7218408116237872
2024-03-22,1.9247727973742401
2024-03-25,-0.5012216389623579
2024-03-26,0.2713370181375953
2024-03-27,0.06621997392925918
2024-03-28,0.11853418629514849
2024-04-01,2.654776791183421
2024-04-02,-0.49524001446565974
2024-04-03,0.22840845575495722
2024-04-04,-2.9658117620410938
2024-04-05,1.2158679284622431
2024-04-08,1.327144562659276
2024-04-09,1.1809042852157547
2024-04-10,-0.39587488450483305
2024-04-11,1.8739849430539068
2024-04-12,-1.09193980546325
2024-04-15,-1.9047897219053544
2024-04-16,-0.3032034683401417
2024-04-17,0.47067014004065116
2024-04-18,0.2771576318576709
2024-04-19,-1.2030494332181851
2024-04-22,1.3300220310602506
2024-04-23,1.1476536517643454
2024-04-24,0.6432958258115508
2024-04-25,-2.0665488835398325
2024-04-26,9.4074929369089
2024-04-29,-3.482224435653981
2024-04-30,-2.052599301428005
2024-05-01,0.4714113635529084
2024-05-02,1.6385808689923331
2024-05-03,0.22224308687863642
2024-05-06,0.4039643183042276
2024-05-07,1.7459526664096658
2024-05-08,-1.1495920421742645
2024-05-09,0.15321755650041696
2024-05-10,-0.8465427450224948
2024-05-13,0.2657021077153256
2024-05-14,0.50901262081131
2024-05-15,1.0359364186706566
2024-05-16,0.7955977837443607
2024-05-17,0.9628099862858387
2024-05-20,0.5659034966453137
2024-05-21,0.5114828305601494
2024-05-22,-0.9533173815750705
2024-05-23,-1.7573543340009279
2024-05-24,0.6309981052272863
2024-05-28,0.8620003854822523
2024-05-29,-0.4407632859099185
2024-05-30,-2.2802290329858597
2024-05-31,0.13833680029386913
2024-06-03,0.17223012954914368
2024-06-04,0.3143560549201165
2024-06-05,1.0097955421114457
2024-06-06,0.6284113128637737
2024-06-07,-1.4466834131766204
2024-06-10,0.4076028141106515
2024-06-11,0.7874665846388619
2024-06-12,0.6740134503550034
2024-06-13,-1.6748164772984586
2024-06-14,0.8261448323555899
2024-06-17,0.1377438107952979
2024-06-18,-1.4037219326123795
2024-06-20,0.6196868010034374
2024-06-21,1.3328616437367147
2024-06-24,0.20171812751141788
2024-06-25,2.523129626436548
2024-06-26,-0.20509737438561088
2024-06-27,0.7087206499251532
2024-06-28,-1.9499608701595739
2024-07-01,0.48978539718225095
2024-07-02,1.050697109076969
2024-07-03,0.3252257974428953
2024-07-05,2.3176694280728096
2024-07-08,-0.8658645449840084
2024-07-09,-0.11287590264539389
2024-07-10,1.0671257581216886
2024-07-11,-2.913411485555729
2024-07-12,-0.36987648375384025
2024-07-15,0.6602006035747666
2024-07-16,-1.5315851648599177
2024-07-17,-1.6566159468431663
2024-07-18,-1.9712103998636776
2024-07-19,0.0029614412339053274
2024-07-22,2.091617548132673
2024-07-23,0.04436612300480106
2024-07-24,-5.249846492988231
2024-07-25,-3.125316676973023
2024-07-26,-0.3760464322876143
2024-07-29,1.3501683615766191
2024-07-30,0.3337872635205787
2024-07-31,0.6559464408175887
2024-08-01,-0.4969648129314895
2024-08-02,-2.468408111101118
2024-08-05,-4.80948299703592
2024-08-06,-0.15413081740940454
2024-08-07,0.038846783631351224
2024-08-08,1.8121430095758606
2024-08-09,0.8497382135695498
2024-08-12,-0.9663680694715692
2024-08-13,1.108593088382891
2024-08-14,-2.470311882484056
2024-08-15,0.6092246752017462
2024-08-16,0.8657413555861683
2024-08-19,2.105475485252283
2024-08-20,0.24013499872521565
2024-08-21,-0.8821543067124137
2024-08-22,-1.3767038314098434
2024-08-23,1.0735916610335339
2024-08-26,0.20631024953192595
2024-08-27,-1.0191353448893337
2024-08-28,-1.228247400199246
2024-08-29,-0.7628152683002886
2024-08-30,0.9492213856302046
2024-09-03,-4.1082224836803025
2024-09-04,-0.5975144053987923
2024-09-05,0.4074742009967149
2024-09-06,-4.256858627556538
2024-09-09,-1.6774831868888518
2024-09-10,0.22193660436886548
2024-09-11,1.3246395780862608
2024-09-12,2.111748479379182
2024-09-13,1.711233597201266
2024-09-16,0.2988727792728287
2024-09-17,0.7162127743822512
2024-09-18,0.2382799642324453
2024-09-19,1.4079151921610789
2024-09-20,0.7621213416189699
2024-09-23,-1.0500258392814443
2024-09-24,0.25705473293846554
2024-09-25,-0.4898682019917953
2024-09-26,0.4221785534766144
2024-09-27,0.795349282129786
2024-09-30,1.051065045622822
2024-10-01,0.6411284849299416
2024-10-02,-0.7530981932111002
2024-10-03,-0.1516609936267575
2024-10-04,0.7122537294017784
2024-10-07,-2.596874346035017
2024-10-08,0.7018589672200138
2024-10-09,-1.6979301983345307
2024-10-10,-0.018295692840309817
2024-10-11,0.7259588399180162
2024-10-14,1.0143156330015601
2024-10-15,0.2382063801136471
2024-10-16,-0.18776061711387554
2024-10-17,-1.4383186194931297
2024-10-18,0.2358578026413251
2024-10-21,0.3614982600562246
2024-10-22,0.5214644503766176
2024-10-23,-1.5045160097034282
2024-10-24,-0.06147317472244936
2024-10-25,1.3922300189181713
2024-10-28,0.7133088863467075
2024-10-29,1.5577571456877537
2024-10-30,2.7878548159071084
2024-10-31,-2.069964837395789
2024-11-01,-0.11504556540826812
2024-11-04,-1.2394624078343475
2024-11-05,0.33493826539980803
2024-11-06,3.8658680116464996
2024-11-07,2.098946965459424
2024-11-08,-1.4283693739414416
2024-11-11,1.0744338271864373
2024-11-12,0.6472701221936762
2024-11-13,-1.6476518304799248
2024-11-14,-1.8468893832213296
2024-11-15,-2.0620982687920684
2024-11-18,1.5677629444446717
2024-11-19,1.4683038419935224
2024-11-20,-1.3527187464936097
2024-11-21,-4.761321646973139
2024-11-22,-1.682080784490948
2024-11-25,1.610544473821539
2024-11-26,0.6080538508689716
2024-11-27,0.02528088827025058
2024-11-29,-0.28524406762546844
2024-12-02,1.3580645472941677
2024-12-03,-0.06874932691618527
2024-12-04,1.666934855200063
2024-12-05,-1.1078543593718193
2024-12-06,1.1510396389190924
2024-12-09,0.3665420336013571
2024-12-10,5.09588343450884
2024-12-11,5.22199401209622
2024-12-12,-1.6700219026859264
2024-12-13,-1.260682509836576
2024-12-16,3.3895190628547613
2024-12-17,-0.6180743778822394
2024-12-18,-3.691817502855544
2024-12-19,-0.32880906661614345
2024-12-20,1.6120531137209448
2024-12-23,1.4662155274238964
2024-12-24,0.7110437924694447
2024-12-26,-0.33003348838625085
2024-12-27,-1.6565568093630978
2024-12-30,-0.790035125977374
2024-12-31,-1.2664179885417026
2025-01-02,0.007854205089840173
2025-01-03,1.2110596969381981
2025-01-06,2.3782835516507053
2025-01-07,-0.7253101451319087
2025-01-08,-0.7651792811994139
2025-01-10,-1.234562101327642
2025-01-13,-0.5484519485894578
2025-01-14,-0.7388178899266028
2025-01-15,2.9648372634502476
2025-01-16,-1.405159310580496
2025-01-17,1.510382164799905
2025-01-21,0.9555220076151495
2025-01-22,0.10830865835396068
2025-01-23,-0.3170849637883731
2025-01-24,1.063860431758522
2025-01-27,-4.20192365596821
2025-01-28,1.596848385359072
2025-01-29,-0.03607946375992029
2025-01-30,2.6346155127576534
2025-01-31,1.3632091373603872
2025-02-03,-1.5420249382515527
2025-02-04,2.379328182789008
2025-02-05,-7.281821290536807
2025-02-06,-0.08669614289760305
2025-02-07,-3.335674635251552
2025-02-10,0.4729558830392601
2025-02-11,-0.6940967694577315
2025-02-12,-0.9724184215236474
2025-02-13,1.2207513071013965
2025-02-14,-0.6308998647929674
2025-02-18,-0.6661157471643319
2025-02-19,0.6214257282435954
2025-02-20,-0.354079731025637
2025-02-21,-2.8403914683402984
2025-02-24,-0.30687038087287105
2025-02-25,-2.2226998728063005
2025-02-26,-1.6086321008768734
2025-02-27,-2.695580743580207
2025-02-28,1.0820903108439184
2025-03-03,-2.1806469925109493
2025-03-04,2.223112593526876
2025-03-05,1.277550128099646
2025-03-06,-0.538593834825397
2025-03-07,0.7882373114299613
2025-03-10,-4.601026263818953
2025-03-11,-1.1883780988565695
2025-03-12,1.7112765520437045
2025-03-13,-2.650955299014713
2025-03-14,1.6473121294828574
2025-03-17,-0.7202652562006816
2025-03-18,-2.461061960179501
2025-03-19,2.1030759575030746
2025-03-20,-0.8343268785822265
2025-03-21,0.6325624878493964
2025-03-24,2.0975098440103803
2025-03-25,1.5771802908244525
2025-03-26,-3.4163890719099985
2025-03-27,-1.9396312001624294
2025-03-28,-5.103223755944631
2025-03-31,0.017009288476165375
2025-04-01,1.5901248283862957
2025-04-02,-0.10445340867051385
2025-04-03,-4.092531916990284
2025-04-04,-3.348138993833439
2025-04-07,0.9183078649299449
2025-04-08,-1.8902937032743827
2025-04-09,9.328694899914302
2025-04-10,-3.6886345654786776
2025-04-11,2.4688716837403692
2025-04-14,1.1984112081905296
2025-04-15,-1.8348578047312947
2025-04-16,-2.11625793862782
2025-04-17,-1.4776112449384604
2025-04-21,-2.4005362618840795
2025-04-22,2.568282401600962
2025-04-23,2.359969870400901
2025-04-24,2.2579456975972736
2025-04-25,1.371312535808643
2025-04-28,-0.9684410310774948
2025-04-29,-0.3137536532207062
2025-04-30,-0.8164594619817455
2025-05-01,1.0821517562170635
2025-05-02,1.7462971007984096
2025-05-05,0.05276869472205973
2025-05-06,-0.6050688237075673
2025-05-07,-7.8945678884561294
2025-05-08,1.8203701078228762
2025-05-09,-0.9753825669381887
2025-05-12,3.2209592323074734
2025-05-13,0.7256741693421932
2025-05-14,3.5215927245294534
2025-05-15,-0.9407285696634969
2025-05-16,1.1280022374130938
2025-05-19,0.17057156874089502
2025-05-20,-1.6225264170107734
2025-05-21,2.734943799689548
2025-05-22,1.0308244975078418
2025-05-23,-1.4913058667852097
2025-05-27,2.4637762311146663
2025-05-28,-0.4373109676331542
2025-05-29,-0.3344002338906425
2025-05-30,-0.1555018353810898
2025-06-02,-1.5370349278161177
2025-06-03,-1.6654622208424519
2025-06-04,0.9048589544305531
2025-06-05,0.15577255686947028
2025-06-06,2.8729881115807867
2025-06-09,1.5656696591308739
2025-06-10,1.2390992334576845
2025-06-11,-0.7719116715852136
2025-06-12,-1.1150330335645953
2025-06-13,-0.7096972606647666
2025-06-16,1.0725740297879527
2025-06-17,-0.4916670193690696
2025-06-18,-1.942669644051721
2025-06-20,-3.7503518303951164
2025-06-23,-1.1226034589529432
2025-06-24,0.9448424527486611
2025-06-25,2.119115616496069
2025-06-26,1.6079820496908803
2025-06-27,2.0857103098404597
2025-06-30,-0.5867214852945734
2025-07-01,-0.3628183893654278
2025-07-02,1.5062761279069237
2025-07-03,0.3466532455730355
2025-07-07,-1.7617808086532583
2025-07-08,-1.4527495280386893
2025-07-09,1.3253122177843346
2025-07-10,0.4918123130954068
2025-07-11,1.3581139743551895
2025-07-14,0.7320417871981223
2025-07-15,0.06664476461775051
2025-07-16,0.27339059356969914
2025-07-17,0.41292874476039815
2025-07-18,0.5772487853492815
2025-07-21,2.67156550208305
2025-07-22,0.4090986513826546
2025-07-23,-0.4046744471121198
2025-07-24,0.786723605204619
2025-07-25,0.3625931982121013
2025-07-28,-0.4325233769814983
2025-07-29,1.4523476577084737
2025-07-30,0.4210050672382994
2025-07-31,-2.4388920620834096
2025-08-01,-1.612230868456278
2025-08-04,2.9158824544472264
2025-08-05,-0.31178269382670193
2025-08-06,0.7239732902377883
2025-08-07,0.09077469961391485
2025-08-08,2.317045931851757
2025-08-11,-0.31974113124617715
2025-08-12,1.1550965879310249
2025-08-13,-0.6468969722471362
2025-08-14,0.29649039494878865
2025-08-15,0.44149642577042586
2025-08-18,-0.3949119189549553
2025-08-19,-0.9768588054267068
2025-08-20,-1.2342323753631546
2025-08-21,0.12269799215285275
2025-08-22,2.9034046492055534
2025-08-25,1.0815589348171828
2025-08-26,-0.6720482276699312
2025-08-27,0.0330923436145926
2025-08-28,1.8864035685621106
2025-08-29,0.45287151468167325
2025-09-02,-0.8156781653592359
2025-09-03,8.53926461657568
2025-09-04,0.5808952003874647
2025-09-05,0.9811852552598966
2025-09-08,-0.43292616259063094
2025-09-09,2.34655461817208
2025-09-10,-0.25036543851684284
2025-09-11,0.41610473479234317
2025-09-12,0.15702448897145688
2025-09-15,4.11850366164621
2025-09-16,-0.22700070927437294
2025-09-17,-0.7182771469035797
2025-09-18,0.8958354136081804
2025-09-19,1.0547844796071837
2025-09-22,-1.0207857305233559
2025-09-23,-0.3056440803233205
2025-09-24,-1.8952979694811367
2025-09-25,-0.6015736868518095
2025-09-26,0.1552175081072295
2025-09-29,-1.2392933623099245
2025-09-30,-0.4238876960383618
2025-10-01,0.7218888418235582
2025-10-02,0.26994476918733484
2025-10-03,-0.08375055102620807
2025-10-06,1.9404974323626634
2025-10-07,-1.848686538350487
2025-10-08,-0.7699192025439016
2025-10-09,-1.4247529440950102
2025-10-10,-2.0598290137821227
2025-10-13,2.8743483768395297
2025-10-14,0.5397244742960207
2025-10-15,2.125535041729675
2025-10-16,-0.024345265133108716
2025-10-17,0.6635639725520494
2025-10-20,1.1728124613049162
2025-10-21,-2.326597009590815
2025-10-22,0.38047771498186295
2025-10-23,0.38219554441123366
2025-10-24,2.5451888792279878
2025-10-27,3.4602738560533854
2025-10-28,-0.6491116334309109
2025-10-29,2.388025816862948
2025-10-30,2.3244568474466423
2025-10-31,-0.12023974295554225
2025-11-03,0.7209424407079491
2025-11-04,-2.2478441580546136
2025-11-05,2.2856045816241224
2025-11-06,0.11511939438963907
2025-11-07,-2.088251565221567
2025-11-10,3.727698864939443
2025-11-11,0.30309787807796157
2025-11-12,-1.5802240414600333
2025-11-13,-3.0256224366959525
2025-11-14,-0.8615108970233775
2025-11-17,2.972823388469136
2025-11-18,-0.3162065697718273
2025-11-19,2.687095638946845
2025-11-20,-1.1245085190195303
2025-11-21,3.1884398928933013
2025-11-24,5.9994507470124905
2025-11-25,1.518485109840183
2025-11-26,-1.1354911441127113
2025-11-28,-0.14182786294585453
2025-12-01,-1.666117733211282
2025-12-02,0.1933394752701591
2025-12-03,1.353250421310358
2025-12-04,-0.7898182990664592
2025-12-05,1.0635178747209417
2025-12-08,-2.427230852922536
2025-12-09,0.9521137771735456
2025-12-10,0.9257545754074438
2025-12-11,-2.392267265025728
2025-12-12,-1.1107479945580379
2025-12-15,-0.47906446481385073
2025-12-16,-0.607218562412749
2025-12-17,-3.2846683064686086
2025-12-18,1.7991556150555021
2025-12-19,1.4954648053618003
2025-12-22,0.7856413675539232
2025-12-23,1.2956988442041728
2025-12-24,-0.09502993680856706
2025-12-26,-0.31704885977197433
2025-12-29,-0.27299015142736677
2025-12-30,-0.04099875943357575
2025-12-31,-0.3305899780708064
